row_number	crash_date	crash_report_id	crash_time	collision_type	count_pedestrian	count_bicycle	scooter	wheel_chair	number_of_vehicles	street_or_highway	nearest_intersection	report_date	type_of_roadway	road_surface_condition	light_condition	weather_condition	manner_of_impact	hit_and_run	traffic_control	person_count	injury_count	most_serious_injury	number_of_lanes	lat_raw	lon_raw	has_st_number	is_intersection_null	address_sent_to_geocoder	api_coord_conf	best_coordinate_set	reason_for_qa	manually_qaed_record	final_lat	final_lon	year	month	pvd_nhood
3256	2011-12-17	107475	17:00:00	Pedestrian	1	NA	FALSE	FALSE	1	N MAIN ST	RANDALL ST	2011-12-17	Unknown	Dry	Dark - Lighted	Clear	Other	No	No Controls	2	1	Pain Reported	NA	41.83787	-71.40933	FALSE	FALSE	N Main Street and Randall Street, Providence, RI, USA	Med	Raw	NA	FALSE	41.83787	-71.40933	2011	December	College Hill
3255	2011-12-21	108193	17:55:00	Pedestrian	1	NA	FALSE	FALSE	1	POWER ST	IVES ST	2011-12-21	Two-Way , Not Divided	Wet	Dark - Lighted	Rain	Other	No	Stop Signs	2	1	Pain Reported	2	41.82368	-71.39231	FALSE	FALSE	Power Street and Ives Street, Providence, RI, USA	Med High	Raw	NA	FALSE	41.82368	-71.39231	2011	December	Fox Point
3254	2011-12-27	109884	18:04:00	Pedestrian	1	NA	FALSE	FALSE	1	WEYBOSSET ST	BROAD ST	2012-01-03	One-Way Trafficway	Wet	Dark - Lighted	Rain	Angle (Front - to - Side) Right Angle (Includes Broadside)	No	Flashing Traffic Control Signal	2	1	Pain Reported	2	41.82005	-71.41431	FALSE	FALSE	Weybosset Street and Broad Street, Providence, RI, USA	Med High	Raw	NA	FALSE	41.82005	-71.41431	2011	December	Downtown
3253	2011-12-29	109107	17:37:00	Pedestrian	1	NA	FALSE	FALSE	1	HOPE ST	CHACE AVE	2011-12-29	Two-Way , Not Divided	Dry	Dark - Lighted	Clear	Not a Collision Between Two Motor Vehicles in Transport	No	No Controls	3	1	Non-Incapacitating	NA	41.85605	-71.39154	FALSE	FALSE	Hope Street and Chace Ave, Providence, RI, USA	Med High	Raw	NA	FALSE	41.85605	-71.39154	2011	December	Hope
3252	2012-01-01	109470	03:52:00	Pedestrian	1	NA	FALSE	FALSE	1	PAVILION AVE	EDDY ST	2012-01-01	Two-Way , Not Divided	Wet	Dark - Not Lighted	Clear	Not a Collision Between Two Motor Vehicles in Transport	Yes	No Controls	1	1	Pain Reported	NA	41.79749	-71.40558	FALSE	FALSE	Pavilion Ave and Eddy Street, Providence, RI, USA	Med High	Raw	NA	FALSE	41.79749	-71.40558	2012	January	Lower South Providence
3251	2012-01-04	110204	15:40:00	Bicycle	NA	1	FALSE	FALSE	1	POTTERS AVE	SEABURY ST	2012-01-05	Two-Way , Not Divided	Dry	Daylight	Clear	Not a Collision Between Two Motor Vehicles in Transport	No	No Controls	2	1	Pain Reported	NA	41.80318	-71.43255	FALSE	FALSE	Potters Ave and Seabury Street, Providence, RI, USA	Med High	Raw	NA	FALSE	41.80318	-71.43255	2012	January	West End
3250	2012-01-06	110481	22:54:00	Pedestrian	1	NA	FALSE	FALSE	1	200 UNION AVE	WHITEHALL ST	2012-01-07	Two-Way , Not Divided	Dry	Dark - Lighted	Clear	Not a Collision Between Two Motor Vehicles in Transport	No	No Controls	3	1	Non-Incapacitating	NA	41.80778	-71.4439	TRUE	FALSE	200 Union Ave, Providence, RI, USA	High	Raw	NA	FALSE	41.80778	-71.4439	2012	January	Silver Lake
3249	2012-01-07	113774	16:56:00	Pedestrian	1	NA	FALSE	FALSE	1	Wickenden Street	HOPE ST	2012-01-25	Two-Way , Not Divided	Dry	Dark - Lighted	Clear	Other	No	Stop Signs	2	1	Incapacitating	2	41.81981	-71.39542	FALSE	FALSE	Wickenden Street and Hope Street, Providence, RI, USA	Med High	Raw	NA	FALSE	41.81981	-71.39542	2012	January	Fox Point
3248	2012-01-11	111363	17:28:00	Pedestrian	1	NA	FALSE	FALSE	1	WESTMINSTER ST EXIT	WESTMINSTER ST	2012-01-11	One-Way Trafficway	Dry	Dark - Not Lighted	Clear	Sideswipe, Same Direction	No	Traffic Control Signal	4	0	No Injury	2	41.81575	-71.43866	FALSE	FALSE	Westminster Street Exit and Westminster Street, Providence, RI, USA	Med	Raw	distance greater than 100m	TRUE	41.81575	-71.43866	2012	January	West End
3247	2012-01-12	114078	23:35:00	Pedestrian	1	NA	FALSE	FALSE	1	307 ALLENS AVE	ALLENS AVE	2012-01-12	Two-Way , Not Divided	Wet	Dark - Lighted	Rain	Not a Collision Between Two Motor Vehicles in Transport	No	No Controls	2	1	Pain Reported	NA	41.80486	-71.40223	TRUE	FALSE	307 Allens Ave, Providence, RI, USA	High	Raw	NA	FALSE	41.80486	-71.40223	2012	January	Lower South Providence
3246	2012-01-17	112343	14:52:00	Pedestrian	1	NA	FALSE	FALSE	1	N MAIN ST	OLNEY ST	2012-01-17	One-Way Trafficway	Wet	Daylight	Rain	Other	No	No Controls	4	1	Fatal	NA	41.83606	-71.4097	FALSE	FALSE	N Main Street and Olney Street, Providence, RI, USA	Med	Raw	distance greater than 100m	TRUE	41.83606	-71.4097	2012	January	College Hill
3244	2012-01-24	113411	10:14:00	Pedestrian	1	NA	FALSE	FALSE	1	1268 Broad St	PARKVIEW AVE	2012-01-24	Unknown	Dry	Daylight	Clear	Not a Collision Between Two Motor Vehicles in Transport	No	No Controls	2	1	Incapacitating	NA	41.79213	-71.40712	TRUE	FALSE	1268 Broad Street, Providence, RI, USA	High	Raw	NA	FALSE	41.79213	-71.40712	2012	January	Washington Park
3245	2012-01-24	113435	09:12:00	Bicycle	NA	1	FALSE	FALSE	1	BROAD ST	SERVICE ROAD 8	2012-01-24	One-Way Trafficway	Wet	Daylight	Clear	Angle (Front - to - Side) Right Angle (Includes Broadside)	No	Traffic Control Signal	6	1	Incapacitating	2	41.81796	-71.41629	FALSE	FALSE	Broad Street and Service Road 8, Providence, RI, USA	Med High	Raw	distance greater than 100m	TRUE	41.81796	-71.41629	2012	January	Downtown
3243	2012-01-25	113780	19:03:00	Bicycle	NA	1	FALSE	FALSE	1	RUGBY ST	THURBERS AVE	2012-01-25	Two-Way , Not Divided	Dry	Dark - Lighted	Clear	Other	No	No Controls	2	1	Pain Reported	NA	41.79963	-71.40726	FALSE	FALSE	Rugby Street and Thurbers Ave, Providence, RI, USA	Med High	Raw	NA	FALSE	41.79963	-71.40726	2012	January	Lower South Providence
3241	2012-01-26	113951	18:18:00	Pedestrian	1	NA	FALSE	FALSE	1	WESTMINSTER ST	CAHIR ST	2012-01-26	Two-Way , Not Divided	Wet	Dark - Lighted	Rain	Head-On (Front - to - Front)	No	No Controls	3	1	Pain Reported	NA	41.81828	-71.42005	FALSE	FALSE	Westminster Street and Cahir Street, Providence, RI, USA	Med High	Raw	NA	FALSE	41.81828	-71.42005	2012	January	Federal Hill
3242	2012-01-26	114842	17:03:00	Pedestrian	1	NA	FALSE	FALSE	1	ASHBURTON ST	RANDALL ST	2012-01-26	Two-Way, Divided, Unprotected (painted>4feet) Medium	Wet	Dark - Lighted	Sleet, Hail (Freezing Rain or Drizzle)	Not a Collision Between Two Motor Vehicles in Transport	No	No Controls	2	1	Pain Reported	2	41.83578	-71.41199	FALSE	FALSE	Ashburton Street and Randall Street, Providence, RI, USA	Med High	Raw	NA	FALSE	41.83578	-71.41199	2012	January	Mount Hope
3239	2012-01-27	114155	17:22:00	Pedestrian	1	NA	FALSE	FALSE	1	POTTERS AVE	HAMILTON ST	2012-01-27	Two-Way , Not Divided	Dry	Dark - Lighted	Clear	Not a Collision Between Two Motor Vehicles in Transport	Yes	Stop Signs	1	1	Pain Reported	NA	41.80188	-71.42265	FALSE	FALSE	Potters Ave and Hamilton Street, Providence, RI, USA	Med High	Raw	NA	FALSE	41.80188	-71.42265	2012	January	Elmwood
3240	2012-01-27	114192	14:02:00	Pedestrian	1	NA	FALSE	FALSE	1	GASPEE ST	FRANCIS ST	2012-01-28	Two-Way , Not Divided	Dry	Daylight	Cloudy	Not a Collision Between Two Motor Vehicles in Transport	No	No Controls	2	0	No Injury	2	41.82916	-71.41494	FALSE	FALSE	Gaspee Street and Francis Street, Providence, RI, USA	Med High	Raw	NA	FALSE	41.82916	-71.41494	2012	January	Downtown
3238	2012-01-29	114346	14:32:00	Pedestrian	1	NA	FALSE	FALSE	1	EMPIRE ST	WASHINGTON ST	2012-01-30	Two-Way , Not Divided	Dry	Daylight	Clear	Not a Collision Between Two Motor Vehicles in Transport	No	Traffic Control Signal	2	1	Pain Reported	3	41.82181	-71.41644	FALSE	FALSE	Empire Street and Washington Street, Providence, RI, USA	Med High	Raw	NA	FALSE	41.82181	-71.41644	2012	January	Downtown
3237	2012-01-30	114344	08:05:00	Pedestrian	2	NA	FALSE	FALSE	1	ROCHAMBEAU AVE	ELMGROVE AVE	2012-01-30	Two-Way , Not Divided	Dry	Daylight	Clear	Not a Collision Between Two Motor Vehicles in Transport	No	Stop Signs	4	2	Pain Reported	NA	41.84657	-71.39126	FALSE	FALSE	Rochambeau Ave and Elmgrove Ave, Providence, RI, USA	Med High	Raw	NA	FALSE	41.84657	-71.39126	2012	January	Blackstone
3236	2012-01-31	114756	19:15:00	Bicycle	NA	1	FALSE	FALSE	1	F C GREENE MEMORIAL BLVD	NORWOOD AVE	2012-02-01	Two-Way , Not Divided	Dry	Dark - Not Lighted	Clear	Not a Collision Between Two Motor Vehicles in Transport	No	No Controls	2	0	No Injury	NA	41.77983	-71.40607	FALSE	FALSE	F C Greene Memorial Blvd and Norwood Ave, Providence, RI, USA	Med High	Raw	NA	FALSE	41.77983	-71.40607	2012	January	South Elmwood
3235	2012-02-01	114736	15:38:00	Pedestrian	1	NA	FALSE	FALSE	1	BAXTER ST	NORWICH AVE	2012-02-01	Two-Way , Not Divided	Dry	Daylight	Clear	Other	Yes	No Controls	2	1	Pain Reported	NA	41.80273	-71.41628	FALSE	FALSE	Baxter Street and Norwich Ave, Providence, RI, USA	Med High	Raw	NA	FALSE	41.80273	-71.41628	2012	February	Lower South Providence
3233	2012-02-03	114979	12:18:00	Pedestrian	1	NA	FALSE	FALSE	1	Park Row	CANAL ST	2012-02-03	One-Way Trafficway	Dry	Daylight	Clear	Other	Yes	Stop Signs	4	1	Pain Reported	NA	41.82669	-71.40949	FALSE	FALSE	Park Row and Canal Street, Providence, RI, USA	Med High	Neither	distance greater than 100m	TRUE	41.828577	-71.41015	2012	February	College Hill
3234	2012-02-03	115721	09:21:00	Pedestrian	1	NA	FALSE	FALSE	1	CALIFORNIA AVE	EDDY ST	2012-02-08	Two-Way , Not Divided	Dry	Daylight	Clear	Other	No	No Controls	2	1	Pain Reported	NA	41.78814	-71.4025	FALSE	FALSE	California Ave and Eddy Street, Providence, RI, USA	Med High	Raw	NA	FALSE	41.78814	-71.4025	2012	February	Washington Park
3232	2012-02-06	115369	08:14:00	Pedestrian	1	NA	FALSE	FALSE	1	Dorrance St	Fulton St	2012-02-06	Two-Way , Not Divided	Dry	Daylight	Clear	Other	No	Traffic Control Signal	2	1	Pain Reported	2	41.82413	-71.41236	FALSE	FALSE	Dorrance Street and Fulton Street, Providence, RI, USA	Med High	Raw	NA	FALSE	41.82413	-71.41236	2012	February	Downtown
3231	2012-02-07	115799	15:49:00	Bicycle	NA	1	FALSE	FALSE	1	Bond St	Atwells Ave	2012-02-07	One-Way Trafficway	Dry	Daylight	Clear	Other	No	Stop Signs	2	0	No Injury	NA	41.82333	-71.42313	FALSE	FALSE	Bond Street and Atwells Ave, Providence, RI, USA	Med	Raw	NA	FALSE	41.82333	-71.42313	2012	February	Federal Hill
3230	2012-02-08	115749	09:41:00	Pedestrian	1	NA	FALSE	FALSE	1	OLNEYVILLE SQ	HARTFORD AVE	2012-02-08	Two-Way, Divided, Unprotected (painted>4feet) Medium	Dry	Daylight	Clear	Not a Collision Between Two Motor Vehicles in Transport	No	No Controls	2	0	No Injury	NA	41.81681	-71.44372	FALSE	FALSE	Olneyville Sq and Hartford Ave, Providence, RI, USA	Med	Raw	NA	FALSE	41.81681	-71.44372	2012	February	Olneyville
3228	2012-02-09	115943	17:50:00	Bicycle	NA	1	FALSE	FALSE	1	ROGER WILLIAMS AVE	ELMWOOD AVE	2012-02-09	Two-Way, Divided, Positive Median Barrier	Dry	Dark - Lighted	Clear	Angle (Front - to - Side) Right Angle (Includes Broadside)	No	Traffic Control Signal	3	1	Pain Reported	NA	41.78851	-71.42102	FALSE	FALSE	Roger Williams Ave and Elmwood Ave, Providence, RI, USA	Med High	Raw	NA	FALSE	41.78851	-71.42102	2012	February	Elmwood
3229	2012-02-09	117024	10:56:00	Pedestrian	1	NA	FALSE	FALSE	1	CRANSTON ST	ANTHONY AVE	2012-02-15	Two-Way, Divided, Unprotected (painted>4feet) Medium	Dry	Daylight	Clear	Sideswipe, Same Direction	Yes	No Controls	2	1	Pain Reported	NA	41.80423	-71.43868	FALSE	FALSE	Cranston Street and Anthony Ave, Providence, RI, USA	Med High	Raw	NA	FALSE	41.80423	-71.43868	2012	February	West End
3224	2012-02-10	116086	07:33:00	Pedestrian	1	NA	FALSE	FALSE	1	HARTFORD AVE	OPHELIA ST	2012-02-10	Two-Way , Not Divided	Dry	Daylight	Clear	Other	No	Stop Signs	3	1	Pain Reported	2	41.81934	-71.4641	FALSE	FALSE	Hartford Ave and Ophelia Street, Providence, RI, USA	Med High	Raw	NA	FALSE	41.81934	-71.4641	2012	February	Hartford
3225	2012-02-10	116228	14:06:00	Pedestrian	1	NA	FALSE	FALSE	1	WESTMINSTER ST	DEAN ST	2012-02-11	Two-Way , Not Divided	Dry	Daylight	Clear	Not a Collision Between Two Motor Vehicles in Transport	No	Traffic Control Signal	3	1	Pain Reported	NA	41.81822	-71.42018	FALSE	FALSE	Westminster Street and Dean Street, Providence, RI, USA	Med High	Raw	NA	FALSE	41.81822	-71.42018	2012	February	Federal Hill
3226	2012-02-10	116263	19:22:00	Bicycle	NA	NA	FALSE	FALSE	2	BERNON ST	CANDACE ST	2012-02-10	Two-Way , Not Divided	Dry	Dark - Lighted	Clear	Angle (Front - to - Side) Right Angle (Includes Broadside)	No	Stop Signs	4	1	Pain Reported	NA	41.83511	-71.4223	FALSE	FALSE	Bernon Street and Candace Street, Providence, RI, USA	Med High	Raw	NA	FALSE	41.83511	-71.4223	2012	February	Smith Hill
3227	2012-02-10	116524	22:15:00	Pedestrian	1	NA	FALSE	FALSE	1	WASHINGTON ST	EMPIRE ST	2012-02-12	Two-Way , Not Divided	Wet	Dark - Lighted	Rain	Other	Yes	Traffic Control Signal	3	1	Non-Incapacitating	NA	41.82182	-71.41645	FALSE	FALSE	Washington Street and Empire Street, Providence, RI, USA	Med	Raw	NA	FALSE	41.82182	-71.41645	2012	February	Downtown
3223	2012-02-13	116852	15:38:00	Pedestrian	1	NA	FALSE	FALSE	1	BENEDICT ST	CRANSTON ST	2012-02-13	Two-Way , Not Divided	Dry	Daylight	Clear	Not a Collision Between Two Motor Vehicles in Transport	Yes	No Controls	4	1	Pain Reported	NA	41.80576	-71.43816	FALSE	FALSE	Benedict Street and Cranston Street, Providence, RI, USA	Med High	Raw	NA	FALSE	41.80576	-71.43816	2012	February	West End
3220	2012-02-20	117769	12:26:00	Bicycle	NA	1	FALSE	FALSE	1	THAYER ST	CUSHING ST	2012-02-20	One-Way Trafficway	Dry	Daylight	Clear	Not a Collision Between Two Motor Vehicles in Transport	No	No Controls	3	0	No Injury	NA	41.83003	-71.4009	FALSE	FALSE	Thayer Street and Cushing Street, Providence, RI, USA	Med High	Raw	NA	FALSE	41.83003	-71.4009	2012	February	College Hill
3221	2012-02-20	117795	15:13:00	Bicycle	NA	1	FALSE	FALSE	1	Knight Street	ATWELLS AVE	2012-02-20	Two-Way, Divided, Positive Median Barrier	Dry	Daylight	Clear	Other	No	Stop Signs	2	1	Pain Reported	NA	41.82398	-71.43234	FALSE	FALSE	Knight Street and Atwells Ave, Providence, RI, USA	Med High	Raw	NA	FALSE	41.82398	-71.43234	2012	February	Federal Hill
3222	2012-02-20	117931	18:21:00	Pedestrian	1	NA	FALSE	FALSE	1	FALLON AVE	CHALKSTONE AVE	2012-02-20	Two-Way , Not Divided	Dry	Dark - Lighted	Clear	Not a Collision Between Two Motor Vehicles in Transport	No	No Controls	2	1	Pain Reported	NA	41.83235	-71.44335	FALSE	FALSE	Fallon Ave and Chalkstone Ave, Providence, RI, USA	Med High	Raw	NA	FALSE	41.83235	-71.44335	2012	February	Valley
3219	2012-02-22	117961	07:25:00	Bicycle	NA	1	FALSE	FALSE	1	US HWY 6 W EXIT	DEAN ST	2012-02-22	One-Way Trafficway	Wet	Daylight	Clear	Not a Collision Between Two Motor Vehicles in Transport	No	No Controls	3	1	Non-Incapacitating	NA	41.82657	-71.42605	FALSE	FALSE	Us Hwy 6 W Exit and Dean Street, Providence, RI, USA	Med	Raw	distance greater than 100m	TRUE	41.82657	-71.42605	2012	February	Smith Hill
3217	2012-02-24	118197	10:54:00	Pedestrian	1	NA	FALSE	FALSE	1	DELAINE STREET	MANTON AVE	2012-02-24	Two-Way , Not Divided	Wet	Daylight	Rain	Sideswipe, Same Direction	No	Traffic Control Signal	2	1	Pain Reported	2	41.818	-71.44458	FALSE	FALSE	Delaine Street and Manton Ave, Providence, RI, USA	Med High	Raw	NA	FALSE	41.818	-71.44458	2012	February	Olneyville
3218	2012-02-24	118347	18:24:00	Pedestrian	1	NA	FALSE	FALSE	1	WESTMINSTER ST	DEXTER ST	2012-02-25	Two-Way , Not Divided	Wet	Dark - Lighted	Rain	Not a Collision Between Two Motor Vehicles in Transport	No	No Controls	3	1	Pain Reported	NA	41.81659	-71.43134	FALSE	FALSE	Westminster Street and Dexter Street, Providence, RI, USA	Med High	Raw	NA	FALSE	41.81659	-71.43134	2012	February	West End
3215	2012-02-29	118900	06:54:00	Pedestrian	1	NA	FALSE	FALSE	1	705 ELMWOOD AVE	NA	2012-02-29	Unknown	Dry	Dawn	Clear	Not a Collision Between Two Motor Vehicles in Transport	No	No Controls	2	1	Pain Reported	NA	41.79281	-71.42339	TRUE	TRUE	705 Elmwood Ave, Providence, RI, USA	High	Raw	NA	FALSE	41.79281	-71.42339	2012	February	Elmwood
3216	2012-02-29	119504	14:23:00	Bicycle	NA	1	FALSE	FALSE	1	ELMWOOD AVE	RESERVOIR AVE	2012-03-03	Two-Way , Not Divided	Wet	Daylight	Snow	Not a Collision Between Two Motor Vehicles in Transport	No	Traffic Control Signal	3	1	Pain Reported	3	41.79795	-71.42614	FALSE	FALSE	Elmwood Ave and Reservoir Ave, Providence, RI, USA	Med High	Raw	NA	FALSE	41.79795	-71.42614	2012	February	West End
3213	2012-03-01	119203	18:53:00	Pedestrian	1	NA	FALSE	FALSE	1	FOUNTAIN ST	UNION ST	2012-03-01	One-Way Trafficway	Wet	Dark - Lighted	Snow	Angle (Front - to - Side) Right Angle (Includes Broadside)	No	Pavement Markings	2	1	Incapacitating	4	41.82437	-71.41499	FALSE	FALSE	Fountain Street and Union Street, Providence, RI, USA	Med High	Raw	NA	FALSE	41.82437	-71.41499	2012	March	Downtown
3214	2012-03-01	119543	20:30:00	Pedestrian	1	NA	FALSE	FALSE	1	Manton Ave	Onleyville Square	2012-03-01	Two-Way, Divided, Positive Median Barrier	Wet	Dark - Lighted	Rain	Head-On (Front - to - Front)	No	Traffic Control Signal	2	1	Pain Reported	NA	41.81701	-71.44357	FALSE	FALSE	Manton Ave and Onleyville Square, Providence, RI, USA	Med	Raw	NA	FALSE	41.81701	-71.44357	2012	March	Olneyville
3212	2012-03-02	119287	11:43:00	Pedestrian	1	NA	FALSE	FALSE	1	BLACKSTONE ST	EDDY ST	2012-03-02	Two-Way , Not Divided	Dry	Daylight	Clear	Head-On (Front - to - Front)	No	Stop Signs	4	2	Pain Reported	NA	41.81013	-71.40722	FALSE	FALSE	Blackstone Street and Eddy Street, Providence, RI, USA	Med High	Raw	NA	FALSE	41.81013	-71.40722	2012	March	Upper South Providence
3211	2012-03-07	120563	15:22:00	Pedestrian	1	NA	FALSE	TRUE	1	BRANCH AVENUE	VANDEWATER STREET	2012-03-10	Two-Way , Not Divided	Dry	Daylight	Clear	Other	No	Stop Signs	2	1	Pain Reported	NA	41.85367	-71.42883	FALSE	FALSE	Branch Avenue and Vandewater Street, Providence, RI, USA	Med High	Raw	NA	FALSE	41.85367	-71.42883	2012	March	Wanskuck
3210	2012-03-08	120255	09:11:00	Pedestrian	1	NA	FALSE	FALSE	1	387 CHARLES ST	SILVER SPRING ST	2012-03-08	Two-Way , Not Divided	Dry	Daylight	Clear	Head-On (Front - to - Front)	No	No Controls	3	1	Pain Reported	NA	41.84358	-71.41831	TRUE	FALSE	387 Charles Street, Providence, RI, USA	High	Raw	NA	FALSE	41.84358	-71.41831	2012	March	Charles
3209	2012-03-10	120622	00:20:00	Bicycle	1	NA	FALSE	FALSE	1	RADCLIFFE AVE	CHAD BROWN ST	2012-03-11	Two-Way , Not Divided	Dry	Dark - Not Lighted	Clear	Angle (Front - to - Side) Right Angle (Includes Broadside)	Yes	Stop Signs	1	1	Non-Incapacitating	NA	41.83927	-71.43113	FALSE	FALSE	Radcliffe Ave and Chad Brown Street, Providence, RI, USA	Med High	Raw	NA	FALSE	41.83927	-71.43113	2012	March	Elmhurst
3208	2012-03-12	121595	18:31:00	Pedestrian	1	NA	FALSE	FALSE	1	ELMDALE AVE	WEBSTER AVE	2012-03-15	Two-Way , Not Divided	Dry	Daylight	Clear	Not a Collision Between Two Motor Vehicles in Transport	No	No Controls	2	1	Pain Reported	NA	41.80746	-71.44785	FALSE	FALSE	Elmdale Ave and Webster Ave, Providence, RI, USA	Med High	Raw	NA	FALSE	41.80746	-71.44785	2012	March	Silver Lake
3206	2012-03-14	121281	08:34:00	Pedestrian	1	NA	FALSE	FALSE	1	Adalaide	Niagra	2012-03-14	Two-Way , Not Divided	Dry	Daylight	Cloudy	Not a Collision Between Two Motor Vehicles in Transport	Yes	Stop Signs	1	1	Pain Reported	2	41.79849	-71.42627	FALSE	FALSE	Adalaide and Niagra, Providence, RI, USA	Med High	Geocoded	distance greater than 100m	TRUE	41.7979925	-71.4182864	2012	March	Elmwood
3207	2012-03-14	121484	16:39:00	Bicycle	NA	1	FALSE	FALSE	1	NINIGRET AVE	ANTHONY AVE	2012-03-14	Two-Way , Not Divided	Dry	Daylight	Clear	Not a Collision Between Two Motor Vehicles in Transport	Yes	No Controls	2	1	Pain Reported	NA	41.80364	-71.43704	FALSE	FALSE	Ninigret Ave and Anthony Ave, Providence, RI, USA	Med High	Raw	NA	FALSE	41.80364	-71.43704	2012	March	West End
3205	2012-03-15	121825	23:22:00	Pedestrian	1	NA	FALSE	FALSE	1	PINE ST	DORRANCE ST	2012-03-16	Two-Way , Not Divided	Dry	Dark - Lighted	Clear	Not a Collision Between Two Motor Vehicles in Transport	No	Traffic Control Signal	5	0	No Injury	NA	41.82241	-71.41013	FALSE	FALSE	Pine Street and Dorrance Street, Providence, RI, USA	Med High	Raw	NA	FALSE	41.82241	-71.41013	2012	March	Downtown
3204	2012-03-16	122675	21:00:00	Bicycle	NA	1	FALSE	FALSE	1	BROAD ST	SERVICE ROAD 7	2012-03-16	Two-Way , Not Divided	Dry	Dark - Lighted	Clear	Other	No	No Controls	3	1	Pain Reported	NA	41.81717	-71.41739	FALSE	FALSE	Broad Street and Service Road 7, Providence, RI, USA	Med	Raw	NA	FALSE	41.81717	-71.41739	2012	March	Upper South Providence
3203	2012-03-17	122092	19:25:00	Pedestrian	3	NA	FALSE	FALSE	1	WARRINGTON ST	MELROSE ST	2012-03-17	Two-Way , Not Divided	Dry	Dark - Lighted	Clear	Not a Collision Between Two Motor Vehicles in Transport	No	No Controls	4	3	Incapacitating	NA	41.79427	-71.42058	FALSE	FALSE	Warrington Street and Melrose Street, Providence, RI, USA	Med High	Raw	NA	FALSE	41.79427	-71.42058	2012	March	Elmwood
3201	2012-03-18	122087	19:58:00	Bicycle	NA	1	FALSE	FALSE	1	WICKENDEN ST	HOPE ST	2012-03-18	Two-Way , Not Divided	Dry	Dark - Not Lighted	Clear	Angle (Front - to - Side) Same Direction	No	Stop Signs	2	1	Incapacitating	NA	41.81977	-71.39554	FALSE	FALSE	Wickenden Street and Hope Street, Providence, RI, USA	Med High	Raw	NA	FALSE	41.81977	-71.39554	2012	March	Fox Point
3202	2012-03-18	122101	02:10:00	Pedestrian	1	NA	FALSE	FALSE	1	South Main street	COLLEGE ST	2012-03-18	One-Way Trafficway	Dry	Dark - Lighted	Clear	Not a Collision Between Two Motor Vehicles in Transport	Yes	No Controls	4	1	Non-Incapacitating	2	41.82564	-71.40784	FALSE	FALSE	South Main Street and College Street, Providence, RI, USA	Med High	Raw	NA	FALSE	41.82564	-71.40784	2012	March	Downtown
3200	2012-03-19	122187	16:57:00	Bicycle	NA	1	FALSE	FALSE	1	PROGRESS AVE	TERRACE AVE	2012-03-19	Two-Way , Not Divided	Dry	Daylight	Clear	Other	No	No Controls	2	0	No Injury	NA	41.80815	-71.45059	FALSE	FALSE	Progress Ave and Terrace Ave, Providence, RI, USA	Med High	Raw	NA	FALSE	41.80815	-71.45059	2012	March	Silver Lake
3199	2012-03-20	122281	14:58:00	Pedestrian	1	NA	FALSE	FALSE	1	WESTMINSTER ST	ROUTE 10	2012-03-20	Two-Way , Not Divided	Dry	Daylight	Clear	Head-On (Front - to - Front)	No	Traffic Control Signal	3	1	Incapacitating	2	41.81592	-71.43943	FALSE	FALSE	Westminster Street and Route 10, Providence, RI, USA	Med High	Raw	distance greater than 100m	TRUE	41.81592	-71.43943	2012	March	Olneyville
3198	2012-03-21	122461	13:19:00	Pedestrian	1	NA	FALSE	FALSE	1	Broad Street	OXFORD ST	2012-03-21	Two-Way , Not Divided	Dry	Daylight	Clear	Not a Collision Between Two Motor Vehicles in Transport	No	Traffic Control Signal	2	1	Pain Reported	NA	41.80043	-71.41742	FALSE	FALSE	Broad Street and Oxford Street, Providence, RI, USA	Med	Raw	NA	FALSE	41.80043	-71.41742	2012	March	Elmwood
3196	2012-03-22	122636	18:05:00	Pedestrian	1	NA	FALSE	FALSE	1	PLAINFIELD ST	WEBSTER AVE	2012-03-22	Two-Way , Not Divided	Dry	Daylight	Clear	Not a Collision Between Two Motor Vehicles in Transport	Yes	No Controls	1	1	Pain Reported	NA	41.81367	-71.45059	FALSE	FALSE	Plainfield Street and Webster Ave, Providence, RI, USA	Med High	Raw	NA	FALSE	41.81367	-71.45059	2012	March	Silver Lake
3197	2012-03-22	122699	08:00:00	Pedestrian	1	NA	FALSE	FALSE	1	MANTON AVE	FRUIT HILL AVE	2012-03-23	Two-Way , Not Divided	Dry	Daylight	Clear	Other	No	Traffic Control Signal	2	0	No Injury	NA	41.83388	-71.46783	FALSE	FALSE	Manton Ave and Fruit Hill Ave, Providence, RI, USA	Med High	Raw	NA	FALSE	41.83388	-71.46783	2012	March	Manton
3195	2012-03-23	122791	22:18:00	Pedestrian	1	NA	FALSE	FALSE	1	CHALKSTONE AVE	GENEVA ST	2012-03-23	Two-Way , Not Divided	Dry	Dark - Lighted	Clear	Head-On (Front - to - Front)	Yes	No Controls	3	1	Pain Reported	NA	41.83227	-71.44094	FALSE	FALSE	Chalkstone Ave and Geneva Street, Providence, RI, USA	Med High	Raw	NA	FALSE	41.83227	-71.44094	2012	March	Valley
3194	2012-03-25	123759	04:03:00	Pedestrian	1	NA	FALSE	FALSE	1	HOLDEN ST	SMITH ST	2012-03-25	Two-Way , Not Divided	Wet	Dark - Lighted	Rain	Other	No	No Controls	3	1	Pain Reported	NA	41.83221	-71.41802	FALSE	FALSE	Holden Street and Smith Street, Providence, RI, USA	Med High	Raw	NA	FALSE	41.83221	-71.41802	2012	March	Smith Hill