row_number	crash_date	crash_report_id	crash_time	collision_type	count_pedestrian	count_bicycle	scooter	wheel_chair	number_of_vehicles	street_or_highway	nearest_intersection	report_date	type_of_roadway	road_surface_condition	light_condition	weather_condition	manner_of_impact	hit_and_run	traffic_control	person_count	injury_count	most_serious_injury	number_of_lanes	lat_raw	lon_raw	has_st_number	is_intersection_null	address_sent_to_geocoder	api_coord_conf	best_coordinate_set	reason_for_qa	manually_qaed_record	final_lat	final_lon	year	month	pvd_nhood
3128	2012-06-20	135039	11:18:00	Bicycle	NA	1	FALSE	FALSE	1	HUNTINGTON AVENUE	PLYMOUTH AVENUE	2012-06-20	Two-Way , Not Divided	Dry	Daylight	Clear	Angle (Front - to - Side) Right Angle (Includes Broadside)	No	Stop Signs	3	1	Pain Reported	4	41.83763	-71.43363	FALSE	FALSE	Huntington Avenue and Plymouth Avenue, Providence, RI, USA	Med High	Geocoded	distance greater than 100m	TRUE	41.801147	-71.432198	2012	June	West End
3129	2012-06-20	135784	10:14:00	Bicycle	NA	1	FALSE	FALSE	1	1229 WESTMINSTER ST	HAMMOND ST	2012-06-26	Two-Way , Not Divided	Dry	Daylight	Clear	Angle (Front - to - Side) Right Angle (Includes Broadside)	No	No Controls	2	1	Pain Reported	2	41.81683	-71.42915	TRUE	FALSE	1229 Westminster Street, Providence, RI, USA	High	Raw	NA	FALSE	41.81683	-71.42915	2012	June	West End
3126	2012-06-23	135423	11:25:00	Bicycle	NA	1	FALSE	FALSE	1	ATWELLS AVE	CUTLER ST	2012-06-23	Two-Way , Not Divided	Dry	Daylight	Clear	Angle (Front - to - Side) Same Direction	No	No Controls	3	1	Pain Reported	NA	41.82468	-71.44157	FALSE	FALSE	Atwells Ave and Cutler Street, Providence, RI, USA	Med High	Raw	NA	FALSE	41.82468	-71.44157	2012	June	Olneyville
3127	2012-06-23	135438	19:08:00	Bicycle	NA	1	FALSE	FALSE	1	Morning Star Row	PINE ST	2012-06-23	Unknown	Dry	Daylight	Clear	Angle (Front - to - Side) Right Angle (Includes Broadside)	No	No Controls	7	1	Pain Reported	NA	41.81157	-71.42005	FALSE	FALSE	Morning Star Row and Pine Street, Providence, RI, USA	Med	Raw	NA	FALSE	41.81157	-71.42005	2012	June	Upper South Providence
3123	2012-06-24	135526	10:47:00	Pedestrian	2	NA	FALSE	TRUE	1	PLAINFIELD ST	744 PLAINFIELD ST - INDOORS	2012-06-24	Unknown	Dry	Daylight	Clear	Rear End(Front-to-Rear)	No	No Controls	3	1	Pain Reported	NA	41.81043	-71.4623	FALSE	FALSE	Plainfield Street and 744 Plainfield St - Indoors, Providence, RI, USA	Med High	Raw	NA	FALSE	41.81043	-71.4623	2012	June	Silver Lake
3124	2012-06-24	135562	19:10:00	Bicycle	NA	1	FALSE	FALSE	1	PROMENADE ST	DEAN ST	2012-06-24	One-Way Trafficway	Dry	Daylight	Clear	Not a Collision Between Two Motor Vehicles in Transport	No	Yield Signs	7	0	No Injury	NA	41.82941	-71.42624	FALSE	FALSE	Promenade Street and Dean Street, Providence, RI, USA	Med High	Raw	NA	FALSE	41.82941	-71.42624	2012	June	Smith Hill
3125	2012-06-24	135839	18:26:00	Bicycle	NA	1	FALSE	FALSE	1	Gallup Street	BROAD ST	2012-06-26	Two-Way , Not Divided	Dry	Daylight	Clear	Angle (Front - to - Side) Right Angle (Includes Broadside)	No	Stop Signs	2	1	Pain Reported	NA	41.79932	-71.41591	FALSE	FALSE	Gallup Street and Broad Street, Providence, RI, USA	Med High	Raw	NA	FALSE	41.79932	-71.41591	2012	June	Elmwood
3120	2012-06-26	135791	10:41:00	Bicycle	NA	1	FALSE	FALSE	1	WASHINGTON ST	CLEMENCE ST	2012-06-26	Two-Way , Not Divided	Dry	Daylight	Clear	Other	No	No Controls	4	1	Pain Reported	2	41.82334	-71.41438	FALSE	FALSE	Washington Street and Clemence Street, Providence, RI, USA	Med High	Raw	NA	FALSE	41.82334	-71.41438	2012	June	Downtown
3121	2012-06-26	135826	15:27:00	Bicycle	NA	1	FALSE	FALSE	1	MEMORIAL BLVD	STEEPLE ST	2012-06-26	One-Way Trafficway	Dry	Daylight	Clear	Angle - Direction Not Specified	No	Traffic Control Signal	4	1	Pain Reported	2	41.82677	-71.41063	FALSE	FALSE	Memorial Blvd and Steeple Street, Providence, RI, USA	Med	Raw	distance greater than 100m	TRUE	41.82677	-71.41063	2012	June	Downtown
3119	2012-06-28	135994	12:32:00	Bicycle	NA	1	FALSE	FALSE	1	CHALKSTONE AVE	FALLON AVE	2012-06-28	Two-Way , Not Divided	Dry	Daylight	Clear	Rear End(Front-to-Rear)	No	No Controls	4	1	Non-Incapacitating	2	41.83234	-71.44337	FALSE	FALSE	Chalkstone Ave and Fallon Ave, Providence, RI, USA	Med High	Raw	NA	FALSE	41.83234	-71.44337	2012	June	Valley
3117	2012-06-29	136370	21:46:00	Bicycle	NA	1	FALSE	FALSE	1	Knight St	WASHINGTON ST	2012-07-01	Two-Way , Not Divided	Dry	Dark - Lighted	Clear	Angle (Front - to - Side) Right Angle (Includes Broadside)	Yes	No Controls	2	0	No Injury	2	41.81775	-71.42688	FALSE	FALSE	Knight Street and Washington Street, Providence, RI, USA	Med High	Raw	NA	FALSE	41.81775	-71.42688	2012	June	Federal Hill
3118	2012-06-29	136409	16:25:00	Pedestrian	1	NA	FALSE	FALSE	1	F C GREENE MEMORIAL BLVD	MARION AVE	2012-07-01	Two-Way , Not Divided	Dry	Daylight	Clear	Unknown	Yes	No Controls	1	0	No Injury	NA	41.78669	-71.40754	FALSE	FALSE	F C Greene Memorial Blvd and Marion Ave, Providence, RI, USA	Med High	Raw	NA	FALSE	41.78669	-71.40754	2012	June	South Elmwood
3116	2012-06-30	136225	00:40:00	Bicycle	NA	1	FALSE	FALSE	1	SACRAMENTO ST	GLENBRIDGE AVE	2012-06-30	Two-Way , Not Divided	Dry	Dark - Lighted	Clear	Not a Collision Between Two Motor Vehicles in Transport	Yes	No Controls	1	1	Pain Reported	NA	41.82402	-71.45977	FALSE	FALSE	Sacramento Street and Glenbridge Ave, Providence, RI, USA	Med High	Raw	NA	FALSE	41.82402	-71.45977	2012	June	Manton
3115	2012-07-01	136694	11:06:00	Bicycle	NA	1	FALSE	FALSE	1	ACADEMY AVE	NEWARK ST	2012-07-05	Two-Way , Not Divided	Dry	Daylight	Clear	Not a Collision Between Two Motor Vehicles in Transport	No	Stop Signs	2	1	Pain Reported	2	41.82544	-71.4434	FALSE	FALSE	Academy Ave and Newark Street, Providence, RI, USA	Med High	Raw	NA	FALSE	41.82544	-71.4434	2012	July	Mount Pleasant
3114	2012-07-04	136616	12:32:00	Bicycle	NA	1	FALSE	FALSE	1	MOUNT PLEASANT AVENUE	CHALKSTONE AVENUE	2012-07-04	Two-Way , Not Divided	Dry	Daylight	Clear	Angle (Front - to - Side) Right Angle (Includes Broadside)	No	Traffic Control Signal	3	1	Pain Reported	2	41.81499	-71.37472	FALSE	FALSE	Mount Pleasant Avenue and Chalkstone Avenue, Providence, RI, USA	Med High	Geocoded	distance greater than 100m	TRUE	41.83271	-71.4497544	2012	July	Mount Pleasant
3112	2012-07-08	137099	16:37:00	Pedestrian	1	NA	FALSE	FALSE	1	BANCROFT ST	KELLEY ST	2012-07-09	Unknown	Dry	Daylight	Clear	Not a Collision Between Two Motor Vehicles in Transport	Yes	No Controls	1	1	Pain Reported	NA	41.81299	-71.44798	FALSE	FALSE	Bancroft Street and Kelley Street, Providence, RI, USA	Med High	Raw	NA	FALSE	41.81299	-71.44798	2012	July	Silver Lake
3109	2012-07-09	137117	16:44:00	Bicycle	NA	1	FALSE	FALSE	1	ALLSTON ST	RIVER AVE	2012-07-09	Two-Way , Not Divided	Dry	Daylight	Clear	Angle (Front - to - Side) Right Angle (Includes Broadside)	No	Stop Signs	3	1	Pain Reported	NA	41.8298	-71.43651	FALSE	FALSE	Allston Street and River Ave, Providence, RI, USA	Med High	Raw	NA	FALSE	41.8298	-71.43651	2012	July	Valley
3110	2012-07-09	137136	17:04:00	Pedestrian	1	NA	FALSE	FALSE	1	Hannah st	AMSTERDAM ST	2012-07-09	Two-Way , Not Divided	Dry	Daylight	Clear	Not a Collision Between Two Motor Vehicles in Transport	Yes	No Controls	1	1	Pain Reported	2	41.82435	-71.4487	FALSE	FALSE	Hannah Street and Amsterdam Street, Providence, RI, USA	Med High	Raw	NA	FALSE	41.82435	-71.4487	2012	July	Olneyville
3111	2012-07-09	137173	22:24:00	Pedestrian	1	NA	FALSE	FALSE	1	KINSLEY AVE	PARK ST	2012-07-09	One-Way Trafficway	Dry	Dark - Lighted	Clear	Not a Collision Between Two Motor Vehicles in Transport	No	No Controls	4	1	Pain Reported	NA	41.82754	-71.41768	FALSE	FALSE	Kinsley Ave and Park Street, Providence, RI, USA	Med	Raw	distance greater than 100m	TRUE	41.82754	-71.41768	2012	July	Downtown
3107	2012-07-13	137573	08:33:00	Pedestrian	1	NA	FALSE	FALSE	1	DORRANCE STREET	WEYBOSSET STREET	2012-07-13	Two-Way , Not Divided	Dry	Daylight	Clear	Other	No	Traffic Control Signal	4	1	Pain Reported	2	41.82241	-71.41013	FALSE	FALSE	Dorrance Street and Weybosset Street, Providence, RI, USA	Med High	Geocoded	distance greater than 100m	TRUE	41.8230796	-71.4109933	2012	July	Downtown
3108	2012-07-13	137628	17:07:00	Pedestrian	1	NA	TRUE	FALSE	1	JEWETT ST	CALAIS ST	2012-07-13	Two-Way , Not Divided	Dry	Daylight	Clear	Other	No	No Controls	2	1	Pain Reported	NA	41.83224	-71.42005	FALSE	FALSE	Jewett Street and Calais Street, Providence, RI, USA	Med High	Raw	NA	FALSE	41.83224	-71.42005	2012	July	Smith Hill
3106	2012-07-14	137724	21:19:00	Bicycle	NA	1	FALSE	FALSE	1	HOPE ST	GLENDALE AVE	2012-07-14	Two-Way , Not Divided	Sand	Dark - Lighted	Clear	Not a Collision Between Two Motor Vehicles in Transport	No	No Controls	2	1	Non-Incapacitating	NA	41.84739	-71.39582	FALSE	FALSE	Hope Street and Glendale Ave, Providence, RI, USA	Med High	Raw	NA	FALSE	41.84739	-71.39582	2012	July	Hope
3105	2012-07-16	137891	15:12:00	Bicycle	NA	1	FALSE	FALSE	1	MANTON AVE	ORTOLEVA DR	2012-07-16	Two-Way , Not Divided	Dry	Daylight	Clear	Not a Collision Between Two Motor Vehicles in Transport	No	Traffic Control Signal	2	0	No Injury	2	41.82589	-71.45777	FALSE	FALSE	Manton Ave and Ortoleva Dr, Providence, RI, USA	Med High	Raw	NA	FALSE	41.82589	-71.45777	2012	July	Olneyville
3104	2012-07-17	138035	14:33:00	Pedestrian	1	NA	FALSE	FALSE	1	WHITEHALL ST	21-23 WHITEHALL ST	2012-07-17	Two-Way , Not Divided	Dry	Daylight	Clear	Head-On (Front - to - Front)	No	No Controls	4	1	Pain Reported	NA	41.81222	-71.446	FALSE	FALSE	Whitehall Street and 21-23 Whitehall Street, Providence, RI, USA	Med High	Raw	NA	FALSE	41.81222	-71.446	2012	July	Silver Lake
3103	2012-07-18	138164	11:44:00	Bicycle	NA	1	FALSE	FALSE	1	POINT ST	EDDY ST	2012-07-18	Two-Way, Divided, Positive Median Barrier	Dry	Daylight	Clear	Angle (Front - to - Side) Right Angle (Includes Broadside)	No	Traffic Control Signal	7	1	Incapacitating	4	41.81687	-71.40648	FALSE	FALSE	Point Street and Eddy Street, Providence, RI, USA	Med High	Raw	NA	FALSE	41.81687	-71.40648	2012	July	Downtown
3102	2012-07-19	138370	22:26:00	Bicycle	NA	1	FALSE	FALSE	1	KILLINGLY ST	HARTFORD AVE	2012-07-19	Two-Way , Not Divided	Dry	Dark - Lighted	Clear	Angle (Front - to - Side) Opposite Direction	No	Traffic Control Signal	4	1	Non-Incapacitating	NA	41.81998	-71.46893	FALSE	FALSE	Killingly Street and Hartford Ave, Providence, RI, USA	Med High	Raw	NA	FALSE	41.81998	-71.46893	2012	July	Hartford
3100	2012-07-20	138388	09:08:00	Pedestrian	1	NA	FALSE	FALSE	1	NORTH MAIN STREET	5TH STREET	2012-07-20	Two-Way , Not Divided	Dry	Daylight	Cloudy	Other	No	Stop Signs	6	0	No Injury	4	41.8338	-71.41646	FALSE	FALSE	North Main Street and 5th Street, Providence, RI, USA	Med	Geocoded	distance greater than 100m	TRUE	41.8523836	-71.4015871	2012	July	Hope
3101	2012-07-20	138398	12:23:00	Pedestrian	1	NA	FALSE	FALSE	1	622 ELMWOOD AVE	ELMWOOD AVE	2012-07-20	Two-Way, Divided, Positive Median Barrier	Wet	Daylight	Cloudy	Other	Yes	No Controls	2	0	No Injury	4	41.81023	-71.42382	TRUE	FALSE	622 Elmwood Ave, Providence, RI, USA	High	Geocoded	distance greater than 100m	TRUE	41.7951421	-71.4243352	2012	July	Elmwood
3099	2012-07-22	138580	02:45:00	Pedestrian	1	NA	FALSE	FALSE	1	HUXLEY AVE	VENTURA ST	2012-07-22	Two-Way , Not Divided	Dry	Dark - Lighted	Clear	Not a Collision Between Two Motor Vehicles in Transport	Yes	No Controls	4	1	Incapacitating	NA	41.84473	-71.433	FALSE	FALSE	Huxley Ave and Ventura Street, Providence, RI, USA	Med High	Raw	NA	FALSE	41.84473	-71.433	2012	July	Elmhurst
3096	2012-07-25	139202	15:03:00	Bicycle	NA	1	FALSE	FALSE	1	Morning Star Row	NA	2012-07-25	Two-Way , Not Divided	Dry	Daylight	Clear	Not a Collision Between Two Motor Vehicles in Transport	No	No Controls	3	1	Non-Incapacitating	NA	41.82998	-71.41106	FALSE	TRUE	Morning Star Row, Providence, RI, USA	Inaccurate	Geocoded	distance greater than 100m	TRUE	41.8117092	-71.4203048	2012	July	Upper South Providence
3097	2012-07-25	139251	22:32:00	Bicycle	NA	1	FALSE	FALSE	1	COLLEGE ST	S MAIN ST	2012-07-26	One-Way Trafficway	Dry	Dark - Lighted	Clear	Angle (Front - to - Side) Right Angle (Includes Broadside)	No	Traffic Control Signal	5	0	No Injury	NA	41.82564	-71.40784	FALSE	FALSE	College Street and S Main Street, Providence, RI, USA	Med	Raw	NA	FALSE	41.82564	-71.40784	2012	July	Downtown
3098	2012-07-25	139252	23:00:00	Pedestrian	1	NA	FALSE	FALSE	1	754 Plainfield Street	DUXBURY ST	2012-07-26	Two-Way , Not Divided	Dry	Dark - Lighted	Clear	Not a Collision Between Two Motor Vehicles in Transport	No	No Controls	2	1	Pain Reported	NA	41.8102	-71.4624	TRUE	FALSE	754 Plainfield Street, Providence, RI, USA	High	Raw	NA	FALSE	41.8102	-71.4624	2012	July	Silver Lake
3094	2012-07-28	139498	12:38:00	Bicycle	NA	NA	FALSE	FALSE	2	649 NORTH MAIN STREET	DOYLE AVENUE	2012-07-28	Two-Way , Not Divided	Dry	Daylight	Clear	Rear End(Front-to-Rear)	Yes	No Controls	2	0	No Injury	2	41.83618	-71.41545	TRUE	FALSE	649 North Main Street, Providence, RI, USA	High	Geocoded	distance greater than 100m	TRUE	41.8381141	-71.4088231	2012	July	College Hill
3095	2012-07-28	139534	16:29:00	Bicycle	NA	1	FALSE	FALSE	1	189 Canal St	PARK ROW	2012-07-28	Two-Way , Not Divided	Wet	Daylight	Cloudy	Sideswipe, Same Direction	No	No Controls	3	1	Pain Reported	3	41.82805	-71.41048	TRUE	FALSE	189 Canal Street, Providence, RI, USA	High	Raw	NA	FALSE	41.82805	-71.41048	2012	July	Downtown
3093	2012-07-30	139861	13:57:00	Bicycle	NA	1	FALSE	FALSE	1	LABAN ST	WEBSTER AVE	2012-08-01	Two-Way , Not Divided	Dry	Daylight	Clear	Sidwswipe, Opposite Direction	No	No Controls	6	1	Pain Reported	2	41.81502	-71.45109	FALSE	FALSE	Laban Street and Webster Ave, Providence, RI, USA	Med High	Raw	NA	FALSE	41.81502	-71.45109	2012	July	Silver Lake
3092	2012-07-31	139794	11:49:00	Bicycle	NA	1	FALSE	FALSE	1	MANTON AVENUE	PELHAM STREET	2012-07-31	Two-Way , Not Divided	Dry	Daylight	Clear	Other	No	No Controls	2	0	No Injury	2	41.83201	-71.41745	FALSE	FALSE	Manton Avenue and Pelham Street, Providence, RI, USA	Med High	Geocoded	distance greater than 100m	TRUE	41.8209354	-71.4477932	2012	July	Olneyville
3091	2012-08-02	139998	16:11:00	Bicycle	NA	1	FALSE	FALSE	1	97 RUGGLES ST	NA	2012-08-02	Two-Way , Not Divided	Dry	Daylight	Clear	Head-On (Front - to - Front)	No	No Controls	7	1	Pain Reported	2	41.83744	-71.42832	TRUE	TRUE	97 Ruggles Street, Providence, RI, USA	High	Raw	NA	FALSE	41.83744	-71.42832	2012	August	Smith Hill
3090	2012-08-03	140289	20:15:00	Bicycle	NA	1	FALSE	FALSE	1	SAYLES ST	HARRIET ST	2012-08-04	Two-Way , Not Divided	Dry	Dark - Not Lighted	Clear	Unknown	Yes	No Controls	2	1	Pain Reported	NA	41.80279	-71.41287	FALSE	FALSE	Sayles Street and Harriet Street, Providence, RI, USA	Med High	Raw	NA	FALSE	41.80279	-71.41287	2012	August	Lower South Providence
3089	2012-08-06	140625	20:36:00	Bicycle	NA	1	FALSE	FALSE	1	Lenox Ave	MELROSE ST	2012-08-07	Two-Way , Not Divided	Dry	Dark - Lighted	Clear	Angle (Front - to - Side) Right Angle (Includes Broadside)	No	Stop Signs	2	1	Pain Reported	NA	41.79617	-71.42165	FALSE	FALSE	Lenox Ave and Melrose Street, Providence, RI, USA	Med High	Raw	NA	FALSE	41.79617	-71.42165	2012	August	Elmwood
3084	2012-08-09	141034	15:35:00	Bicycle	NA	1	FALSE	FALSE	1	29 Nebraska St	MILLARD ST	2012-08-09	Two-Way , Not Divided	Dry	Daylight	Clear	Not a Collision Between Two Motor Vehicles in Transport	No	No Controls	4	1	Pain Reported	2	41.79813	-71.40641	TRUE	FALSE	29 Nebraska Street, Providence, RI, USA	High	Raw	NA	FALSE	41.79813	-71.40641	2012	August	Lower South Providence
3085	2012-08-09	141082	20:11:00	Pedestrian	1	NA	FALSE	FALSE	1	BROAD ST	CALLA ST	2012-08-09	Two-Way , Not Divided	Dry	Dark - Lighted	Clear	Head-On (Front - to - Front)	Yes	No Controls	1	1	Pain Reported	NA	41.78994	-71.40495	FALSE	FALSE	Broad Street and Calla Street, Providence, RI, USA	Med	Raw	NA	FALSE	41.78994	-71.40495	2012	August	Washington Park
3086	2012-08-09	141086	15:15:00	Pedestrian	1	NA	FALSE	FALSE	1	BERKSHIRE ST	ADMIRAL ST	2012-08-09	Two-Way , Not Divided	Dry	Daylight	Clear	Not a Collision Between Two Motor Vehicles in Transport	Yes	No Controls	2	1	Pain Reported	NA	41.84386	-71.42419	FALSE	FALSE	Berkshire Street and Admiral Street, Providence, RI, USA	Med High	Raw	NA	FALSE	41.84386	-71.42419	2012	August	Wanskuck
3087	2012-08-09	141094	22:24:00	Bicycle	NA	1	FALSE	FALSE	1	Randall St	Charles St	2012-08-10	Two-Way , Not Divided	Dry	Dark - Lighted	Clear	Other	No	No Controls	2	1	Non-Incapacitating	3	41.83617	-71.41213	FALSE	FALSE	Randall Street and Charles Street, Providence, RI, USA	Med	Raw	NA	FALSE	41.83617	-71.41213	2012	August	Mount Hope
3088	2012-08-09	141095	23:08:00	Pedestrian	1	NA	FALSE	FALSE	1	Manton Ave	AMHERST ST	2012-08-10	Two-Way , Not Divided	Dry	Dark - Lighted	Clear	Not a Collision Between Two Motor Vehicles in Transport	No	No Controls	3	0	No Injury	NA	41.823480000000004	-71.45127	FALSE	FALSE	Manton Ave and Amherst Street, Providence, RI, USA	Med High	Raw	NA	FALSE	41.823480000000004	-71.45127	2012	August	Olneyville
3082	2012-08-10	141145	10:02:00	Bicycle	NA	1	FALSE	FALSE	1	Broad Street	Public ST	2012-08-10	Two-Way , Not Divided	Dry	Daylight	Cloudy	Not a Collision Between Two Motor Vehicles in Transport	No	Traffic Control Signal	2	1	Pain Reported	NA	41.80632	-71.41148	FALSE	FALSE	Broad Street and Public Street, Providence, RI, USA	Med	Geocoded	distance greater than 100m	TRUE	41.804449	-71.4193596	2012	August	Elmwood
3083	2012-08-10	141197	11:00:00	Bicycle	NA	1	FALSE	FALSE	1	WASHINGTON ST	DORRANCE ST	2012-08-10	One-Way Trafficway	Dry	Daylight	Clear	Not a Collision Between Two Motor Vehicles in Transport	No	No Controls	3	1	Pain Reported	NA	41.8245	-71.4127	FALSE	FALSE	Washington Street and Dorrance Street, Providence, RI, USA	Med High	Raw	NA	FALSE	41.8245	-71.4127	2012	August	Downtown
3081	2012-08-11	141356	12:30:00	Pedestrian	1	NA	FALSE	FALSE	1	15 Whelan Rd	BODELL AVE	2012-08-11	Two-Way , Not Divided	Dry	Daylight	Clear	Other	Yes	No Controls	1	1	Non-Incapacitating	NA	41.81828	-71.45431	TRUE	FALSE	15 Whelan Rd, Providence, RI, USA	High	Raw	distance greater than 100m	TRUE	41.81828	-71.45431	2012	August	Hartford
3078	2012-08-15	142147	19:53:00	Bicycle	NA	1	FALSE	FALSE	1	BLACKSTONE BLVD	BUTLER DR	2012-08-15	Two-Way, Divided, Positive Median Barrier	Dry	Dark - Lighted	Clear	Angle (Front - to - Side) Right Angle (Includes Broadside)	No	No Controls	3	1	Pain Reported	NA	41.8463	-71.38677	FALSE	FALSE	Blackstone Blvd and Butler Dr, Providence, RI, USA	Med	Raw	distance greater than 100m	TRUE	41.8463	-71.38677	2012	August	Blackstone
3079	2012-08-15	142161	20:09:00	Bicycle	NA	1	FALSE	FALSE	1	Williams st	ROGER ST	2012-08-15	Two-Way , Not Divided	Dry	Daylight	Clear	Unknown	Yes	No Controls	1	1	Pain Reported	2	41.82309	-71.39093	FALSE	FALSE	Williams Street and Roger Street, Providence, RI, USA	Med	Raw	NA	FALSE	41.82309	-71.39093	2012	August	Fox Point
3080	2012-08-15	142172	19:30:00	Pedestrian	1	NA	FALSE	FALSE	1	Bowdoin St	AMHERST ST	2012-08-15	Two-Way , Not Divided	Dry	Dusk	Cloudy	Not a Collision Between Two Motor Vehicles in Transport	No	No Controls	3	1	Pain Reported	NA	41.82323	-71.44306	FALSE	FALSE	Bowdoin Street and Amherst Street, Providence, RI, USA	Med High	Raw	NA	FALSE	41.82323	-71.44306	2012	August	Olneyville
3077	2012-08-16	142258	09:12:00	Pedestrian	1	NA	FALSE	FALSE	1	206 ELMWOOD AVE	ELMWOOD AVE	2012-08-16	Two-Way, Divided, Unprotected (painted>4feet) Medium	Dry	Daylight	Clear	Head-On (Front - to - Front)	No	No Controls	2	2	Pain Reported	NA	41.80744	-71.42482	TRUE	FALSE	206 Elmwood Ave, Providence, RI, USA	High	Raw	NA	FALSE	41.80744	-71.42482	2012	August	West End
3076	2012-08-17	142431	10:07:00	Bicycle	NA	1	FALSE	FALSE	1	PARK ROW	Canal Street	2012-08-17	One-Way Trafficway	Dry	Daylight	Clear	Angle (Front - to - Side) Opposite Direction	Yes	No Controls	2	1	Pain Reported	NA	41.82865	-71.40965	FALSE	FALSE	Park Row and Canal Street, Providence, RI, USA	Med High	Raw	NA	FALSE	41.82865	-71.40965	2012	August	College Hill
3075	2012-08-19	142855	22:42:00	Pedestrian	1	NA	FALSE	FALSE	1	POCASSET AVE	ALTO ST	2012-08-20	Two-Way , Not Divided	Dry	Dark - Lighted	Clear	Not a Collision Between Two Motor Vehicles in Transport	No	No Controls	3	0	No Injury	2	41.8058	-71.45754	FALSE	FALSE	Pocasset Ave and Alto Street, Providence, RI, USA	Med High	Raw	NA	FALSE	41.8058	-71.45754	2012	August	Silver Lake
3073	2012-08-24	143546	16:14:00	Pedestrian	1	NA	FALSE	FALSE	1	HUMES ST	ALGONQUIN ST	2012-08-24	Two-Way , Not Divided	Dry	Daylight	Clear	Head-On (Front - to - Front)	Yes	No Controls	5	1	Pain Reported	2	41.79327	-71.42808	FALSE	FALSE	Humes Street and Algonquin Street, Providence, RI, USA	Med High	Raw	NA	FALSE	41.79327	-71.42808	2012	August	Reservoir
3074	2012-08-24	145107	14:35:00	Bicycle	NA	1	FALSE	FALSE	1	VALLEY ST	DELAINE ST	2012-09-03	Unknown	Dry	Daylight	Clear	Other	No	No Controls	4	1	Pain Reported	NA	41.81975	-71.44046	FALSE	FALSE	Valley Street and Delaine Street, Providence, RI, USA	Med High	Raw	NA	FALSE	41.81975	-71.44046	2012	August	Olneyville
3072	2012-08-25	143693	16:15:00	Bicycle	NA	1	FALSE	FALSE	1	BERGEN STREET	ANDEM STREET	2012-08-25	Two-Way , Not Divided	Dry	Daylight	Clear	Angle (Front - to - Side) Right Angle (Includes Broadside)	No	No Controls	4	1	Non-Incapacitating	2	41.81534	-71.44597	FALSE	FALSE	Bergen Street and Andem Street, Providence, RI, USA	Med High	Geocoded	distance greater than 100m	TRUE	41.83078	-71.439842	2012	August	Valley
3071	2012-08-26	144251	21:46:00	Bicycle	NA	1	FALSE	FALSE	1	58 June Street	SUFFOLK ST	2012-08-26	Two-Way , Not Divided	Dry	Dark - Not Lighted	Clear	Unknown	Yes	No Controls	2	1	Non-Incapacitating	NA	41.84264	-71.42403	TRUE	FALSE	58 June Street, Providence, RI, USA	High	Raw	NA	FALSE	41.84264	-71.42403	2012	August	Wanskuck
3070	2012-08-27	143950	14:15:00	Bicycle	NA	1	FALSE	FALSE	1	POCASSET AVE	HILLHURST AVE	2012-08-27	Two-Way , Not Divided	Dry	Daylight	Clear	Sideswipe, Same Direction	Yes	No Controls	3	1	Pain Reported	2	41.80742	-71.4564	FALSE	FALSE	Pocasset Ave and Hillhurst Ave, Providence, RI, USA	Med High	Raw	NA	FALSE	41.80742	-71.4564	2012	August	Silver Lake
3069	2012-08-29	144360	18:27:00	Pedestrian	1	NA	FALSE	FALSE	1	887 atwells ave	CARLETON ST	2012-08-29	Two-Way , Not Divided	Dry	Daylight	Clear	Not a Collision Between Two Motor Vehicles in Transport	No	No Controls	3	1	Pain Reported	2	41.82497	-71.44683	TRUE	FALSE	887 Atwells Ave, Providence, RI, USA	High	Raw	NA	FALSE	41.82497	-71.44683	2012	August	Olneyville
3068	2012-08-30	144438	09:59:00	Bicycle	NA	1	FALSE	FALSE	1	COLLEGE STREET	MEMORIAL BLVD	2012-08-30	Two-Way , Not Divided	Dry	Daylight	Clear	Other	No	Traffic Control Signal	5	0	No Injury	4	41.82955	-71.41802	FALSE	FALSE	College Street and Memorial Blvd, Providence, RI, USA	Med	Geocoded	distance greater than 100m	TRUE	41.8253077	-71.4088081	2012	August	Downtown
3065	2012-08-31	144535	01:21:00	Pedestrian	1	NA	FALSE	FALSE	1	STANWOOD ST	NIAGARA ST	2012-08-31	Two-Way , Not Divided	Dry	Dark - Lighted	Clear	Not a Collision Between Two Motor Vehicles in Transport	Yes	No Controls	2	1	Incapacitating	NA	41.80303	-71.42116	FALSE	FALSE	Stanwood Street and Niagara Street, Providence, RI, USA	Med High	Raw	NA	FALSE	41.80303	-71.42116	2012	August	Elmwood
3066	2012-08-31	144903	23:00:00	Pedestrian	1	NA	FALSE	FALSE	1	UNION AVE	LINWOOD AVE	2012-09-01	Two-Way , Not Divided	Dry	Dark - Lighted	Clear	Not a Collision Between Two Motor Vehicles in Transport	No	No Controls	3	1	Pain Reported	NA	41.80906	-71.43919	FALSE	FALSE	Union Ave and Linwood Ave, Providence, RI, USA	Med	Raw	NA	FALSE	41.80906	-71.43919	2012	August	West End
3067	2012-08-31	145470	15:00:00	Pedestrian	1	NA	FALSE	FALSE	1	ACADEMY AVE	SALTER ST	2012-09-04	Two-Way , Not Divided	Dry	Daylight	Clear	Not a Collision Between Two Motor Vehicles in Transport	Yes	No Controls	2	1	Non-Incapacitating	NA	41.84465	-71.44529	FALSE	FALSE	Academy Ave and Salter Street, Providence, RI, USA	Med High	Raw	NA	FALSE	41.84465	-71.44529	2012	August	Elmhurst
3062	2012-09-02	144954	00:09:00	Pedestrian	1	NA	FALSE	FALSE	1	WESTMINSTER ST	SERVICE ROAD 7	2012-09-02	One-Way Trafficway	Dry	Dark - Lighted	Clear	Not a Collision Between Two Motor Vehicles in Transport	Yes	No Controls	1	1	Pain Reported	NA	41.81881	-71.41883	FALSE	FALSE	Westminster Street and Service Road 7, Providence, RI, USA	Med High	Raw	NA	FALSE	41.81881	-71.41883	2012	September	Federal Hill