row_number	crash_date	crash_report_id	crash_time	collision_type	count_pedestrian	count_bicycle	scooter	wheel_chair	number_of_vehicles	street_or_highway	nearest_intersection	report_date	type_of_roadway	road_surface_condition	light_condition	weather_condition	manner_of_impact	hit_and_run	traffic_control	person_count	injury_count	most_serious_injury	number_of_lanes	lat_raw	lon_raw	has_st_number	is_intersection_null	address_sent_to_geocoder	api_coord_conf	best_coordinate_set	reason_for_qa	manually_qaed_record	final_lat	final_lon	year	month	pvd_nhood
2999	2012-11-05	156507	16:03:00	Pedestrian	1	NA	FALSE	FALSE	1	MANTON AVE	ORTOLEVA DR	2012-11-05	Two-Way, Not Divided With a Continuous Left Turn Lane	Dry	Daylight	Clear	Head-On (Front - to - Front)	No	No Controls	4	1	Pain Reported	3	41.82589	-71.45777	FALSE	FALSE	Manton Ave and Ortoleva Dr, Providence, RI, USA	Med High	Raw	NA	FALSE	41.82589	-71.45777	2012	November	Olneyville
3000	2012-11-05	156518	18:02:00	Pedestrian	1	NA	FALSE	FALSE	1	HARTFORD AVE	PONAGANSETT AVE	2012-11-05	Two-Way , Not Divided	Dry	Dark - Not Lighted	Clear	Head-On (Front - to - Front)	No	Stop Signs	5	1	Pain Reported	2	41.81858	-71.45874	FALSE	FALSE	Hartford Ave and Ponagansett Ave, Providence, RI, USA	Med High	Raw	NA	FALSE	41.81858	-71.45874	2012	November	Hartford
2998	2012-11-06	156729	20:26:00	Pedestrian	1	NA	FALSE	FALSE	1	BROADWAY	TOBEY ST	2012-11-06	Two-Way, Divided, Unprotected (painted>4feet) Medium	Dry	Dark - Lighted	Clear	Not a Collision Between Two Motor Vehicles in Transport	No	Traffic Control Signal	3	1	Pain Reported	NA	41.81848	-71.43503	FALSE	FALSE	Broadway and Tobey Street, Providence, RI, USA	Med	Raw	NA	FALSE	41.81848	-71.43503	2012	November	Federal Hill
2997	2012-11-07	156961	18:35:00	Pedestrian	1	NA	FALSE	FALSE	1	WEYBOSSET ST	PAGE ST	2012-11-07	Two-Way , Not Divided	Wet	Daylight	Snow	Not a Collision Between Two Motor Vehicles in Transport	Yes	No Controls	1	1	Pain Reported	2	41.82147	-71.41247	FALSE	FALSE	Weybosset Street and Page Street, Providence, RI, USA	Med High	Raw	NA	FALSE	41.82147	-71.41247	2012	November	Downtown
2995	2012-11-08	156981	00:38:00	Pedestrian	1	NA	FALSE	FALSE	1	Waterman St.	Brown St.	2012-11-08	One-Way Trafficway	Slush	Dark - Lighted	Snow	Not a Collision Between Two Motor Vehicles in Transport	Yes	Stop Signs	3	1	Pain Reported	1	41.82705	-71.40304	FALSE	FALSE	Waterman St. and Brown St., Providence, RI, USA	Med High	Raw	NA	FALSE	41.82705	-71.40304	2012	November	College Hill
2996	2012-11-08	157106	16:10:00	Pedestrian	1	NA	FALSE	FALSE	1	PLAINFIELD ST	WEBSTER AVE	2012-11-08	Two-Way, Divided, Positive Median Barrier	Wet	Dark - Lighted	Cloudy	Head-On (Front - to - Front)	Yes	Traffic Control Signal	1	1	Pain Reported	NA	41.81366	-71.45079	FALSE	FALSE	Plainfield Street and Webster Ave, Providence, RI, USA	Med High	Raw	NA	FALSE	41.81366	-71.45079	2012	November	Silver Lake
2993	2012-11-09	157338	19:08:00	Pedestrian	1	NA	FALSE	FALSE	1	HUXLEY AVE	EATON ST	2012-11-09	Two-Way , Not Divided	Dry	Dark - Lighted	Clear	Not a Collision Between Two Motor Vehicles in Transport	No	No Controls	2	1	Non-Incapacitating	NA	41.84375	-71.43317	FALSE	FALSE	Huxley Ave and Eaton Street, Providence, RI, USA	Med High	Geocoded	distance greater than 100m	TRUE	41.8415128	-71.433591	2012	November	Elmhurst
2994	2012-11-09	157358	17:54:00	Pedestrian	1	NA	FALSE	FALSE	1	EDNA ST	PLAINFIELD ST	2012-11-09	One-Way Trafficway	Dry	Dark - Lighted	Clear	Head-On (Front - to - Front)	Yes	Traffic Control Signal	2	1	Pain Reported	NA	41.81593	-71.44514	FALSE	FALSE	Edna Street and Plainfield Street, Providence, RI, USA	Med High	Raw	NA	FALSE	41.81593	-71.44514	2012	November	Olneyville
2992	2012-11-10	157455	18:55:00	Pedestrian	1	NA	FALSE	FALSE	1	EXCHANGE TER	SABIN ST	2012-11-10	One-Way Trafficway	Dry	Dark - Lighted	Clear	Angle - Direction Not Specified	Yes	No Controls	1	1	Pain Reported	2	41.82493	-71.41507	FALSE	FALSE	Exchange Ter and Sabin Street, Providence, RI, USA	Med	Raw	distance greater than 100m	TRUE	41.82493	-71.41507	2012	November	Downtown
2989	2012-11-13	157706	08:31:00	Pedestrian	1	NA	FALSE	FALSE	1	963 CHALKSTONE AVENUE	HAROLD STREET	2012-11-13	Two-Way , Not Divided	Wet	Daylight	Rain	Other	No	No Controls	4	1	Pain Reported	2	41.82671	-71.41997	TRUE	FALSE	963 Chalkstone Avenue, Providence, RI, USA	High	Neither	distance greater than 100m	TRUE	41.832444	-71.439306	2012	November	Elmhurst
2990	2012-11-13	157737	16:34:00	Pedestrian	1	NA	FALSE	FALSE	1	ROUTE 6 OFF RAMP	HARTFORD AVE	2012-11-13	One-Way Trafficway	Wet	Dark - Lighted	Rain	Head-On (Front - to - Front)	No	Yield Signs	3	1	Pain Reported	1	41.81724	-71.44962	FALSE	FALSE	Route 6 Off Ramp and Hartford Ave, Providence, RI, USA	Med	Raw	distance greater than 100m	TRUE	41.81724	-71.44962	2012	November	Hartford
2988	2012-11-17	158424	02:17:00	Pedestrian	1	NA	FALSE	FALSE	1	N MAIN ST	STEEPLE ST	2012-11-17	Unknown	Dry	Dark - Not Lighted	Clear	Not a Collision Between Two Motor Vehicles in Transport	No	No Controls	3	1	Non-Incapacitating	NA	41.82753	-71.40909	FALSE	FALSE	N Main Street and Steeple Street, Providence, RI, USA	Med	Raw	NA	FALSE	41.82753	-71.40909	2012	November	Downtown
2987	2012-11-18	159020	02:35:00	Pedestrian	1	NA	FALSE	FALSE	1	Lenox Ave	Broad St	2012-11-20	Two-Way , Not Divided	Dry	Dark - Lighted	Clear	Not a Collision Between Two Motor Vehicles in Transport	Yes	Pavement Markings	1	1	Pain Reported	NA	41.79829	-71.41477	FALSE	FALSE	Lenox Ave and Broad Street, Providence, RI, USA	Med High	Raw	NA	FALSE	41.79829	-71.41477	2012	November	Elmwood
2986	2012-11-19	158630	00:59:00	Pedestrian	1	NA	FALSE	FALSE	1	319 Pocasset Avenue	NA	2012-11-19	Unknown	Dry	Dark - Lighted	Clear	Not a Collision Between Two Motor Vehicles in Transport	Yes	No Controls	1	1	Incapacitating	NA	41.80628	-71.45721	TRUE	TRUE	319 Pocasset Avenue, Providence, RI, USA	High	Raw	NA	FALSE	41.80628	-71.45721	2012	November	Silver Lake
2985	2012-11-20	158944	17:17:00	Pedestrian	1	NA	FALSE	FALSE	1	POWER ST	GANO ST	2012-11-20	Two-Way , Not Divided	Dry	Dark - Lighted	Clear	Angle - Direction Not Specified	No	Flashing Traffic Control Signal	3	1	Pain Reported	NA	41.82386	-71.3901	FALSE	FALSE	Power Street and Gano Street, Providence, RI, USA	Med High	Raw	NA	FALSE	41.82386	-71.3901	2012	November	Fox Point
2984	2012-11-21	159441	19:45:00	Pedestrian	1	NA	FALSE	FALSE	1	EDDY ST	BLACKSTONE ST	2012-11-23	Two-Way , Not Divided	Dry	Dark - Lighted	Clear	Not a Collision Between Two Motor Vehicles in Transport	No	Pavement Markings	3	1	Pain Reported	NA	41.81014	-71.40722	FALSE	FALSE	Eddy Street and Blackstone Street, Providence, RI, USA	Med High	Raw	NA	FALSE	41.81014	-71.40722	2012	November	Upper South Providence
2982	2012-11-22	159346	02:11:00	Pedestrian	1	NA	FALSE	FALSE	1	S Main St	Tockwotton St	2012-11-22	One-Way Trafficway	Dry	Dark - Lighted	Clear	Not a Collision Between Two Motor Vehicles in Transport	Yes	No Controls	1	1	Pain Reported	2	41.81756	-71.40069	FALSE	FALSE	S Main Street and Tockwotton Street, Providence, RI, USA	Med High	Geocoded	distance greater than 100m	TRUE	41.8174597	-71.3990414	2012	November	Fox Point
2983	2012-11-22	159436	22:20:00	Pedestrian	1	NA	FALSE	FALSE	1	Charles St	Hawkins St	2012-11-22	Two-Way , Not Divided	Dry	Dark - Lighted	Clear	Not a Collision Between Two Motor Vehicles in Transport	No	No Controls	3	0	No Injury	NA	41.8514	-71.42016	FALSE	FALSE	Charles Street and Hawkins Street, Providence, RI, USA	Med	Raw	NA	FALSE	41.8514	-71.42016	2012	November	Charles
2981	2012-11-27	250923	17:07:00	Pedestrian	1	NA	FALSE	FALSE	1	BROADWAY	TOBEY ST	2014-09-06	Two-Way , Not Divided	Wet	Dark - Lighted	Rain	Other	No	Traffic Control Signal	3	1	Pain Reported	NA	41.81848	-71.43503	FALSE	FALSE	Broadway and Tobey Street, Providence, RI, USA	Med	Raw	NA	FALSE	41.81848	-71.43503	2012	November	Federal Hill
2979	2012-11-28	160081	07:15:00	Pedestrian	1	NA	FALSE	FALSE	1	155 CRANSTON STREET	NA	2012-11-28	Two-Way , Not Divided	Ice/Frost	Daylight	Clear	Other	No	No Controls	3	1	Pain Reported	2	41.82672	-71.41981	TRUE	TRUE	155 Cranston Street, Providence, RI, USA	High	Neither	distance greater than 100m	TRUE	41.815167	-71.425111	2012	November	West End
2980	2012-11-28	160201	11:39:00	Bicycle	NA	1	FALSE	FALSE	1	EDDY STREET	POINT STREET	2012-11-28	Two-Way , Not Divided	Dry	Daylight	Clear	Other	No	Traffic Control Signal	6	1	Pain Reported	4	41.82477	-71.41987	FALSE	FALSE	Eddy Street and Point Street, Providence, RI, USA	Med High	Geocoded	distance greater than 100m	TRUE	41.816823	-71.4064202	2012	November	Downtown
2978	2012-11-29	160300	09:37:00	Pedestrian	2	NA	FALSE	FALSE	1	206 ELMWOOD AVENUE	NA	2012-11-29	Two-Way , Not Divided	Dry	Daylight	Clear	Other	Yes	No Controls	5	2	Pain Reported	NA	41.82597	-71.42112	TRUE	TRUE	206 Elmwood Avenue, Providence, RI, USA	High	Neither	distance greater than 100m	TRUE	41.807722	-71.424806	2012	November	West End
2977	2012-11-30	160784	19:21:00	Bicycle	NA	1	FALSE	FALSE	1	ADELAIDE AVE	ELMWOOD AVE	2012-12-01	Two-Way , Not Divided	Dry	Dark - Lighted	Clear	Other	Yes	Traffic Control Signal	1	1	Pain Reported	NA	41.79586	-71.4251	FALSE	FALSE	Adelaide Ave and Elmwood Ave, Providence, RI, USA	Med High	Raw	NA	FALSE	41.79586	-71.4251	2012	November	Elmwood
2973	2012-12-07	161475	18:25:00	Pedestrian	1	NA	FALSE	FALSE	1	CHATHAM ST	SILVER SPRING ST	2012-12-07	Two-Way , Not Divided	Wet	Dark - Lighted	Rain	Not a Collision Between Two Motor Vehicles in Transport	No	Traffic Control Signal	2	1	Pain Reported	2	41.84637	-71.41674	FALSE	FALSE	Chatham Street and Silver Spring Street, Providence, RI, USA	Med High	Raw	NA	FALSE	41.84637	-71.41674	2012	December	Charles
2974	2012-12-07	161484	20:16:00	Pedestrian	1	NA	FALSE	FALSE	1	GEORGE ST	BROWN ST	2012-12-07	Two-Way , Not Divided	Wet	Dark - Lighted	Rain	Unknown	No	Pavement Markings	2	1	Pain Reported	NA	41.82535	-71.40276	FALSE	FALSE	George Street and Brown Street, Providence, RI, USA	Med	Raw	NA	FALSE	41.82535	-71.40276	2012	December	College Hill
2975	2012-12-07	161514	20:42:00	Pedestrian	1	NA	FALSE	FALSE	1	CHALKSTONE AVE	CAMDEN AVE	2012-12-07	Two-Way , Not Divided	Wet	Dark - Lighted	Rain	Not a Collision Between Two Motor Vehicles in Transport	No	Traffic Control Signal	3	1	Non-Incapacitating	NA	41.83529	-71.42536	FALSE	FALSE	Chalkstone Ave and Camden Ave, Providence, RI, USA	Med High	Raw	NA	FALSE	41.83529	-71.42536	2012	December	Smith Hill
2970	2012-12-09	161621	03:02:00	Pedestrian	1	NA	FALSE	FALSE	1	PINE ST	CHESTNUT ST	2012-12-09	One-Way Trafficway	Dry	Dark - Lighted	Clear	Not a Collision Between Two Motor Vehicles in Transport	Yes	No Controls	2	1	Pain Reported	NA	41.81943	-71.41295	FALSE	FALSE	Pine Street and Chestnut Street, Providence, RI, USA	Med	Raw	distance greater than 100m	TRUE	41.81943	-71.41295	2012	December	Downtown
2971	2012-12-09	161632	18:15:00	Pedestrian	1	NA	FALSE	FALSE	1	280 Broad St.	NA	2012-12-09	Two-Way , Not Divided	Wet	Dark - Lighted	Rain	Not a Collision Between Two Motor Vehicles in Transport	No	No Controls	3	1	Incapacitating	NA	41.83072	-71.41787	TRUE	TRUE	280 Broad St., Providence, RI, USA	High	Neither	distance greater than 100m	TRUE	41.815194	-71.42075	2012	December	West End
2966	2012-12-10	161720	10:43:00	Bicycle	NA	1	FALSE	FALSE	1	PRAIRIE AVE	OXFORD ST	2012-12-10	Two-Way , Not Divided	Wet	Daylight	Rain	Angle (Front - to - Side) Right Angle (Includes Broadside)	No	Stop Signs	2	1	Pain Reported	NA	41.80164	-71.41315	FALSE	FALSE	Prairie Ave and Oxford Street, Providence, RI, USA	Med High	Raw	NA	FALSE	41.80164	-71.41315	2012	December	Lower South Providence
2967	2012-12-10	161741	17:13:00	Pedestrian	2	NA	FALSE	FALSE	1	SMITH ST	WINSOR ST	2012-12-10	Two-Way, Divided, Unprotected (painted>4feet) Medium	Wet	Dark - Lighted	Rain	Not a Collision Between Two Motor Vehicles in Transport	No	No Controls	4	2	Pain Reported	NA	41.83298	-71.42	FALSE	FALSE	Smith Street and Winsor Street, Providence, RI, USA	Med	Raw	NA	FALSE	41.83298	-71.42	2012	December	Smith Hill
2968	2012-12-10	161746	18:18:00	Pedestrian	1	NA	FALSE	FALSE	1	CHALKSTONE AVENUE	ACADEMY AVENUE	2012-12-10	Two-Way , Not Divided	Wet	Dark - Lighted	Rain	Angle (Front - to - Side) Opposite Direction	No	Traffic Control Signal	3	1	Pain Reported	2	41.82632	-71.42219	FALSE	FALSE	Chalkstone Avenue and Academy Avenue, Providence, RI, USA	Med High	Geocoded	distance greater than 100m	TRUE	41.8324538	-71.4445249	2012	December	Mount Pleasant
2969	2012-12-10	161908	19:41:00	Pedestrian	1	NA	FALSE	FALSE	1	CHALKSTONE AVENUE	FALLON AVENUE	2012-12-11	Two-Way , Not Divided	Wet	Dark - Lighted	Cloudy	Rear - to - Side	Yes	No Controls	1	1	Pain Reported	2	41.82489	-71.41943	FALSE	FALSE	Chalkstone Avenue and Fallon Avenue, Providence, RI, USA	Med High	Geocoded	distance greater than 100m	TRUE	41.832336	-71.443344	2012	December	Valley
2965	2012-12-11	161968	17:28:00	Pedestrian	1	NA	FALSE	FALSE	1	Admiral Street	Gentian Avenue	2012-12-11	Two-Way , Not Divided	Dry	Dark - Lighted	Clear	Other	No	No Controls	2	1	Non-Incapacitating	NA	41.85401	-71.44666	FALSE	FALSE	Admiral Street and Gentian Avenue, Providence, RI, USA	Med	Raw	distance greater than 100m	TRUE	41.85401	-71.44666	2012	December	NA
2963	2012-12-12	162123	21:06:00	Bicycle	NA	1	FALSE	FALSE	1	MEMORIAL BLVD	COLLEGE ST	2012-12-12	Two-Way, Not Divided With a Continuous Left Turn Lane	Dry	Dark - Lighted	Clear	Head-On (Front - to - Front)	No	Traffic Control Signal	3	1	Pain Reported	4	41.8253	-71.40882	FALSE	FALSE	Memorial Blvd and College Street, Providence, RI, USA	Med High	Raw	NA	FALSE	41.8253	-71.40882	2012	December	Downtown
2964	2012-12-12	162054	17:46:00	Bicycle	NA	1	FALSE	FALSE	1	Waterman st	BUTLER AVE	2012-12-12	Two-Way , Not Divided	Dry	Dark - Lighted	Clear	Not a Collision Between Two Motor Vehicles in Transport	No	Traffic Control Signal	3	1	Pain Reported	2	41.82808	-71.3855	FALSE	FALSE	Waterman Street and Butler Ave, Providence, RI, USA	Med High	Raw	NA	FALSE	41.82808	-71.3855	2012	December	Wayland
2962	2012-12-13	162139	00:44:00	Pedestrian	1	NA	FALSE	FALSE	1	PLAINFIELD ST	POCASSET AVE	2012-12-13	Two-Way , Not Divided	Dry	Dark - Lighted	Clear	Other	Yes	Traffic Control Signal	1	1	Incapacitating	NA	41.81382	-71.44779	FALSE	FALSE	Plainfield Street and Pocasset Ave, Providence, RI, USA	Med High	Raw	NA	FALSE	41.81382	-71.44779	2012	December	Silver Lake
2961	2012-12-15	162403	22:54:00	Pedestrian	1	NA	FALSE	FALSE	1	MEETING ST	BENEFIT ST	2012-12-16	Unknown	Dry	Dark - Not Lighted	Clear	Not a Collision Between Two Motor Vehicles in Transport	No	No Controls	3	1	Pain Reported	NA	41.82862	-71.40807	FALSE	FALSE	Meeting Street and Benefit Street, Providence, RI, USA	Med High	Raw	NA	FALSE	41.82862	-71.40807	2012	December	College Hill
2960	2012-12-17	162516	10:17:00	Bicycle	NA	1	FALSE	FALSE	1	WASHINGTON ST	EMPIRE ST	2012-12-17	Two-Way , Not Divided	Wet	Daylight	Rain	Not a Collision Between Two Motor Vehicles in Transport	No	Traffic Control Signal	2	1	Pain Reported	NA	41.82182	-71.41645	FALSE	FALSE	Washington Street and Empire Street, Providence, RI, USA	Med	Raw	NA	FALSE	41.82182	-71.41645	2012	December	Downtown
2959	2012-12-19	162757	11:53:00	Pedestrian	2	NA	FALSE	FALSE	1	WASHINGTON ST	GREENE ST	2012-12-19	Two-Way, Divided, Unprotected (painted>4feet) Medium	Dry	Daylight	Clear	Other	No	Traffic Control Signal	5	2	Pain Reported	NA	41.82125	-71.41721	FALSE	FALSE	Washington Street and Greene Street, Providence, RI, USA	Med	Raw	NA	FALSE	41.82125	-71.41721	2012	December	Downtown
2958	2012-12-22	163094	15:02:00	Bicycle	NA	2	FALSE	FALSE	1	PINEHURST AVE	CHAD BROWN ST	2012-12-22	Two-Way , Not Divided	Dry	Daylight	Clear	Not a Collision Between Two Motor Vehicles in Transport	No	No Controls	3	2	Non-Incapacitating	NA	41.83953	-71.4322	FALSE	FALSE	Pinehurst Ave and Chad Brown Street, Providence, RI, USA	Med High	Raw	NA	FALSE	41.83953	-71.4322	2012	December	Elmhurst
2957	2012-12-24	163219	13:10:00	Pedestrian	1	NA	FALSE	FALSE	1	PARK ST	HAYES ST	2012-12-24	One-Way Trafficway	Dry	Daylight	Clear	Other	Yes	Other	1	0	No Injury	2	41.82896	-71.41748	FALSE	FALSE	Park Street and Hayes Street, Providence, RI, USA	Med	Raw	NA	FALSE	41.82896	-71.41748	2012	December	Smith Hill
2956	2012-12-26	163371	20:16:00	Pedestrian	1	NA	FALSE	FALSE	1	SERVICE ROAD 8	BROAD ST	2012-12-26	One-Way Trafficway	Wet	Dark - Lighted	Snow	Not a Collision Between Two Motor Vehicles in Transport	No	Pavement Markings	3	1	Non-Incapacitating	NA	41.81802	-71.41641	FALSE	FALSE	Service Road 8 and Broad Street, Providence, RI, USA	Med High	Raw	distance greater than 100m	TRUE	41.81802	-71.41641	2012	December	Downtown
2954	2012-12-27	163415	10:13:00	Pedestrian	1	NA	FALSE	FALSE	1	4TH ST	SUMMIT AVE	2012-12-27	Two-Way , Not Divided	Wet	Daylight	Rain	Other	No	Stop Signs	4	1	Pain Reported	NA	41.85052	-71.39823	FALSE	FALSE	4th Street and Summit Ave, Providence, RI, USA	Med	Raw	NA	FALSE	41.85052	-71.39823	2012	December	Hope
2955	2012-12-27	163477	12:11:00	Pedestrian	1	NA	FALSE	FALSE	1	Allens Ave	Chapman St	2012-12-27	Two-Way , Not Divided	Wet	Daylight	Sleet, Hail (Freezing Rain or Drizzle)	Not a Collision Between Two Motor Vehicles in Transport	No	No Controls	3	1	Pain Reported	2	41.79323	-71.39739	FALSE	FALSE	Allens Ave and Chapman Street, Providence, RI, USA	Med High	Raw	NA	FALSE	41.79323	-71.39739	2012	December	Washington Park
2952	2012-12-28	163569	15:06:00	Pedestrian	1	NA	FALSE	FALSE	1	GLENBRIDGE AVE	MANTON AVE	2012-12-28	Two-Way , Not Divided	Dry	Daylight	Clear	Not a Collision Between Two Motor Vehicles in Transport	No	Traffic Control Signal	2	1	Pain Reported	NA	41.82597	-71.45822	FALSE	FALSE	Glenbridge Ave and Manton Ave, Providence, RI, USA	Med High	Raw	NA	FALSE	41.82597	-71.45822	2012	December	Manton
2953	2012-12-28	163829	06:34:00	Pedestrian	1	NA	FALSE	FALSE	1	Thackery St	ELMWOOD AVE	2012-12-29	Two-Way , Not Divided	Dry	Dawn	Clear	Not a Collision Between Two Motor Vehicles in Transport	No	No Controls	2	1	Incapacitating	2	41.79218	-71.42255	FALSE	FALSE	Thackery Street and Elmwood Ave, Providence, RI, USA	Med High	Raw	NA	FALSE	41.79218	-71.42255	2012	December	Elmwood
2951	2013-01-01	163984	06:01:00	Pedestrian	1	NA	FALSE	FALSE	1	VALLEY ST	JEWETT ST	2013-01-01	Two-Way , Not Divided	Wet	Dark - Lighted	Clear	Other	Yes	No Controls	1	1	Pain Reported	NA	41.83221	-71.42769	FALSE	FALSE	Valley Street and Jewett Street, Providence, RI, USA	Med High	Raw	NA	FALSE	41.83221	-71.42769	2013	January	Smith Hill
2949	2013-01-03	164302	19:36:00	Pedestrian	1	NA	FALSE	FALSE	1	731 Eddy st.	NA	2013-01-03	Unknown	Dry	Dark - Lighted	Clear	Not a Collision Between Two Motor Vehicles in Transport	Yes	No Controls	1	1	Pain Reported	NA	41.82849	-71.40959	TRUE	TRUE	731 Eddy St., Providence, RI, USA	High	Geocoded	distance greater than 100m	TRUE	41.8078196	-71.4075635	2013	January	Upper South Providence
2948	2013-01-07	164565	18:25:00	Pedestrian	1	NA	FALSE	FALSE	1	MANTON AVE	CHALKSTONE AVE	2013-01-07	Two-Way , Not Divided	Dry	Dark - Lighted	Clear	Not a Collision Between Two Motor Vehicles in Transport	Yes	No Controls	1	1	Pain Reported	2	41.83391	-71.46733	FALSE	FALSE	Manton Ave and Chalkstone Ave, Providence, RI, USA	Med High	Raw	NA	FALSE	41.83391	-71.46733	2013	January	Manton
2946	2013-01-08	164684	11:35:00	Pedestrian	1	NA	FALSE	FALSE	1	1075 CHALKSTONE AVE	GENEVA ST	2013-01-08	Unknown	Dry	Daylight	Clear	Other	No	No Controls	2	1	Pain Reported	NA	41.83228	-71.44072	TRUE	FALSE	1075 Chalkstone Ave, Providence, RI, USA	High	Raw	distance greater than 100m	TRUE	41.83228	-71.44072	2013	January	Valley
2947	2013-01-08	164685	13:17:00	Pedestrian	1	NA	FALSE	FALSE	1	617 HARTFORD AVE	KING PHILIP ST	2013-01-08	Unknown	Dry	Daylight	Clear	Other	No	No Controls	3	1	Pain Reported	NA	41.81954	-71.46551	TRUE	FALSE	617 Hartford Ave, Providence, RI, USA	High	Raw	NA	FALSE	41.81954	-71.46551	2013	January	Hartford
2945	2013-01-10	165885	10:41:00	Pedestrian	1	NA	FALSE	FALSE	1	FRANCIS ST	AMERICAN EXPRESS PLZ	2013-01-17	Two-Way, Divided, Unprotected (painted>4feet) Medium	Dry	Dark - Lighted	Clear	Other	No	Traffic Control Signal	3	1	Pain Reported	NA	41.82745	-71.41541	FALSE	FALSE	Francis Street and American Express Plz, Providence, RI, USA	Med	Raw	distance greater than 100m	TRUE	41.82745	-71.41541	2013	January	Downtown
2943	2013-01-12	165201	07:38:00	Pedestrian	1	NA	FALSE	FALSE	1	FRANCIS STREET	GASPEE STREET	2013-01-12	Two-Way, Divided, Positive Median Barrier	Wet	Daylight	Rain	Head-On (Front - to - Front)	No	Traffic Control Signal	3	1	Pain Reported	4	41.82678	-71.41875	FALSE	FALSE	Francis Street and Gaspee Street, Providence, RI, USA	Med	Neither	distance greater than 100m	TRUE	41.829167	-71.415167	2013	January	Downtown
2944	2013-01-12	165286	22:57:00	Pedestrian	1	NA	FALSE	FALSE	1	Parade St.	CHAPIN AVE	2013-01-13	Two-Way , Not Divided	Wet	Dark - Lighted	Sleet, Hail (Freezing Rain or Drizzle)	Not a Collision Between Two Motor Vehicles in Transport	No	Stop Signs	2	1	Pain Reported	2	41.81192	-71.43118	FALSE	FALSE	Parade St. and Chapin Ave, Providence, RI, USA	Med High	Raw	NA	FALSE	41.81192	-71.43118	2013	January	West End
2942	2013-01-13	165282	14:56:00	Bicycle	NA	1	FALSE	FALSE	1	CUMERFORD ST	DORA ST	2013-01-13	Two-Way , Not Divided	Dry	Daylight	Clear	Not a Collision Between Two Motor Vehicles in Transport	No	Stop Signs	4	1	Pain Reported	2	41.80928	-71.44364	FALSE	FALSE	Cumerford Street and Dora Street, Providence, RI, USA	Med High	Raw	NA	FALSE	41.80928	-71.44364	2013	January	Silver Lake
2940	2013-01-19	166047	18:16:00	Bicycle	NA	1	FALSE	FALSE	1	IVES ST	PRESTON ST	2013-01-19	Two-Way , Not Divided	Dry	Dark - Lighted	Clear	Angle - Direction Not Specified	No	No Controls	4	1	Pain Reported	NA	41.82438	-71.39242	FALSE	FALSE	Ives Street and Preston Street, Providence, RI, USA	Med High	Raw	NA	FALSE	41.82438	-71.39242	2013	January	Fox Point
2941	2013-01-19	166075	22:02:00	Pedestrian	1	NA	FALSE	FALSE	1	Empire St.	Westminster St.	2013-01-19	Two-Way , Not Divided	Dry	Dark - Lighted	Clear	Not a Collision Between Two Motor Vehicles in Transport	No	Traffic Control Signal	5	1	Pain Reported	3	41.82092	-71.41525	FALSE	FALSE	Empire St. and Westminster St., Providence, RI, USA	Med High	Raw	NA	FALSE	41.82092	-71.41525	2013	January	Downtown
2939	2013-01-20	166079	04:42:00	Pedestrian	1	NA	FALSE	FALSE	1	EDDY ST	VERMONT AVE	2013-01-20	Two-Way , Not Divided	Dry	Dark - Lighted	Clear	Not a Collision Between Two Motor Vehicles in Transport	Yes	Stop Signs	2	1	Pain Reported	NA	41.78756	-71.40242	FALSE	FALSE	Eddy Street and Vermont Ave, Providence, RI, USA	Med High	Raw	NA	FALSE	41.78756	-71.40242	2013	January	Washington Park
2938	2013-01-22	166276	10:11:00	Pedestrian	1	NA	FALSE	FALSE	1	425 DEXTER ST	WALDO ST	2013-01-22	Two-Way , Not Divided	Slush	Daylight	Clear	Not a Collision Between Two Motor Vehicles in Transport	Yes	No Controls	1	1	Pain Reported	NA	41.80458	-71.42994	TRUE	FALSE	425 Dexter Street, Providence, RI, USA	High	Raw	NA	FALSE	41.80458	-71.42994	2013	January	West End
2937	2013-01-23	166548	14:46:00	Pedestrian	1	NA	FALSE	FALSE	1	LENOX AVE	NIAGARA ST	2013-01-23	Two-Way , Not Divided	Dry	Daylight	Clear	Other	Yes	No Controls	1	1	Pain Reported	2	41.79732	-71.41794	FALSE	FALSE	Lenox Ave and Niagara Street, Providence, RI, USA	Med High	Raw	NA	FALSE	41.79732	-71.41794	2013	January	Elmwood
2936	2013-01-25	166932	22:58:00	Pedestrian	1	NA	FALSE	FALSE	1	WESTMINSTER ST	MEMORIAL BLVD	2013-01-27	Two-Way , Not Divided	Wet	Dark - Lighted	Cloudy	Not a Collision Between Two Motor Vehicles in Transport	No	Traffic Control Signal	3	1	Pain Reported	NA	41.82529	-71.40898	FALSE	FALSE	Westminster Street and Memorial Blvd, Providence, RI, USA	Med High	Raw	NA	FALSE	41.82529	-71.40898	2013	January	Downtown
2935	2013-01-27	166959	19:14:00	Pedestrian	1	NA	FALSE	FALSE	1	CHALKSTONE AVE	RUGGLES ST	2013-01-27	Two-Way , Not Divided	Dry	Dark - Lighted	Clear	Head-On (Front - to - Front)	Yes	No Controls	2	1	Pain Reported	2	41.83461	-71.42819	FALSE	FALSE	Chalkstone Ave and Ruggles Street, Providence, RI, USA	Med High	Raw	NA	FALSE	41.83461	-71.42819	2013	January	Smith Hill