row_number	crash_date	crash_report_id	crash_time	collision_type	count_pedestrian	count_bicycle	scooter	wheel_chair	number_of_vehicles	street_or_highway	nearest_intersection	report_date	type_of_roadway	road_surface_condition	light_condition	weather_condition	manner_of_impact	hit_and_run	traffic_control	person_count	injury_count	most_serious_injury	number_of_lanes	lat_raw	lon_raw	has_st_number	is_intersection_null	address_sent_to_geocoder	api_coord_conf	best_coordinate_set	reason_for_qa	manually_qaed_record	final_lat	final_lon	year	month	pvd_nhood
2933	2013-01-28	167091	12:43:00	Pedestrian	1	NA	FALSE	FALSE	1	356 SMITH STREET	NA	2013-01-28	Two-Way , Not Divided	Dry	Daylight	Clear	Other	No	No Controls	2	1	Pain Reported	2	41.82678	-71.41875	TRUE	TRUE	356 Smith Street, Providence, RI, USA	High	Neither	distance greater than 100m	TRUE	41.834417	-71.423611	2013	January	Smith Hill
2934	2013-01-28	167092	18:32:00	Pedestrian	1	NA	FALSE	FALSE	1	FRANCIS ST	MEMORIAL BLVD	2013-01-28	Two-Way , Not Divided	Dry	Dark - Lighted	Rain	Not a Collision Between Two Motor Vehicles in Transport	Yes	No Controls	1	0	No Injury	NA	41.82691	-71.41548	FALSE	FALSE	Francis Street and Memorial Blvd, Providence, RI, USA	Med	Raw	distance greater than 100m	TRUE	41.82691	-71.41548	2013	January	Downtown
2931	2013-01-30	167471	21:25:00	Pedestrian	1	NA	FALSE	FALSE	1	Washington St.	Exchange St.	2013-01-30	One-Way Trafficway	Wet	Dark - Lighted	Cloudy	Not a Collision Between Two Motor Vehicles in Transport	No	Flashing Traffic Control Signal	3	1	Pain Reported	2	41.82565	-71.41111	FALSE	FALSE	Washington St. and Exchange St., Providence, RI, USA	Med	Raw	NA	FALSE	41.82565	-71.41111	2013	January	Downtown
2932	2013-01-30	167581	12:53:00	Bicycle	1	NA	FALSE	FALSE	1	ATWOOD ST	PLAINFIELD ST	2013-02-02	One-Way Trafficway	Dry	Daylight	Clear	Not a Collision Between Two Motor Vehicles in Transport	No	Traffic Control Signal	3	0	No Injury	NA	41.81596	-71.44507	FALSE	FALSE	Atwood Street and Plainfield Street, Providence, RI, USA	Med High	Raw	NA	FALSE	41.81596	-71.44507	2013	January	Olneyville
2930	2013-02-02	167619	19:00:00	Pedestrian	1	NA	FALSE	FALSE	1	CHALKSTONE AVENUE	BILTMORE AVENUE	2013-02-02	Two-Way , Not Divided	Dry	Dark - Lighted	Clear	Not a Collision Between Two Motor Vehicles in Transport	No	No Controls	3	1	Pain Reported	2	41.8217	-71.45485	FALSE	FALSE	Chalkstone Avenue and Biltmore Avenue, Providence, RI, USA	Med High	Geocoded	distance greater than 100m	TRUE	41.8328452	-71.4378466	2013	February	Elmhurst
2929	2013-02-03	167689	00:51:00	Pedestrian	1	NA	FALSE	FALSE	1	BROAD ST	SERVICE ROAD 7	2013-02-03	One-Way Trafficway	Dry	Dark - Lighted	Clear	Not a Collision Between Two Motor Vehicles in Transport	Yes	No Controls	1	1	Incapacitating	NA	41.81736	-71.41696	FALSE	FALSE	Broad Street and Service Road 7, Providence, RI, USA	Med	Raw	NA	FALSE	41.81736	-71.41696	2013	February	Upper South Providence
2927	2013-02-09	168319	15:57:00	Pedestrian	1	NA	FALSE	FALSE	1	650 SMITH ST	NA	2013-02-09	Two-Way , Not Divided	Snow	Daylight	Clear	Head-On (Front - to - Front)	No	No Controls	2	1	Pain Reported	2	41.83694	-71.43209	TRUE	TRUE	650 Smith Street, Providence, RI, USA	High	Raw	NA	FALSE	41.83694	-71.43209	2013	February	Elmhurst
2928	2013-02-09	170067	08:53:00	Pedestrian	1	NA	FALSE	FALSE	1	BROADWAY	ALMY ST	2013-02-20	Two-Way , Not Divided	Snow	Daylight	Blowing Snow	Not a Collision Between Two Motor Vehicles in Transport	Yes	Traffic Control Signal	1	1	Pain Reported	2	41.81896	-71.43294	FALSE	FALSE	Broadway and Almy Street, Providence, RI, USA	Med	Raw	NA	FALSE	41.81896	-71.43294	2013	February	Federal Hill
2926	2013-02-12	168576	13:45:00	Pedestrian	1	NA	FALSE	FALSE	1	HAYES ST	Providence Place	2013-02-12	One-Way Trafficway	Wet	Dark - Lighted	Clear	Other	Yes	No Controls	3	1	Pain Reported	1	41.82932	-71.41733	FALSE	FALSE	Hayes Street and Providence Place, Providence, RI, USA	Med	Raw	distance greater than 100m	TRUE	41.82932	-71.41733	2013	February	Downtown
2925	2013-02-13	168711	16:42:00	Bicycle	NA	1	FALSE	FALSE	1	W RIVER ST	BRANCH AVE	2013-02-13	Two-Way , Not Divided	Wet	Daylight	Clear	Not a Collision Between Two Motor Vehicles in Transport	No	Pavement Markings	2	1	Pain Reported	2	41.84688	-71.4127	FALSE	FALSE	W River Street and Branch Ave, Providence, RI, USA	Med High	Raw	NA	FALSE	41.84688	-71.4127	2013	February	Mount Hope
2924	2013-02-15	169019	22:58:00	Bicycle	NA	1	FALSE	FALSE	1	Washington Street	MATHEWSON ST	2013-02-15	Two-Way , Not Divided	Wet	Dark - Lighted	Clear	Not a Collision Between Two Motor Vehicles in Transport	Yes	Traffic Control Signal	1	1	Pain Reported	NA	41.82305	-71.4148	FALSE	FALSE	Washington Street and Mathewson Street, Providence, RI, USA	Med High	Raw	NA	FALSE	41.82305	-71.4148	2013	February	Downtown
2922	2013-02-16	169020	01:55:00	Pedestrian	1	NA	FALSE	FALSE	1	ABORN ST	WASHINGTON ST	2013-02-16	One-Way Trafficway	Snow	Dark - Lighted	Cloudy	Rear End(Front-to-Rear)	No	No Controls	3	1	Pain Reported	NA	41.82185	-71.41544	FALSE	FALSE	Aborn Street and Washington Street, Providence, RI, USA	Med High	Raw	NA	FALSE	41.82185	-71.41544	2013	February	Downtown
2923	2013-02-16	169206	13:50:00	Pedestrian	1	NA	FALSE	FALSE	1	99 KENNEDY PLAZA	NA	2013-02-17	One-Way Trafficway	Wet	Daylight	Snow	Other	No	No Controls	4	1	Pain Reported	1	41.82602	-71.41884	TRUE	TRUE	99 Kennedy Plaza, Providence, RI, USA	High	Neither	distance greater than 100m	TRUE	41.824611	-71.412556	2013	February	Downtown
2921	2013-02-22	170973	14:30:00	Pedestrian	1	NA	FALSE	FALSE	1	N MAIN ST	N MAIN ST	2013-03-04	Two-Way , Not Divided	Dry	Daylight	Clear	Other	Yes	Stop Signs	1	1	Pain Reported	NA	41.83646	-71.40963	FALSE	FALSE	N Main Street and N Main Street, Providence, RI, USA	Med	Raw	distance greater than 100m	TRUE	41.83646	-71.40963	2013	February	College Hill
2918	2013-02-23	170086	10:59:00	Pedestrian	1	NA	FALSE	FALSE	1	1070 HOPE STREET	BLACKSTONE BLVD	2013-02-23	Two-Way , Not Divided	Dry	Daylight	Clear	Other	No	No Controls	3	1	Non-Incapacitating	2	41.83349	-71.41682	TRUE	FALSE	1070 Hope Street, Providence, RI, USA	High	Geocoded	distance greater than 100m	TRUE	41.8564793	-71.3915134	2013	February	Hope
2919	2013-02-23	170141	02:45:00	Pedestrian	1	NA	FALSE	FALSE	1	UNION ST	WASHINGTON ST	2013-02-24	Two-Way , Not Divided	Dry	Dark - Lighted	Clear	Not a Collision Between Two Motor Vehicles in Transport	Yes	No Controls	1	1	Pain Reported	NA	41.82364	-71.41405	FALSE	FALSE	Union Street and Washington Street, Providence, RI, USA	Med	Raw	NA	FALSE	41.82364	-71.41405	2013	February	Downtown
2920	2013-02-23	170280	13:53:00	Other	NA	NA	FALSE	TRUE	1	WESTMINSTER ST	EMPIRE ST	2013-02-26	Two-Way , Not Divided	Dry	Daylight	Cloudy	Not a Collision Between Two Motor Vehicles in Transport	No	Traffic Control Signal	4	1	Non-Incapacitating	NA	41.82097	-71.41532	FALSE	FALSE	Westminster Street and Empire Street, Providence, RI, USA	Med High	Raw	NA	FALSE	41.82097	-71.41532	2013	February	Downtown
2916	2013-02-24	170159	16:22:00	Bicycle	NA	1	FALSE	FALSE	1	College St	BENEFIT ST	2013-02-24	Two-Way , Not Divided	Wet	Daylight	Rain	Unknown	No	Stop Signs	2	1	Pain Reported	2	41.82599	-71.40684	FALSE	FALSE	College Street and Benefit Street, Providence, RI, USA	Med	Raw	NA	FALSE	41.82599	-71.40684	2013	February	College Hill
2917	2013-02-24	170166	18:43:00	Bicycle	NA	1	FALSE	FALSE	1	BRANCH AVE	CHARLES ST	2013-02-24	Two-Way , Not Divided	Wet	Dark - Lighted	Rain	Not a Collision Between Two Motor Vehicles in Transport	No	Traffic Control Signal	3	1	Pain Reported	2	41.85021	-71.41986	FALSE	FALSE	Branch Ave and Charles Street, Providence, RI, USA	Med High	Raw	NA	FALSE	41.85021	-71.41986	2013	February	Charles
2914	2013-02-25	170251	18:55:00	Pedestrian	1	NA	FALSE	FALSE	1	165 Pitman St	BUTLER AVE	2013-02-25	Two-Way , Not Divided	Dry	Dark - Lighted	Clear	Not a Collision Between Two Motor Vehicles in Transport	No	No Controls	2	1	Pain Reported	NA	41.8268	-71.38605	TRUE	FALSE	165 Pitman Street, Providence, RI, USA	High	Raw	distance greater than 100m	TRUE	41.8268	-71.38605	2013	February	Fox Point
2915	2013-02-25	170287	12:50:00	Pedestrian	1	NA	FALSE	FALSE	1	601 N MAIN ST	N MAIN ST	2013-02-26	Two-Way, Divided, Unprotected (painted>4feet) Medium	Dry	Daylight	Clear	Other	No	No Controls	3	1	Pain Reported	NA	41.83706	-71.40951	TRUE	FALSE	601 N Main Street, Providence, RI, USA	High	Raw	distance greater than 100m	TRUE	41.83706	-71.40951	2013	February	College Hill
2913	2013-02-26	170368	18:58:00	Pedestrian	1	NA	FALSE	FALSE	1	ALLENS AVE	EDDY ST	2013-02-26	Two-Way, Divided, Positive Median Barrier	Dry	Dark - Not Lighted	Clear	Head-On (Front - to - Front)	No	No Controls	3	1	Non-Incapacitating	4	41.81505	-71.4066	FALSE	FALSE	Allens Ave and Eddy Street, Providence, RI, USA	Med High	Raw	NA	FALSE	41.81505	-71.4066	2013	February	Downtown
2912	2013-02-28	170600	06:57:00	Bicycle	NA	1	FALSE	FALSE	1	EDDY STREET	RHODES STREET	2013-02-28	Two-Way , Not Divided	Wet	Daylight	Clear	Other	No	No Controls	2	1	Non-Incapacitating	2	41.82672	-71.41981	FALSE	FALSE	Eddy Street and Rhodes Street, Providence, RI, USA	Med High	Geocoded	distance greater than 100m	TRUE	41.808252	-71.4072355	2013	February	Upper South Providence
2909	2013-03-01	170751	07:30:00	Pedestrian	2	NA	FALSE	FALSE	1	PETTEYS AVE	GLENBRIDGE AVE	2013-03-01	Two-Way , Not Divided	Dry	Daylight	Clear	Head-On (Front - to - Front)	No	Traffic Control Signal	5	2	Pain Reported	NA	41.81891	-71.46165	FALSE	FALSE	Petteys Ave and Glenbridge Ave, Providence, RI, USA	Med High	Raw	NA	FALSE	41.81891	-71.46165	2013	March	Hartford
2910	2013-03-01	170770	12:40:00	Bicycle	NA	1	FALSE	FALSE	1	WASHINGTON ST	CLEMENCE ST	2013-03-01	Two-Way , Not Divided	Dry	Daylight	Clear	Sideswipe, Same Direction	No	No Controls	3	1	Pain Reported	NA	41.82332	-71.4144	FALSE	FALSE	Washington Street and Clemence Street, Providence, RI, USA	Med High	Raw	NA	FALSE	41.82332	-71.4144	2013	March	Downtown
2911	2013-03-01	171050	07:44:00	Pedestrian	1	NA	FALSE	FALSE	1	CHARLES ST	CHARLES ST	2013-03-04	Two-Way , Not Divided	Dry	Daylight	Clear	Other	No	No Controls	2	1	Pain Reported	NA	41.84834	-71.41968	FALSE	FALSE	Charles Street and Charles Street, Providence, RI, USA	Med	Raw	NA	FALSE	41.84834	-71.41968	2013	March	Charles
2908	2013-03-02	170906	20:05:00	Bicycle	NA	1	FALSE	FALSE	1	BRANCH AVE	LANGDON ST	2013-03-03	Two-Way , Not Divided	Dry	Dark - Lighted	Clear	Not a Collision Between Two Motor Vehicles in Transport	No	Stop Signs	3	1	Pain Reported	NA	41.85221	-71.42447	FALSE	FALSE	Branch Ave and Langdon Street, Providence, RI, USA	Med High	Raw	NA	FALSE	41.85221	-71.42447	2013	March	Charles
2906	2013-03-06	171350	18:12:00	Pedestrian	1	NA	FALSE	FALSE	1	82 SMITH ST	NA	2013-03-06	Two-Way , Not Divided	Wet	Dark - Lighted	Rain	Other	No	No Controls	4	1	Pain Reported	4	41.83159	-71.41353	TRUE	TRUE	82 Smith Street, Providence, RI, USA	High	Raw	distance greater than 100m	TRUE	41.83159	-71.41353	2013	March	Downtown
2907	2013-03-06	171368	19:32:00	Pedestrian	1	NA	FALSE	FALSE	1	Washington St.	Exchange St.	2013-03-06	One-Way Trafficway	Wet	Dark - Lighted	Rain	Not a Collision Between Two Motor Vehicles in Transport	No	Traffic Control Signal	8	1	Pain Reported	2	41.82564	-71.41112	FALSE	FALSE	Washington St. and Exchange St., Providence, RI, USA	Med	Raw	NA	FALSE	41.82564	-71.41112	2013	March	Downtown
2904	2013-03-07	171499	14:48:00	Pedestrian	1	NA	FALSE	FALSE	1	244 CHAD BROWN ST	NA	2013-03-07	Two-Way , Not Divided	Wet	Daylight	Blowing Snow	Not a Collision Between Two Motor Vehicles in Transport	No	No Controls	2	1	Pain Reported	2	41.84049	-71.42394	TRUE	TRUE	244 Chad Brown Street, Providence, RI, USA	High	Raw	NA	FALSE	41.84049	-71.42394	2013	March	Wanskuck
2905	2013-03-07	171584	09:19:00	Pedestrian	1	NA	FALSE	FALSE	1	FOUNTAIN ST	FOUNTAIN ST	2013-03-07	One-Way Trafficway	Snow	Daylight	Snow	Not a Collision Between Two Motor Vehicles in Transport	No	Traffic Control Signal	3	1	Pain Reported	NA	41.82327	-71.41613	FALSE	FALSE	Fountain Street and Fountain Street, Providence, RI, USA	Med	Raw	NA	FALSE	41.82327	-71.41613	2013	March	Downtown
2903	2013-03-08	171586	21:45:00	Pedestrian	1	NA	FALSE	FALSE	1	WATERMAN ST	BROWN ST	2013-03-08	One-Way Trafficway	Ice/Frost	Dark - Lighted	Clear	Other	No	Stop Signs	8	1	Pain Reported	NA	41.82705	-71.40304	FALSE	FALSE	Waterman Street and Brown Street, Providence, RI, USA	Med High	Raw	NA	FALSE	41.82705	-71.40304	2013	March	College Hill
2901	2013-03-09	171639	16:42:00	Pedestrian	1	NA	FALSE	FALSE	1	MOOREFIELD ST	POCASSET AVE	2013-03-09	Two-Way, Divided, Positive Median Barrier	Dry	Daylight	Clear	Other	No	No Controls	2	1	Pain Reported	NA	41.80693	-71.45674	FALSE	FALSE	Moorefield Street and Pocasset Ave, Providence, RI, USA	Med High	Raw	NA	FALSE	41.80693	-71.45674	2013	March	Silver Lake
2902	2013-03-09	172151	13:34:00	Pedestrian	1	NA	FALSE	FALSE	1	WESTMINSTER ST	EMPIRE ST	2013-03-09	Two-Way , Not Divided	Dry	Daylight	Clear	Not a Collision Between Two Motor Vehicles in Transport	No	Traffic Control Signal	4	1	Pain Reported	NA	41.82097	-71.41532	FALSE	FALSE	Westminster Street and Empire Street, Providence, RI, USA	Med High	Raw	NA	FALSE	41.82097	-71.41532	2013	March	Downtown
2900	2013-03-15	172288	19:54:00	Pedestrian	1	NA	FALSE	FALSE	1	THAYER ST	WATERMAN ST	2013-03-15	One-Way Trafficway	Dry	Dark - Lighted	Clear	Head-On (Front - to - Front)	No	No Controls	2	1	Pain Reported	NA	41.82729	-71.40054	FALSE	FALSE	Thayer Street and Waterman Street, Providence, RI, USA	Med High	Raw	NA	FALSE	41.82729	-71.40054	2013	March	College Hill
2899	2013-03-17	172586	20:48:00	Pedestrian	1	NA	FALSE	FALSE	1	EXCHANGE TER	EXCHANGE ST	2013-03-17	One-Way Trafficway	Dry	Dark - Lighted	Clear	Not a Collision Between Two Motor Vehicles in Transport	Yes	No Controls	1	1	Non-Incapacitating	2	41.82502	-71.41483	FALSE	FALSE	Exchange Ter and Exchange Street, Providence, RI, USA	Med High	Raw	NA	FALSE	41.82502	-71.41483	2013	March	Downtown
2898	2013-03-19	172874	16:19:00	Pedestrian	1	NA	FALSE	FALSE	1	PINE ST	RICHMOND ST	2013-03-19	Two-Way , Not Divided	Wet	Daylight	Cloudy	Not a Collision Between Two Motor Vehicles in Transport	Yes	Stop Signs	2	0	No Injury	2	41.8206	-71.41181	FALSE	FALSE	Pine Street and Richmond Street, Providence, RI, USA	Med	Raw	NA	FALSE	41.8206	-71.41181	2013	March	Downtown
2897	2013-03-20	172941	18:08:00	Pedestrian	1	NA	FALSE	FALSE	1	BRANCH AVE	VANDEWATER ST	2013-03-20	Two-Way , Not Divided	Dry	Daylight	Clear	Other	No	No Controls	3	1	Pain Reported	NA	41.85366	-71.42879	FALSE	FALSE	Branch Ave and Vandewater Street, Providence, RI, USA	Med High	Raw	NA	FALSE	41.85366	-71.42879	2013	March	Wanskuck
2896	2013-03-26	173580	15:19:00	Bicycle	NA	1	FALSE	FALSE	1	HOPE ST	POWER ST	2013-03-26	Two-Way , Not Divided	Dry	Daylight	Clear	Angle (Front - to - Side) Right Angle (Includes Broadside)	No	Stop Signs	2	1	Incapacitating	NA	41.82318	-71.39702	FALSE	FALSE	Hope Street and Power Street, Providence, RI, USA	Med High	Raw	NA	FALSE	41.82318	-71.39702	2013	March	College Hill
2895	2013-03-27	173746	16:33:00	Pedestrian	1	NA	FALSE	FALSE	1	GENEVA ST	CHALKSTONE AVE	2013-03-27	Two-Way , Not Divided	Dry	Daylight	Clear	Not a Collision Between Two Motor Vehicles in Transport	Yes	No Controls	2	1	Pain Reported	2	41.83227	-71.44094	FALSE	FALSE	Geneva Street and Chalkstone Ave, Providence, RI, USA	Med High	Raw	NA	FALSE	41.83227	-71.44094	2013	March	Valley
2893	2013-03-30	174016	15:34:00	Bicycle	NA	1	FALSE	FALSE	1	BROADWAY	VINTON ST	2013-03-30	Two-Way , Not Divided	Dry	Daylight	Clear	Not a Collision Between Two Motor Vehicles in Transport	No	No Controls	3	1	Pain Reported	NA	41.8201	-71.42807	FALSE	FALSE	Broadway and Vinton Street, Providence, RI, USA	Med	Raw	NA	FALSE	41.8201	-71.42807	2013	March	Federal Hill
2894	2013-03-30	174102	19:19:00	Bicycle	NA	1	FALSE	FALSE	1	RESERVOIR AVE	NARRAGANSETT AVE	2013-03-31	Two-Way, Divided, Unprotected (painted>4feet) Medium	Dry	Daylight	Clear	Not a Collision Between Two Motor Vehicles in Transport	No	Traffic Control Signal	3	1	Pain Reported	NA	41.79444	-71.42665	FALSE	FALSE	Reservoir Ave and Narragansett Ave, Providence, RI, USA	Med High	Raw	NA	FALSE	41.79444	-71.42665	2013	March	Reservoir
2891	2013-04-01	174198	15:05:00	Bicycle	NA	1	FALSE	FALSE	1	TROY ST	WESTMINSTER ST	2013-04-01	Two-Way , Not Divided	Dry	Daylight	Clear	Not a Collision Between Two Motor Vehicles in Transport	No	No Controls	2	1	Pain Reported	4	41.81651	-71.44128	FALSE	FALSE	Troy Street and Westminster Street, Providence, RI, USA	Med High	Raw	NA	FALSE	41.81651	-71.44128	2013	April	Olneyville
2892	2013-04-01	174266	14:49:00	Bicycle	NA	1	FALSE	FALSE	1	ATWELLS AVE	EAGLE ST	2013-04-01	Two-Way , Not Divided	Dry	Daylight	Clear	Not a Collision Between Two Motor Vehicles in Transport	No	No Controls	5	1	Pain Reported	NA	41.82443	-71.43514	FALSE	FALSE	Atwells Ave and Eagle Street, Providence, RI, USA	Med High	Raw	NA	FALSE	41.82443	-71.43514	2013	April	Olneyville
2890	2013-04-02	174274	00:08:00	Pedestrian	1	NA	FALSE	FALSE	1	Atwells Ave.	Harris Ave.	2013-04-02	Unknown	Dry	Dark - Lighted	Cloudy	Not a Collision Between Two Motor Vehicles in Transport	Yes	No Controls	4	1	Pain Reported	NA	41.82444	-71.43527	FALSE	FALSE	Atwells Ave. and Harris Ave., Providence, RI, USA	Med High	Raw	NA	FALSE	41.82444	-71.43527	2013	April	Olneyville
2889	2013-04-04	174825	20:44:00	Pedestrian	1	NA	FALSE	FALSE	1	Cranston St	Bridgham St	2013-04-07	Two-Way , Not Divided	Dry	Dark - Lighted	Clear	Not a Collision Between Two Motor Vehicles in Transport	No	Traffic Control Signal	2	1	Pain Reported	NA	41.81396	-71.42694	FALSE	FALSE	Cranston Street and Bridgham Street, Providence, RI, USA	Med High	Raw	NA	FALSE	41.81396	-71.42694	2013	April	West End
2887	2013-04-08	174882	10:57:00	Pedestrian	1	NA	FALSE	FALSE	1	BLACKSTONE ST	EDDY ST	2013-04-08	Two-Way , Not Divided	Dry	Daylight	Clear	Not a Collision Between Two Motor Vehicles in Transport	No	No Controls	3	1	Pain Reported	NA	41.81012	-71.40729	FALSE	FALSE	Blackstone Street and Eddy Street, Providence, RI, USA	Med High	Raw	NA	FALSE	41.81012	-71.40729	2013	April	Upper South Providence
2888	2013-04-08	174883	11:32:00	Pedestrian	1	NA	FALSE	FALSE	1	EMPIRE ST	WASHINGTON ST	2013-04-08	Two-Way , Not Divided	Dry	Daylight	Clear	Not a Collision Between Two Motor Vehicles in Transport	No	Traffic Control Signal	2	1	Pain Reported	NA	41.82189	-71.41654	FALSE	FALSE	Empire Street and Washington Street, Providence, RI, USA	Med High	Raw	NA	FALSE	41.82189	-71.41654	2013	April	Downtown
2886	2013-04-09	175052	19:44:00	Pedestrian	1	NA	FALSE	FALSE	1	195 Vinton St	NA	2013-04-09	Two-Way , Not Divided	Dry	Dark - Lighted	Clear	Not a Collision Between Two Motor Vehicles in Transport	No	No Controls	3	1	Pain Reported	NA	41.81884	-71.42692	TRUE	TRUE	195 Vinton Street, Providence, RI, USA	High	Raw	NA	FALSE	41.81884	-71.42692	2013	April	Federal Hill
2885	2013-04-10	175184	17:50:00	Pedestrian	1	NA	FALSE	FALSE	1	Thurbers Ave	Burnside Street	2013-04-10	Two-Way , Not Divided	Dry	Daylight	Clear	Other	No	Stop Signs	3	1	Pain Reported	NA	41.79916	-71.40973	FALSE	FALSE	Thurbers Ave and Burnside Street, Providence, RI, USA	Med High	Raw	NA	FALSE	41.79916	-71.40973	2013	April	Lower South Providence
2884	2013-04-13	175482	23:49:00	Pedestrian	1	NA	FALSE	FALSE	1	North Main St	Rochambeau Ave	2013-04-14	Two-Way, Divided, Positive Median Barrier	Dry	Dark - Lighted	Clear	Not a Collision Between Two Motor Vehicles in Transport	No	Traffic Control Signal	3	1	Pain Reported	NA	41.84676	-71.40505	FALSE	FALSE	North Main Street and Rochambeau Ave, Providence, RI, USA	Med	Raw	NA	FALSE	41.84676	-71.40505	2013	April	Mount Hope
2882	2013-04-15	175589	06:46:00	Pedestrian	1	NA	FALSE	FALSE	1	WESTMINISTER STREET	SERVICE ROAD # 3	2013-04-15	Two-Way , Not Divided	Dry	Daylight	Clear	Other	Yes	No Controls	1	1	Pain Reported	2	41.82477	-71.41987	FALSE	FALSE	Westminister Street and Service Road # 3, Providence, RI, USA	Med High	Geocoded	distance greater than 100m	TRUE	41.816332	-71.4406099	2013	April	Olneyville
2883	2013-04-15	175845	17:40:00	Pedestrian	1	NA	FALSE	FALSE	1	RAYMOND STREET	CHALKSTONE AVENUE	2013-04-15	Two-Way , Not Divided	Dry	Daylight	Clear	Not a Collision Between Two Motor Vehicles in Transport	No	Traffic Control Signal	2	1	Non-Incapacitating	2	41.82609	-71.42328	FALSE	FALSE	Raymond Street and Chalkstone Avenue, Providence, RI, USA	Med	Geocoded	distance greater than 100m	TRUE	41.834203	-71.4302486	2013	April	Elmhurst
2880	2013-04-16	175739	10:32:00	Bicycle	NA	1	FALSE	FALSE	1	BENEVOLENT ST	BROOK ST	2013-04-16	Two-Way , Not Divided	Dry	Daylight	Clear	Angle (Front - to - Side) Right Angle (Includes Broadside)	No	Stop Signs	3	1	Pain Reported	NA	41.8249	-71.39897	FALSE	FALSE	Benevolent Street and Brook Street, Providence, RI, USA	Med High	Raw	NA	FALSE	41.8249	-71.39897	2013	April	College Hill
2881	2013-04-16	175782	14:18:00	Bicycle	NA	1	FALSE	FALSE	1	VALLEY ST	EAGLE ST	2013-04-16	Two-Way , Not Divided	Dry	Daylight	Clear	Other	No	Flashing Traffic Control Signal	3	1	Pain Reported	NA	41.82741	-71.4364	FALSE	FALSE	Valley Street and Eagle Street, Providence, RI, USA	Med High	Raw	NA	FALSE	41.82741	-71.4364	2013	April	Valley
2879	2013-04-18	176056	23:29:00	Bicycle	NA	1	FALSE	FALSE	1	COLLEGE ST	WESTMINSTER ST	2013-04-19	Two-Way , Not Divided	Dry	Dark - Lighted	Cloudy	Not a Collision Between Two Motor Vehicles in Transport	No	Traffic Control Signal	5	1	Incapacitating	2	41.8253	-71.40888	FALSE	FALSE	College Street and Westminster Street, Providence, RI, USA	Med	Raw	NA	FALSE	41.8253	-71.40888	2013	April	Downtown
2878	2013-04-19	176091	18:09:00	Pedestrian	1	NA	FALSE	FALSE	1	N MAIN ST	N MAIN ST	2013-04-19	Two-Way, Divided, Positive Median Barrier	Wet	Dusk	Cloudy	Head-On (Front - to - Front)	No	No Controls	2	1	Pain Reported	NA	41.8434	-71.40715	FALSE	FALSE	N Main Street and N Main Street, Providence, RI, USA	Med	Raw	distance greater than 100m	TRUE	41.8434	-71.40715	2013	April	Mount Hope
2877	2013-04-20	176125	02:10:00	Pedestrian	2	NA	FALSE	FALSE	1	548 Atwells Ave	EAGLE ST	2013-04-20	Two-Way , Not Divided	Wet	Dark - Lighted	Rain	Not a Collision Between Two Motor Vehicles in Transport	No	No Controls	4	2	Pain Reported	NA	41.82439	-71.43469	TRUE	FALSE	548 Atwells Ave, Providence, RI, USA	High	Raw	NA	FALSE	41.82439	-71.43469	2013	April	Olneyville
2875	2013-04-22	176372	08:04:00	Pedestrian	1	NA	FALSE	FALSE	1	CUTLER STREET	ATWELLS AVENUE	2013-04-22	Two-Way , Not Divided	Dry	Daylight	Clear	Other	Yes	No Controls	1	1	Pain Reported	2	41.82435	-71.41963	FALSE	FALSE	Cutler Street and Atwells Avenue, Providence, RI, USA	Med High	Geocoded	distance greater than 100m	TRUE	41.8246953	-71.4415532	2013	April	Olneyville
2876	2013-04-22	176392	11:30:00	Bicycle	NA	1	FALSE	FALSE	1	1500 BROAD STREET	NA	2013-04-22	Two-Way , Not Divided	Dry	Daylight	Clear	Head-On (Front - to - Front)	No	No Controls	4	1	Non-Incapacitating	2	41.83116	-71.41751	TRUE	TRUE	1500 Broad Street, Providence, RI, USA	High	Geocoded	distance greater than 100m	TRUE	41.7865493	-71.4017784	2013	April	Washington Park
2873	2013-04-24	176607	18:09:00	Pedestrian	1	NA	FALSE	FALSE	1	plain st	BORDEN ST	2013-04-24	Two-Way , Not Divided	Dry	Daylight	Clear	Not a Collision Between Two Motor Vehicles in Transport	Yes	Stop Signs	1	1	Pain Reported	2	41.81334	-71.41232	FALSE	FALSE	Plain Street and Borden Street, Providence, RI, USA	Med High	Raw	NA	FALSE	41.81334	-71.41232	2013	April	Upper South Providence
2874	2013-04-24	176613	18:45:00	Bicycle	NA	1	FALSE	FALSE	1	160 JULIAN STREET	AMHERST ST	2013-04-24	Two-Way , Not Divided	Dry	Daylight	Clear	Angle - Direction Not Specified	No	No Controls	2	1	Pain Reported	2	41.82379	-71.44476	TRUE	FALSE	160 Julian Street, Providence, RI, USA	High	Raw	NA	FALSE	41.82379	-71.44476	2013	April	Olneyville
2872	2013-04-27	176807	23:39:00	Pedestrian	1	NA	FALSE	FALSE	1	338 Manton Ave	AMHERST ST	2013-04-27	Two-Way , Not Divided	Dry	Dark - Lighted	Clear	Not a Collision Between Two Motor Vehicles in Transport	No	No Controls	3	1	Pain Reported	2	41.82336	-71.45111	TRUE	FALSE	338 Manton Ave, Providence, RI, USA	High	Raw	NA	FALSE	41.82336	-71.45111	2013	April	Olneyville