row_number	crash_date	crash_report_id	crash_time	collision_type	count_pedestrian	count_bicycle	scooter	wheel_chair	number_of_vehicles	street_or_highway	nearest_intersection	report_date	type_of_roadway	road_surface_condition	light_condition	weather_condition	manner_of_impact	hit_and_run	traffic_control	person_count	injury_count	most_serious_injury	number_of_lanes	lat_raw	lon_raw	has_st_number	is_intersection_null	address_sent_to_geocoder	api_coord_conf	best_coordinate_set	reason_for_qa	manually_qaed_record	final_lat	final_lon	year	month	pvd_nhood
2612	2014-04-08	226672	08:31:00	Pedestrian	1	NA	FALSE	FALSE	1	BROADWAY	BARTON ST	2014-04-13	Two-Way , Not Divided	Wet	Daylight	Rain	Not a Collision Between Two Motor Vehicles in Transport	No	Person	6	0	No Injury	NA	41.81797	-71.43714	FALSE	FALSE	Broadway and Barton Street, Providence, RI, USA	Med	Raw	NA	FALSE	41.81797	-71.43714	2014	April	Federal Hill
2610	2014-04-09	225909	12:12:00	Bicycle	NA	1	FALSE	FALSE	1	BRANCH AVE	LANGDON ST	2014-04-09	Two-Way , Not Divided	Dry	Daylight	Clear	Not a Collision Between Two Motor Vehicles in Transport	No	No Controls	3	0	No Injury	2	41.85221	-71.42447	FALSE	FALSE	Branch Ave and Langdon Street, Providence, RI, USA	Med High	Raw	NA	FALSE	41.85221	-71.42447	2014	April	Charles
2608	2014-04-10	226095	09:04:00	Bicycle	NA	1	FALSE	FALSE	1	ELMWOOD AVENUE	POTTERS AVENUE	2014-04-10	Two-Way , Not Divided	Dry	Daylight	Clear	Other	No	Traffic Control Signal	3	0	No Injury	4	41.83618	-71.41545	FALSE	FALSE	Elmwood Avenue and Potters Avenue, Providence, RI, USA	Med High	Geocoded	distance greater than 100m	TRUE	41.8015172	-71.4263655	2014	April	West End
2609	2014-04-10	226191	15:42:00	Pedestrian	1	NA	FALSE	FALSE	1	10 GORDON AVE	NA	2014-04-10	Two-Way , Not Divided	Dry	Daylight	Clear	Not a Collision Between Two Motor Vehicles in Transport	No	No Controls	3	1	Pain Reported	2	41.805	-71.41628	TRUE	TRUE	10 Gordon Ave, Providence, RI, USA	High	Raw	NA	FALSE	41.805	-71.41628	2014	April	Lower South Providence
2607	2014-04-13	226714	01:17:00	Pedestrian	1	NA	FALSE	FALSE	1	CORINA ST	FERNANDO ST	2014-04-13	Two-Way , Not Divided	Dry	Dark - Lighted	Clear	Not a Collision Between Two Motor Vehicles in Transport	Yes	No Controls	2	1	Pain Reported	NA	41.84674	-71.42949	FALSE	FALSE	Corina Street and Fernando Street, Providence, RI, USA	Med High	Raw	NA	FALSE	41.84674	-71.42949	2014	April	Wanskuck
2606	2014-04-14	226829	15:47:00	Pedestrian	1	NA	FALSE	FALSE	1	DUDLEY STREET	PLAIN ST	2014-04-14	Two-Way , Not Divided	Dry	Daylight	Clear	Not a Collision Between Two Motor Vehicles in Transport	No	Stop Signs	4	1	Pain Reported	NA	41.81022	-71.41121	FALSE	FALSE	Dudley Street and Plain Street, Providence, RI, USA	Med High	Raw	NA	FALSE	41.81022	-71.41121	2014	April	Upper South Providence
2605	2014-04-15	226896	07:29:00	Bicycle	NA	1	FALSE	FALSE	1	SORRENTO ST	WALDO ST	2014-04-15	Two-Way , Not Divided	Wet	Daylight	Rain	Not a Collision Between Two Motor Vehicles in Transport	No	Stop Signs	4	1	Pain Reported	NA	41.80718	-71.43796	FALSE	FALSE	Sorrento Street and Waldo Street, Providence, RI, USA	Med High	Raw	NA	FALSE	41.80718	-71.43796	2014	April	West End
2603	2014-04-16	227103	12:12:00	Pedestrian	1	NA	FALSE	FALSE	1	11 SOUTH ANGELL STREET	ANGELL STREET	2014-04-16	One-Way Trafficway	Dry	Daylight	Clear	Other	No	Traffic Control Signal	3	1	Non-Incapacitating	2	41.83578	-71.4154	TRUE	FALSE	11 South Angell Street, Providence, RI, USA	High	Geocoded	distance greater than 100m	TRUE	41.8297034	-71.3876097	2014	April	Wayland
2604	2014-04-16	227174	09:17:00	Pedestrian	1	NA	FALSE	FALSE	1	MAGNOLIA ST	HULDAH ST	2014-04-16	Two-Way , Not Divided	Dry	Daylight	Clear	Not a Collision Between Two Motor Vehicles in Transport	Yes	No Controls	3	1	Pain Reported	NA	41.8135	-71.44539	FALSE	FALSE	Magnolia Street and Huldah Street, Providence, RI, USA	Med	Raw	NA	FALSE	41.8135	-71.44539	2014	April	Silver Lake
2602	2014-04-19	227685	14:30:00	Pedestrian	1	NA	FALSE	FALSE	1	COLLEGE ST	South Main ST	2014-04-19	Two-Way , Not Divided	Dry	Daylight	Clear	Head-On (Front - to - Front)	No	Traffic Control Signal	3	1	Pain Reported	NA	41.82563	-71.40787	FALSE	FALSE	College Street and South Main Street, Providence, RI, USA	Med	Raw	NA	FALSE	41.82563	-71.40787	2014	April	Downtown
2601	2014-04-20	227839	17:48:00	Pedestrian	1	NA	FALSE	FALSE	1	221 MOUNT PLEASANT AVENUE	221 MOUNT PLEASANT AVENUE	2014-04-20	Two-Way , Not Divided	Dry	Daylight	Clear	Angle (Front - to - Side) Right Angle (Includes Broadside)	No	No Controls	2	1	Non-Incapacitating	NA	41.82485	-71.43178	TRUE	FALSE	221 Mount Pleasant Avenue, Providence, RI, USA	High	Geocoded	distance greater than 100m	TRUE	41.8321039	-71.4494172	2014	April	Mount Pleasant
2600	2014-04-21	227963	15:56:00	Pedestrian	1	NA	FALSE	FALSE	1	FULTON ST	10 DORRANCE ST	2014-04-21	Two-Way , Not Divided	Dry	Daylight	Clear	Other	No	No Controls	3	1	Pain Reported	NA	41.82413	-71.41236	FALSE	FALSE	Fulton Street and 10 Dorrance Street, Providence, RI, USA	Med High	Raw	NA	FALSE	41.82413	-71.41236	2014	April	Downtown
2599	2014-04-25	228428	10:31:00	Other	NA	1	TRUE	FALSE	1	WOODARD ROAD	BRANCH AVENUE	2014-04-25	Two-Way , Not Divided	Dry	Daylight	Clear	Other	No	Stop Signs	2	0	No Injury	2	41.83349	-71.41682	FALSE	FALSE	Woodard Road and Branch Avenue, Providence, RI, USA	Med High	Geocoded	distance greater than 100m	TRUE	41.8534892	-71.4280628	2014	April	Wanskuck
2598	2014-04-29	228898	07:36:00	Pedestrian	1	NA	FALSE	FALSE	1	780 CHALSTONE AVENUE	NA	2014-04-29	Two-Way , Not Divided	Dry	Daylight	Clear	Other	No	Stop Signs	2	1	Pain Reported	2	41.83605	-71.41542	TRUE	TRUE	780 Chalstone Avenue, Providence, RI, USA	High	Geocoded	distance greater than 100m	TRUE	41.8338414	-71.4327558	2014	April	Valley
2597	2014-04-30	229453	21:54:00	Pedestrian	1	NA	FALSE	FALSE	1	POTTERS AVE	HAMILTON ST	2014-05-01	Two-Way , Not Divided	Wet	Dark - Unknown Lighting	Rain	Not a Collision Between Two Motor Vehicles in Transport	Yes	Unknown	3	1	Pain Reported	NA	41.80188	-71.42265	FALSE	FALSE	Potters Ave and Hamilton Street, Providence, RI, USA	Med High	Raw	NA	FALSE	41.80188	-71.42265	2014	April	Elmwood
2595	2014-05-03	229714	06:56:00	Bicycle	NA	1	FALSE	FALSE	1	PLAINFIELD STREET	SERVICE ROAD 1	2014-05-03	Two-Way , Not Divided	Dry	Daylight	Clear	Other	No	Traffic Control Signal	3	1	Pain Reported	2	41.83583	-71.41601	FALSE	FALSE	Plainfield Street and Service Road 1, Providence, RI, USA	Med	Geocoded	distance greater than 100m	TRUE	41.8199608	-71.4200451	2014	May	Federal Hill
2596	2014-05-03	229731	11:23:00	Bicycle	NA	1	FALSE	FALSE	1	BRANCH AVENUE	WEST RIVER STREET	2014-05-03	Two-Way , Not Divided	Dry	Daylight	Clear	Other	No	Traffic Control Signal	5	0	No Injury	2	41.83612	-71.42897	FALSE	FALSE	Branch Avenue and West River Street, Providence, RI, USA	Med High	Geocoded	distance greater than 100m	TRUE	41.8468987	-71.4126689	2014	May	Mount Hope
2592	2014-05-06	230204	07:06:00	Pedestrian	1	NA	FALSE	FALSE	1	HARTFORD AVENUE	KILLINGLY STREET	2014-05-06	Two-Way , Not Divided	Dry	Daylight	Clear	Other	No	Traffic Control Signal	4	1	Pain Reported	2	41.83571	-71.41579	FALSE	FALSE	Hartford Avenue and Killingly Street, Providence, RI, USA	Med High	Geocoded	distance greater than 100m	TRUE	41.8200273	-71.4689352	2014	May	Hartford
2593	2014-05-06	230225	09:51:00	Pedestrian	1	NA	FALSE	FALSE	1	HUNTINGTON AVENUE	NA	2014-05-06	Two-Way , Not Divided	Dry	Daylight	Clear	Other	No	No Controls	4	1	Non-Incapacitating	2	41.83569	-71.4158	FALSE	TRUE	Huntington Avenue, Providence, RI, USA	Inaccurate	Geocoded	distance greater than 100m	TRUE	41.8025522	-71.4361117	2014	May	West End
2594	2014-05-06	230308	18:10:00	Bicycle	NA	1	FALSE	FALSE	1	HAROLD ST	REGENT AVE	2014-05-06	Two-Way , Not Divided	Dry	Daylight	Clear	Not a Collision Between Two Motor Vehicles in Transport	No	Stop Signs	4	1	Pain Reported	2	41.8297	-71.4387	FALSE	FALSE	Harold Street and Regent Ave, Providence, RI, USA	Med High	Raw	NA	FALSE	41.8297	-71.4387	2014	May	Valley
2591	2014-05-09	230897	14:13:00	Pedestrian	1	NA	FALSE	FALSE	1	VIRGINIA AVE	VERMONT AVE	2014-05-10	Two-Way , Not Divided	Dry	Daylight	Cloudy	Not a Collision Between Two Motor Vehicles in Transport	No	No Controls	2	0	No Injury	NA	41.78826	-71.39899	FALSE	FALSE	Virginia Ave and Vermont Ave, Providence, RI, USA	Med	Raw	NA	FALSE	41.78826	-71.39899	2014	May	Washington Park
2588	2014-05-10	230866	00:45:00	Pedestrian	1	NA	FALSE	FALSE	1	ATWELLS AVE	BOND ST	2014-05-10	Two-Way , Not Divided	Wet	Dark - Lighted	Cloudy	Not a Collision Between Two Motor Vehicles in Transport	Yes	No Controls	1	1	Pain Reported	NA	41.82333	-71.42318	FALSE	FALSE	Atwells Ave and Bond Street, Providence, RI, USA	Med High	Raw	NA	FALSE	41.82333	-71.42318	2014	May	Federal Hill
2589	2014-05-10	230939	13:43:00	Bicycle	NA	1	FALSE	FALSE	1	STAR ST	BENEFIT ST	2014-05-10	Two-Way , Not Divided	Dry	Daylight	Clear	Not a Collision Between Two Motor Vehicles in Transport	Yes	Stop Signs	1	1	Pain Reported	2	41.83206	-71.40947	FALSE	FALSE	Star Street and Benefit Street, Providence, RI, USA	Med High	Raw	NA	FALSE	41.83206	-71.40947	2014	May	College Hill
2590	2014-05-10	230954	09:21:00	Pedestrian	1	NA	FALSE	FALSE	1	N MAIN ST	7TH ST	2014-05-10	Unknown	Dry	Daylight	Cloudy	Other	No	No Controls	5	1	Pain Reported	NA	41.85387	-71.40071	FALSE	FALSE	N Main Street and 7th Street, Providence, RI, USA	Med	Raw	NA	FALSE	41.85387	-71.40071	2014	May	Hope
2587	2014-05-12	231321	15:51:00	Pedestrian	1	1	FALSE	FALSE	1	ELIZABETH ST	N MAIN ST	2014-05-12	One-Way Trafficway	Dry	Daylight	Clear	Not a Collision Between Two Motor Vehicles in Transport	Unknown	No Controls	2	2	Pain Reported	NA	41.82786	-71.40929	FALSE	FALSE	Elizabeth Street and N Main Street, Providence, RI, USA	Med	Raw	NA	FALSE	41.82786	-71.40929	2014	May	Downtown
2585	2014-05-14	231754	14:47:00	Pedestrian	1	NA	FALSE	FALSE	1	S MAIN ST	COLLEGE ST	2014-05-14	One-Way Trafficway	Dry	Daylight	Clear	Not a Collision Between Two Motor Vehicles in Transport	No	Pavement Markings	4	1	Pain Reported	2	41.82625	-71.40831	FALSE	FALSE	S Main Street and College Street, Providence, RI, USA	Med High	Raw	NA	FALSE	41.82625	-71.40831	2014	May	Downtown
2586	2014-05-14	232710	14:14:00	Bicycle	NA	NA	FALSE	FALSE	2	CANDACE ST	CHALKSTONE AVE	2014-05-15	One-Way Trafficway	Dry	Daylight	Clear	Sidwswipe, Opposite Direction	Yes	No Controls	3	0	No Injury	1	41.83596	-71.4226	FALSE	FALSE	Candace Street and Chalkstone Ave, Providence, RI, USA	Med High	Raw	NA	FALSE	41.83596	-71.4226	2014	May	Smith Hill
2583	2014-05-15	231977	16:52:00	Pedestrian	2	NA	FALSE	FALSE	1	Fountain St	Sabin St	2014-05-15	One-Way Trafficway	Dry	Daylight	Cloudy	Not a Collision Between Two Motor Vehicles in Transport	No	No Controls	5	2	Pain Reported	1	41.82503	-71.4148	FALSE	FALSE	Fountain Street and Sabin Street, Providence, RI, USA	Med	Raw	distance greater than 100m	TRUE	41.82503	-71.4148	2014	May	Downtown
2584	2014-05-15	232707	09:52:00	Pedestrian	1	NA	FALSE	FALSE	1	Roger Williams Avenue	Elmwood Avenue	2014-05-20	Two-Way , Not Divided	Dry	Daylight	Clear	Other	No	Traffic Control Signal	2	1	Non-Incapacitating	NA	41.80247	-71.40375	FALSE	FALSE	Roger Williams Avenue and Elmwood Avenue, Providence, RI, USA	Med High	Geocoded	distance greater than 100m	TRUE	41.7885278	-71.4209033	2014	May	Elmwood
2580	2014-05-20	232705	07:56:00	Pedestrian	1	NA	FALSE	FALSE	1	PRAIRIE AVE	THURBERS AVE	2014-05-20	Two-Way, Divided, Unprotected (painted>4feet) Medium	Dry	Daylight	Clear	Angle (Front - to - Side) Right Angle (Includes Broadside)	No	No Controls	3	2	Incapacitating	NA	41.79855	-71.41183	FALSE	FALSE	Prairie Ave and Thurbers Ave, Providence, RI, USA	Med High	Raw	NA	FALSE	41.79855	-71.41183	2014	May	Lower South Providence
2581	2014-05-20	232791	14:51:00	Pedestrian	1	NA	FALSE	FALSE	1	100 Atwells Ave	Enterprise Row	2014-05-20	Two-Way , Not Divided	Dry	Daylight	Clear	Not a Collision Between Two Motor Vehicles in Transport	No	No Controls	6	1	Pain Reported	2	41.82318	-71.42099	TRUE	FALSE	100 Atwells Ave, Providence, RI, USA	High	Raw	NA	FALSE	41.82318	-71.42099	2014	May	Federal Hill
2582	2014-05-20	234136	19:05:00	Bicycle	NA	1	FALSE	FALSE	1	CHAMBERS ST	HUNTINGTON AVE	2014-05-27	Two-Way , Not Divided	Dry	Daylight	Clear	Not a Collision Between Two Motor Vehicles in Transport	No	No Controls	2	1	Pain Reported	2	41.80234	-71.4339	FALSE	FALSE	Chambers Street and Huntington Ave, Providence, RI, USA	Med	Raw	NA	FALSE	41.80234	-71.4339	2014	May	West End
2577	2014-05-23	233269	13:35:00	Pedestrian	1	NA	FALSE	FALSE	1	HAYWARD STREET	PORTLAND ST	2014-05-23	Two-Way , Not Divided	Dry	Daylight	Cloudy	Other	Yes	No Controls	2	1	Pain Reported	NA	41.81359	-71.42049	FALSE	FALSE	Hayward Street and Portland Street, Providence, RI, USA	Med High	Raw	NA	FALSE	41.81359	-71.42049	2014	May	Upper South Providence
2578	2014-05-23	233285	13:30:00	Pedestrian	1	NA	FALSE	FALSE	1	BROADWAY	ATWELLS AVE	2014-05-23	Two-Way , Not Divided	Dry	Daylight	Cloudy	Other	No	Traffic Control Signal	5	1	Pain Reported	NA	41.82248	-71.41856	FALSE	FALSE	Broadway and Atwells Ave, Providence, RI, USA	Med	Raw	NA	FALSE	41.82248	-71.41856	2014	May	Downtown
2579	2014-05-23	233382	13:00:00	Pedestrian	1	NA	FALSE	FALSE	1	186 FOUNTAIN STREET	EMPIRE STREET	2014-05-23	One-Way Trafficway	Dry	Daylight	Cloudy	Other	No	Traffic Control Signal	5	1	Non-Incapacitating	3	41.8358	-71.41573	TRUE	FALSE	186 Fountain Street, Providence, RI, USA	High	Raw	distance greater than 100m	TRUE	41.8358	-71.41573	2014	May	Smith Hill
2576	2014-05-25	233694	12:46:00	Pedestrian	1	NA	TRUE	FALSE	2	MANTON AVE	GREENWOOD ST	2014-05-25	Two-Way, Divided, Unprotected (painted>4feet) Medium	Dry	Daylight	Clear	Not a Collision Between Two Motor Vehicles in Transport	No	Stop Signs	4	0	No Injury	2	41.82378	-71.45169	FALSE	FALSE	Manton Ave and Greenwood Street, Providence, RI, USA	Med High	Raw	NA	FALSE	41.82378	-71.45169	2014	May	Olneyville
2575	2014-05-26	233936	13:11:00	Bicycle	NA	1	FALSE	FALSE	1	NEWARK ST	VALLEY ST	2014-05-26	Two-Way , Not Divided	Wet	Daylight	Clear	Not a Collision Between Two Motor Vehicles in Transport	No	No Controls	3	1	Pain Reported	2	41.82521	-71.43932	FALSE	FALSE	Newark Street and Valley Street, Providence, RI, USA	Med High	Raw	NA	FALSE	41.82521	-71.43932	2014	May	Valley
2572	2014-05-28	234184	13:28:00	Pedestrian	1	NA	FALSE	FALSE	1	WASHINGTON STREET	EXCHANGE STREET	2014-05-28	One-Way Trafficway	Dry	Daylight	Cloudy	Other	No	Traffic Control Signal	4	1	Fatal	2	41.83601	-71.41599	FALSE	FALSE	Washington Street and Exchange Street, Providence, RI, USA	Med	Raw	distance greater than 100m	TRUE	41.83601	-71.41599	2014	May	Smith Hill
2573	2014-05-28	234192	19:30:00	Pedestrian	1	NA	FALSE	FALSE	1	Chalkstone Ave	Young Ave	2014-05-29	Two-Way , Not Divided	Dry	Dusk	Cloudy	Not a Collision Between Two Motor Vehicles in Transport	No	No Controls	5	1	Pain Reported	NA	41.83481	-71.42731	FALSE	FALSE	Chalkstone Ave and Young Ave, Providence, RI, USA	Med High	Raw	NA	FALSE	41.83481	-71.42731	2014	May	Smith Hill
2571	2014-05-29	234336	10:47:00	Pedestrian	1	NA	FALSE	FALSE	1	RT. 146 NORTH ON RAMP	BRANCH AVENUE	2014-05-29	One-Way Trafficway	Dry	Daylight	Clear	Other	Yes	No Controls	4	0	No Injury	NA	41.83618	-71.41545	FALSE	FALSE	Rt. 146 North On Ramp and Branch Avenue, Providence, RI, USA	Med	Neither	distance greater than 100m	TRUE	41.84543598788781	-71.41053780339767	2014	May	Mount Hope
2570	2014-06-03	235437	21:00:00	Bicycle	NA	1	FALSE	FALSE	1	Elmwood Ave	Sprague St	2014-06-04	Two-Way , Not Divided	Dry	Dark - Lighted	Clear	Not a Collision Between Two Motor Vehicles in Transport	No	No Controls	4	1	Pain Reported	NA	41.80942	-71.42437	FALSE	FALSE	Elmwood Ave and Sprague Street, Providence, RI, USA	Med High	Raw	NA	FALSE	41.80942	-71.42437	2014	June	West End
2568	2014-06-06	235719	16:12:00	Bicycle	NA	1	FALSE	FALSE	1	Broadway	VALLEY ST	2014-06-06	Two-Way , Not Divided	Dry	Daylight	Clear	Not a Collision Between Two Motor Vehicles in Transport	No	Traffic Control Signal	2	0	No Injury	4	41.81684	-71.44098	FALSE	FALSE	Broadway and Valley Street, Providence, RI, USA	Med	Raw	NA	FALSE	41.81684	-71.44098	2014	June	Olneyville
2569	2014-06-06	235781	23:16:00	Bicycle	NA	1	FALSE	FALSE	1	SMITH ST	ORMS ST	2014-06-07	Two-Way, Not Divided With a Continuous Left Turn Lane	Dry	Dark - Lighted	Clear	Head-On (Front - to - Front)	No	Traffic Control Signal	2	1	Pain Reported	NA	41.83378	-71.42202	FALSE	FALSE	Smith Street and Orms Street, Providence, RI, USA	Med High	Raw	NA	FALSE	41.83378	-71.42202	2014	June	Smith Hill
2566	2014-06-07	235962	18:56:00	Bicycle	NA	1	FALSE	FALSE	1	SMITH ST	CHALKSTONE AVE	2014-06-07	Two-Way , Not Divided	Dry	Daylight	Clear	Not a Collision Between Two Motor Vehicles in Transport	No	Traffic Control Signal	4	1	Pain Reported	NA	41.83521	-71.42565	FALSE	FALSE	Smith Street and Chalkstone Ave, Providence, RI, USA	Med High	Raw	NA	FALSE	41.83521	-71.42565	2014	June	Smith Hill
2567	2014-06-07	236139	01:43:00	Bicycle	NA	1	FALSE	FALSE	1	240 Atwells Ave	NA	2014-06-08	Two-Way , Not Divided	Dry	Dark - Lighted	Clear	Not a Collision Between Two Motor Vehicles in Transport	No	No Controls	2	1	Pain Reported	NA	41.82353	-71.42608	TRUE	TRUE	240 Atwells Ave, Providence, RI, USA	High	Geocoded	distance greater than 100m	TRUE	41.8233587	-71.4246809	2014	June	Federal Hill
2565	2014-06-09	236233	16:10:00	Bicycle	NA	1	FALSE	FALSE	1	THROOP ALY	N MAIN ST	2014-06-09	One-Way Trafficway	Dry	Daylight	Clear	Unknown	Yes	No Controls	2	1	Pain Reported	2	41.82813	-71.40945	FALSE	FALSE	Throop Aly and N Main Street, Providence, RI, USA	Med	Raw	NA	FALSE	41.82813	-71.40945	2014	June	Downtown
2564	2014-06-10	237452	21:10:00	Bicycle	NA	1	FALSE	FALSE	1	Oakland Ave	Chalkstone Ave	2014-06-15	Two-Way , Not Divided	Wet	Dark - Lighted	Rain	Not a Collision Between Two Motor Vehicles in Transport	No	Traffic Control Signal	4	1	Pain Reported	NA	41.83421	-71.43024	FALSE	FALSE	Oakland Ave and Chalkstone Ave, Providence, RI, USA	Med High	Raw	NA	FALSE	41.83421	-71.43024	2014	June	Elmhurst
2563	2014-06-11	237184	14:43:00	Bicycle	NA	1	FALSE	FALSE	1	1 RANDALL ST	CHARLES ST	2014-06-13	Two-Way , Not Divided	Dry	Daylight	Clear	Not a Collision Between Two Motor Vehicles in Transport	No	No Controls	3	1	Pain Reported	2	41.83713	-71.41092	TRUE	FALSE	1 Randall Street, Providence, RI, USA	High	Raw	distance greater than 100m	TRUE	41.83713	-71.41092	2014	June	Mount Hope
2562	2014-06-13	236992	08:11:00	Pedestrian	1	NA	FALSE	FALSE	1	EDDY ST	EUDORA ST	2014-06-13	Two-Way, Divided, Unprotected (painted>4feet) Medium	Wet	Daylight	Rain	Other	No	No Controls	9	7	Pain Reported	NA	41.80791	-71.40724	FALSE	FALSE	Eddy Street and Eudora Street, Providence, RI, USA	Med High	Raw	NA	FALSE	41.80791	-71.40724	2014	June	Upper South Providence
2561	2014-06-14	237312	19:30:00	Bicycle	NA	1	FALSE	FALSE	1	ROGER WILLIAMS AVE	ELMWOOD AVE	2014-06-14	Two-Way , Not Divided	Dry	Daylight	Clear	Not a Collision Between Two Motor Vehicles in Transport	No	Traffic Control Signal	3	1	Pain Reported	NA	41.7885	-71.42106	FALSE	FALSE	Roger Williams Ave and Elmwood Ave, Providence, RI, USA	Med High	Raw	NA	FALSE	41.7885	-71.42106	2014	June	Elmwood
2559	2014-06-15	237392	16:50:00	Bicycle	NA	1	FALSE	FALSE	1	CRANSTON ST	HARRISON ST	2014-06-15	Two-Way , Not Divided	Dry	Daylight	Clear	Not a Collision Between Two Motor Vehicles in Transport	No	No Controls	4	1	Pain Reported	NA	41.81307	-71.42866	FALSE	FALSE	Cranston Street and Harrison Street, Providence, RI, USA	Med High	Raw	NA	FALSE	41.81307	-71.42866	2014	June	West End
2560	2014-06-15	237504	14:33:00	Pedestrian	1	NA	FALSE	FALSE	1	432 BRANCH AVENUE	NA	2014-06-16	Two-Way , Not Divided	Dry	Daylight	Clear	Other	Yes	No Controls	1	1	Non-Incapacitating	2	41.82678	-71.41882	TRUE	TRUE	432 Branch Avenue, Providence, RI, USA	High	Geocoded	distance greater than 100m	TRUE	41.8499436	-71.4196422	2014	June	Charles
2556	2014-06-16	237564	15:20:00	Pedestrian	1	NA	FALSE	FALSE	1	BROAD ST	MONTGOMERY AVE	2014-06-16	Two-Way , Not Divided	Dry	Daylight	Clear	Other	No	Traffic Control Signal	2	1	Pain Reported	NA	41.78589	-71.40166	FALSE	FALSE	Broad Street and Montgomery Ave, Providence, RI, USA	Med	Raw	NA	FALSE	41.78589	-71.40166	2014	June	NA
2557	2014-06-16	237602	16:11:00	Bicycle	NA	1	FALSE	FALSE	1	MEMORIAL BLVD	COLLEGE ST	2014-06-16	Two-Way, Divided, Unprotected (painted>4feet) Medium	Dry	Daylight	Clear	Not a Collision Between Two Motor Vehicles in Transport	No	Traffic Control Signal	6	1	Pain Reported	4	41.82528	-71.40899	FALSE	FALSE	Memorial Blvd and College Street, Providence, RI, USA	Med High	Raw	NA	FALSE	41.82528	-71.40899	2014	June	Downtown
2558	2014-06-16	237616	20:02:00	Bicycle	NA	2	FALSE	FALSE	1	SALMON ST	SALMON ST	2014-06-16	Two-Way, Divided, Unprotected (painted>4feet) Medium	Dry	Dusk	Clear	Head-On (Front - to - Front)	Yes	No Controls	2	2	Pain Reported	NA	41.82359	-71.45531	FALSE	FALSE	Salmon Street and Salmon Street, Providence, RI, USA	Med	Raw	NA	FALSE	41.82359	-71.45531	2014	June	Olneyville
2555	2014-06-17	237812	15:22:00	Pedestrian	3	NA	FALSE	FALSE	1	ELMWOOD AVE	ADELAIDE AVE	2014-06-17	Two-Way, Divided, Positive Median Barrier	Dry	Daylight	Clear	Other	Yes	No Controls	3	3	Pain Reported	NA	41.7959	-71.42512	FALSE	FALSE	Elmwood Ave and Adelaide Ave, Providence, RI, USA	Med High	Raw	NA	FALSE	41.7959	-71.42512	2014	June	Elmwood
2554	2014-06-18	237938	07:42:00	Bicycle	NA	1	FALSE	FALSE	1	HARTFORD AVE	KING PHILIP ST	2014-06-18	Two-Way, Divided, Unprotected (painted>4feet) Medium	Dry	Daylight	Clear	Angle (Front - to - Side) Right Angle (Includes Broadside)	No	Stop Signs	3	1	Pain Reported	2	41.81955	-71.4656	FALSE	FALSE	Hartford Ave and King Philip Street, Providence, RI, USA	Med High	Raw	NA	FALSE	41.81955	-71.4656	2014	June	Hartford
2551	2014-06-20	238261	13:02:00	Pedestrian	1	NA	FALSE	FALSE	1	Broad st	SERVICE ROAD 7	2014-06-20	Two-Way , Not Divided	Dry	Daylight	Clear	Other	Yes	Traffic Control Signal	2	0	No Injury	2	41.81735	-71.41698	FALSE	FALSE	Broad Street and Service Road 7, Providence, RI, USA	Med	Raw	NA	FALSE	41.81735	-71.41698	2014	June	Upper South Providence
2552	2014-06-20	238297	18:43:00	Pedestrian	1	NA	FALSE	FALSE	1	ELMWOOD AVE	CONGRESS AVE	2014-06-20	Two-Way , Not Divided	Dry	Daylight	Clear	Not a Collision Between Two Motor Vehicles in Transport	No	Stop Signs	3	1	Pain Reported	NA	41.79849	-71.42627	FALSE	FALSE	Elmwood Ave and Congress Ave, Providence, RI, USA	Med High	Raw	NA	FALSE	41.79849	-71.42627	2014	June	West End
2553	2014-06-20	238617	07:48:00	Bicycle	1	NA	FALSE	FALSE	1	94 Colfax st	BURNSIDE ST	2014-06-23	Two-Way , Not Divided	Dry	Daylight	Clear	Not a Collision Between Two Motor Vehicles in Transport	No	No Controls	7	1	Incapacitating	NA	41.79978	-71.41095	TRUE	FALSE	94 Colfax Street, Providence, RI, USA	High	Raw	NA	FALSE	41.79978	-71.41095	2014	June	Lower South Providence
2550	2014-06-21	238379	16:34:00	Pedestrian	1	NA	FALSE	FALSE	1	936 ATWELLS AVE	NA	2014-06-21	Unknown	Dry	Daylight	Clear	Not a Collision Between Two Motor Vehicles in Transport	No	No Controls	3	1	Pain Reported	NA	41.82506	-71.44853	TRUE	TRUE	936 Atwells Ave, Providence, RI, USA	High	Raw	NA	FALSE	41.82506	-71.44853	2014	June	Olneyville
2549	2014-06-23	238659	10:00:00	Bicycle	NA	1	FALSE	FALSE	1	FRIENDSHIP ST	DORRANCE ST	2014-06-23	Two-Way , Not Divided	Dry	Daylight	Clear	Not a Collision Between Two Motor Vehicles in Transport	No	No Controls	2	1	Pain Reported	NA	41.82196	-71.4095	FALSE	FALSE	Friendship Street and Dorrance Street, Providence, RI, USA	Med High	Raw	NA	FALSE	41.82196	-71.4095	2014	June	Downtown
2547	2014-06-24	238930	17:52:00	Pedestrian	1	NA	FALSE	FALSE	1	939 Manton Ave	FRUIT HILL AVE	2014-06-24	Two-Way , Not Divided	Dry	Daylight	Clear	Not a Collision Between Two Motor Vehicles in Transport	No	No Controls	2	1	Fatal	2	41.83383	-71.46805	TRUE	FALSE	939 Manton Ave, Providence, RI, USA	High	Raw	NA	FALSE	41.83383	-71.46805	2014	June	Manton
2548	2014-06-24	239019	14:21:00	Bicycle	NA	1	FALSE	FALSE	1	REDWING ST	BUCKLIN ST	2014-06-25	One-Way Trafficway	Dry	Daylight	Clear	Not a Collision Between Two Motor Vehicles in Transport	No	No Controls	2	1	Pain Reported	NA	41.79927	-71.4273	FALSE	FALSE	Redwing Street and Bucklin Street, Providence, RI, USA	Med High	Raw	NA	FALSE	41.79927	-71.4273	2014	June	West End