row_number	crash_date	crash_report_id	crash_time	collision_type	count_pedestrian	count_bicycle	scooter	wheel_chair	number_of_vehicles	street_or_highway	nearest_intersection	report_date	type_of_roadway	road_surface_condition	light_condition	weather_condition	manner_of_impact	hit_and_run	traffic_control	person_count	injury_count	most_serious_injury	number_of_lanes	lat_raw	lon_raw	has_st_number	is_intersection_null	address_sent_to_geocoder	api_coord_conf	best_coordinate_set	reason_for_qa	manually_qaed_record	final_lat	final_lon	year	month	pvd_nhood
2359	2015-01-30	272461	17:36:00	Pedestrian	1	NA	FALSE	FALSE	1	HAWKINS ST	YORKSHIRE ST	2015-01-30	Two-Way , Not Divided	Snow	Daylight	Snow	Not a Collision Between Two Motor Vehicles in Transport	Yes	No Controls	1	1	Pain Reported	NA	41.8489	-71.42552	FALSE	FALSE	Hawkins Street and Yorkshire Street, Providence, RI, USA	Med High	Raw	NA	FALSE	41.8489	-71.42552	2015	January	Wanskuck
2357	2015-02-02	272866	01:10:00	Pedestrian	1	NA	FALSE	FALSE	1	EUTAW ST	ATWELLS AVE	2015-02-02	One-Way Trafficway	Dry	Dark - Lighted	Cloudy	Other	Yes	No Controls	3	1	Pain Reported	1	41.82379	-71.42545	FALSE	FALSE	Eutaw Street and Atwells Ave, Providence, RI, USA	Med High	Raw	NA	FALSE	41.82379	-71.42545	2015	February	Federal Hill
2355	2015-02-04	273294	13:03:00	Pedestrian	1	NA	FALSE	FALSE	1	PENNSYLVANIA AVE	broad st	2015-02-04	Two-Way , Not Divided	Snow	Daylight	Clear	Not a Collision Between Two Motor Vehicles in Transport	Yes	No Controls	2	1	Pain Reported	NA	41.79747	-71.41358	FALSE	FALSE	Pennsylvania Ave and Broad Street, Providence, RI, USA	Med	Raw	NA	FALSE	41.79747	-71.41358	2015	February	Elmwood
2356	2015-02-04	273321	12:53:00	Pedestrian	1	NA	FALSE	FALSE	1	N MAIN ST	N MAIN ST	2015-02-04	Two-Way, Divided, Positive Median Barrier	Snow	Daylight	Clear	Other	No	No Controls	2	1	Pain Reported	NA	41.85566	-71.39994	FALSE	FALSE	N Main Street and N Main Street, Providence, RI, USA	Med	Raw	distance greater than 100m	TRUE	41.85566	-71.39994	2015	February	Hope
2354	2015-02-06	273698	14:20:00	Pedestrian	2	NA	FALSE	FALSE	1	35 Camp St.	TERNAY GARDEN	2015-02-07	One-Way Trafficway	Dry	Daylight	Clear	Not a Collision Between Two Motor Vehicles in Transport	No	No Controls	4	0	No Injury	NA	41.83737	-71.40436	TRUE	FALSE	35 Camp St., Providence, RI, USA	High	Raw	NA	FALSE	41.83737	-71.40436	2015	February	Mount Hope
2353	2015-02-09	274220	16:45:00	Pedestrian	1	NA	FALSE	FALSE	1	CROWNINSHIELD ST	IDA ST	2015-02-09	Two-Way , Not Divided	Snow	Dusk	Snow	Not a Collision Between Two Motor Vehicles in Transport	No	No Controls	3	1	Non-Incapacitating	2	41.81774	-71.45765	FALSE	FALSE	Crowninshield Street and Ida Street, Providence, RI, USA	Med High	Raw	NA	FALSE	41.81774	-71.45765	2015	February	Hartford
2352	2015-02-17	276090	07:15:00	Pedestrian	1	NA	FALSE	FALSE	1	hope street	OVERHILL RD	2015-02-17	Two-Way , Not Divided	Slush	Daylight	Clear	Not a Collision Between Two Motor Vehicles in Transport	Yes	No Controls	4	1	Pain Reported	2	41.8512	-71.39396	FALSE	FALSE	Hope Street and Overhill Rd, Providence, RI, USA	Med High	Raw	NA	FALSE	41.8512	-71.39396	2015	February	Hope
2351	2015-02-19	276724	15:22:00	Pedestrian	1	NA	FALSE	FALSE	1	CHARLES ST	CHARLES ST	2015-02-19	Two-Way , Not Divided	Slush	Daylight	Clear	Not a Collision Between Two Motor Vehicles in Transport	No	No Controls	2	1	Pain Reported	NA	41.85359	-71.42049	FALSE	FALSE	Charles Street and Charles Street, Providence, RI, USA	Med	Raw	distance greater than 100m	TRUE	41.85359	-71.42049	2015	February	Charles
2349	2015-02-24	277949	12:56:00	Pedestrian	1	NA	FALSE	FALSE	1	RESERVOIR AVE	RESERVOIR AVE EXIT	2015-02-24	Two-Way , Not Divided	Wet	Daylight	Clear	Not a Collision Between Two Motor Vehicles in Transport	No	No Controls	4	1	Pain Reported	NA	41.78642	-71.43404	FALSE	FALSE	Reservoir Ave and Reservoir Ave Exit, Providence, RI, USA	Med High	Raw	distance greater than 100m	TRUE	41.78642	-71.43404	2015	February	NA
2350	2015-02-24	278168	22:16:00	Pedestrian	1	NA	FALSE	FALSE	1	Union Ave	POCASSET AVE	2015-02-25	Two-Way , Not Divided	Dry	Dark - Lighted	Cloudy	Other	No	Traffic Control Signal	3	1	Pain Reported	2	41.80639	-71.45716	FALSE	FALSE	Union Ave and Pocasset Ave, Providence, RI, USA	Med High	Raw	NA	FALSE	41.80639	-71.45716	2015	February	Silver Lake
2345	2015-02-27	279215	08:18:00	Pedestrian	1	NA	FALSE	FALSE	1	CUSTOM HOUSE ST	DYER ST	2015-02-28	Two-Way, Divided, Positive Median Barrier	Ice/Frost	Daylight	Clear	Not a Collision Between Two Motor Vehicles in Transport	No	Traffic Control Signal	3	1	Pain Reported	NA	41.8242	-71.40843	FALSE	FALSE	Custom House Street and Dyer Street, Providence, RI, USA	Med High	Raw	NA	FALSE	41.8242	-71.40843	2015	February	Downtown
2346	2015-02-27	279552	22:46:00	Pedestrian	1	NA	FALSE	FALSE	1	Pine St	CHESTNUT ST	2015-03-02	One-Way Trafficway	Dry	Dark - Lighted	Clear	Other	No	Flashing Traffic Control Signal	2	1	Non-Incapacitating	1	41.81944	-71.41294	FALSE	FALSE	Pine Street and Chestnut Street, Providence, RI, USA	Med	Raw	distance greater than 100m	TRUE	41.81944	-71.41294	2015	February	Downtown
2347	2015-02-27	279021	09:43:00	Pedestrian	1	NA	FALSE	FALSE	1	HOPE ST	BURLINGTON ST	2015-02-27	Two-Way , Not Divided	Dry	Daylight	Clear	Other	No	No Controls	2	1	Pain Reported	NA	41.84798	-71.39552	FALSE	FALSE	Hope Street and Burlington Street, Providence, RI, USA	Med High	Raw	NA	FALSE	41.84798	-71.39552	2015	February	Hope
2348	2015-02-27	279029	12:30:00	Bicycle	NA	1	FALSE	FALSE	1	SMITH ST	SMITH ST	2015-02-27	Two-Way , Not Divided	Dry	Daylight	Clear	Not a Collision Between Two Motor Vehicles in Transport	No	No Controls	3	0	No Injury	NA	41.83266	-71.4192	FALSE	FALSE	Smith Street and Smith Street, Providence, RI, USA	Med	Raw	distance greater than 100m	TRUE	41.83266	-71.4192	2015	February	Smith Hill
2343	2015-02-28	279145	17:08:00	Pedestrian	2	NA	FALSE	FALSE	1	Point Street Bridge	POINT ST	2015-02-28	Two-Way , Not Divided	Ice/Frost	Dusk	Clear	Not a Collision Between Two Motor Vehicles in Transport	No	No Controls	3	2	Pain Reported	2	41.81869	-71.40198	FALSE	FALSE	Point Street Bridge and Point Street, Providence, RI, USA	Med High	Raw	NA	FALSE	41.81869	-71.40198	2015	February	Fox Point
2344	2015-02-28	280569	21:35:00	Pedestrian	1	NA	FALSE	FALSE	1	Chalkstone Ave	Geneva St	2015-03-06	Two-Way , Not Divided	Dry	Dark - Lighted	Clear	Not a Collision Between Two Motor Vehicles in Transport	Yes	No Controls	1	1	Pain Reported	NA	41.83226	-71.44118	FALSE	FALSE	Chalkstone Ave and Geneva Street, Providence, RI, USA	Med High	Raw	NA	FALSE	41.83226	-71.44118	2015	February	Valley
2342	2015-03-02	279448	12:14:00	Pedestrian	1	NA	FALSE	FALSE	1	DEAN STREET	WASHINGTON STREET	2015-03-02	Two-Way , Not Divided	Wet	Daylight	Clear	Other	No	Stop Signs	2	1	Pain Reported	2	41.83438	-71.41621	FALSE	FALSE	Dean Street and Washington Street, Providence, RI, USA	Med	Geocoded	distance greater than 100m	TRUE	41.8190896	-71.4207432	2015	March	Federal Hill
2341	2015-03-08	281069	19:12:00	Pedestrian	1	NA	FALSE	FALSE	1	POINT ST	PLAIN ST	2015-03-08	One-Way Trafficway	Wet	Dark - Lighted	Clear	Not a Collision Between Two Motor Vehicles in Transport	Yes	Stop Signs	1	1	Pain Reported	3	41.81489	-71.41371	FALSE	FALSE	Point Street and Plain Street, Providence, RI, USA	Med	Raw	distance greater than 100m	TRUE	41.81489	-71.41371	2015	March	Upper South Providence
2340	2015-03-11	281554	15:11:00	Pedestrian	1	NA	FALSE	FALSE	1	Bellevue Ave	CRANSTON ST	2015-03-11	Two-Way , Not Divided	Wet	Daylight	Clear	Not a Collision Between Two Motor Vehicles in Transport	No	No Controls	2	1	Pain Reported	2	41.80888	-71.43403	FALSE	FALSE	Bellevue Ave and Cranston Street, Providence, RI, USA	Med High	Raw	NA	FALSE	41.80888	-71.43403	2015	March	West End
2339	2015-03-15	282357	12:38:00	Pedestrian	1	NA	FALSE	FALSE	1	WESTMINSTER ST	STOKES ST	2015-03-15	Two-Way , Not Divided	Dry	Daylight	Clear	Not a Collision Between Two Motor Vehicles in Transport	No	No Controls	4	1	Pain Reported	NA	41.81669	-71.44252	FALSE	FALSE	Westminster Street and Stokes Street, Providence, RI, USA	Med High	Raw	NA	FALSE	41.81669	-71.44252	2015	March	Olneyville
2338	2015-03-16	282514	15:45:00	Bicycle	NA	1	FALSE	FALSE	1	30 Hartford Ave	OLNEYVILLE SQ	2015-03-16	One-Way Trafficway	Dry	Daylight	Clear	Not a Collision Between Two Motor Vehicles in Transport	No	No Controls	2	1	Pain Reported	1	41.81673	-71.44431	TRUE	FALSE	30 Hartford Ave, Providence, RI, USA	High	Raw	NA	FALSE	41.81673	-71.44431	2015	March	Olneyville
2337	2015-03-18	282868	13:24:00	Bicycle	NA	1	FALSE	FALSE	1	ANGELL ST	BROOK ST	2015-03-18	One-Way Trafficway	Dry	Daylight	Clear	Sideswipe, Same Direction	Yes	No Controls	2	1	Pain Reported	NA	41.82823	-71.39929	FALSE	FALSE	Angell Street and Brook Street, Providence, RI, USA	Med High	Raw	NA	FALSE	41.82823	-71.39929	2015	March	College Hill
2336	2015-03-19	282968	06:59:00	Pedestrian	1	NA	FALSE	FALSE	1	BENEFIT STREET	POWER STREET	2015-03-19	Two-Way , Not Divided	Dry	Daylight	Clear	Other	No	Stop Signs	4	1	Non-Incapacitating	2	41.83651	-71.4149	FALSE	FALSE	Benefit Street and Power Street, Providence, RI, USA	Med High	Geocoded	distance greater than 100m	TRUE	41.8228439	-71.4039218	2015	March	Fox Point
2335	2015-03-23	283751	15:20:00	Pedestrian	1	NA	FALSE	FALSE	1	Jillson St	EDDY ST	2015-03-23	Two-Way, Divided, Unprotected (painted>4feet) Medium	Dry	Daylight	Clear	Not a Collision Between Two Motor Vehicles in Transport	Yes	Stop Signs	6	1	Pain Reported	NA	41.79133	-71.40391	FALSE	FALSE	Jillson Street and Eddy Street, Providence, RI, USA	Med High	Raw	NA	FALSE	41.79133	-71.40391	2015	March	Washington Park
2334	2015-03-24	283806	10:07:00	Bicycle	NA	1	FALSE	FALSE	1	575 WICKENDEN STREET	NA	2015-03-24	Two-Way , Not Divided	Dry	Daylight	Clear	Other	Yes	No Controls	1	0	No Injury	2	41.83618	-71.41545	TRUE	TRUE	575 Wickenden Street, Providence, RI, USA	High	Geocoded	distance greater than 100m	TRUE	41.8199003	-71.3915472	2015	March	Fox Point
2332	2015-03-26	284120	08:41:00	Pedestrian	1	NA	FALSE	FALSE	1	201 SMITH STREET	FRAN CONWAY PLACE	2015-03-26	Two-Way , Not Divided	Dry	Daylight	Cloudy	Other	No	No Controls	6	2	Fatal	NA	41.83476	-71.41637	TRUE	FALSE	201 Smith Street, Providence, RI, USA	High	Geocoded	distance greater than 100m	TRUE	41.8325036	-71.4182709	2015	March	Smith Hill
2333	2015-03-26	284250	18:14:00	Pedestrian	1	NA	FALSE	FALSE	1	51 Silver Spring St	CHATHAM ST	2015-03-26	Two-Way , Not Divided	Wet	Dark - Lighted	Rain	Not a Collision Between Two Motor Vehicles in Transport	Yes	No Controls	1	1	Pain Reported	2	41.84618	-71.41688	TRUE	FALSE	51 Silver Spring Street, Providence, RI, USA	High	Raw	NA	FALSE	41.84618	-71.41688	2015	March	Charles
2331	2015-03-28	288241	20:07:00	Pedestrian	1	NA	FALSE	FALSE	1	BOWDOIN ST	ATWELLS AVE	2015-04-21	Two-Way , Not Divided	Dry	Dark - Lighted	Clear	Not a Collision Between Two Motor Vehicles in Transport	Yes	No Controls	3	1	Pain Reported	NA	41.82476	-71.44292	FALSE	FALSE	Bowdoin Street and Atwells Ave, Providence, RI, USA	Med High	Raw	NA	FALSE	41.82476	-71.44292	2015	March	Olneyville
2330	2015-03-29	284565	01:29:00	Pedestrian	1	NA	FALSE	FALSE	1	OAKLAND AVE	DICKENS ST	2015-03-29	Two-Way , Not Divided	Wet	Dark - Lighted	Snow	Not a Collision Between Two Motor Vehicles in Transport	No	No Controls	2	1	Pain Reported	NA	41.83775	-71.42984	FALSE	FALSE	Oakland Ave and Dickens Street, Providence, RI, USA	Med High	Raw	NA	FALSE	41.83775	-71.42984	2015	March	Elmhurst
2329	2015-04-01	285119	12:10:00	Pedestrian	1	1	FALSE	FALSE	2	1901 WESTMINSTER ST	BOUGH ST	2015-04-01	Two-Way, Divided, Unprotected (painted>4feet) Medium	Dry	Daylight	Clear	Angle (Front - to - Side) Right Angle (Includes Broadside)	No	Pavement Markings	6	1	Pain Reported	3	41.8166	-71.44189	TRUE	FALSE	1901 Westminster Street, Providence, RI, USA	High	Raw	NA	FALSE	41.8166	-71.44189	2015	April	Olneyville
2327	2015-04-02	285327	19:11:00	Bicycle	NA	1	TRUE	FALSE	1	DAVE GAVIT WAY	BASSETT ST	2015-04-02	One-Way Trafficway	Dry	Dark - Lighted	Clear	Not a Collision Between Two Motor Vehicles in Transport	No	Stop Signs	2	1	Pain Reported	3	41.81603	-71.41286	FALSE	FALSE	Dave Gavit Way and Bassett Street, Providence, RI, USA	Med	Raw	distance greater than 100m	TRUE	41.81603	-71.41286	2015	April	Downtown
2328	2015-04-02	285661	17:42:00	Pedestrian	1	NA	FALSE	FALSE	1	LENOX AVE	EMERSON ST	2015-04-05	Two-Way , Not Divided	Dry	Daylight	Clear	Other	Yes	Stop Signs	1	1	Non-Incapacitating	NA	41.7979	-71.41604	FALSE	FALSE	Lenox Ave and Emerson Street, Providence, RI, USA	Med High	Raw	NA	FALSE	41.7979	-71.41604	2015	April	Elmwood
2326	2015-04-03	285445	18:18:00	Bicycle	NA	1	FALSE	FALSE	1	PITMAN ST	IVES ST	2015-04-03	Two-Way , Not Divided	Wet	Daylight	Rain	Angle (Front - to - Side) Right Angle (Includes Broadside)	No	Stop Signs	2	1	Pain Reported	2	41.82635	-71.39276	FALSE	FALSE	Pitman Street and Ives Street, Providence, RI, USA	Med High	Raw	NA	FALSE	41.82635	-71.39276	2015	April	Fox Point
2322	2015-04-06	285754	11:01:00	Bicycle	NA	1	FALSE	FALSE	1	404 VALLEY STR	EAGLE ST	2015-04-06	Two-Way , Not Divided	Dry	Daylight	Clear	Not a Collision Between Two Motor Vehicles in Transport	No	No Controls	2	1	Pain Reported	NA	41.82761	-71.43594	TRUE	FALSE	404 Valley Str, Providence, RI, USA	High	Raw	NA	FALSE	41.82761	-71.43594	2015	April	Valley
2323	2015-04-06	285760	07:15:00	Pedestrian	1	NA	FALSE	FALSE	1	EXCHANGE ST	Fulton ST	2015-04-06	Two-Way , Not Divided	Dry	Daylight	Clear	Not a Collision Between Two Motor Vehicles in Transport	No	Traffic Control Signal	3	0	No Injury	NA	41.82503	-71.4101	FALSE	FALSE	Exchange Street and Fulton Street, Providence, RI, USA	Med High	Raw	NA	FALSE	41.82503	-71.4101	2015	April	Downtown
2324	2015-04-06	285780	17:30:00	Pedestrian	1	NA	FALSE	FALSE	1	Westminster Street	MANTON AVE	2015-04-06	Two-Way , Not Divided	Dry	Daylight	Clear	Not a Collision Between Two Motor Vehicles in Transport	No	No Controls	3	1	Pain Reported	NA	41.81676	-71.44314	FALSE	FALSE	Westminster Street and Manton Ave, Providence, RI, USA	Med	Raw	distance greater than 100m	TRUE	41.81676	-71.44314	2015	April	Olneyville
2325	2015-04-06	285817	20:44:00	Pedestrian	1	NA	FALSE	FALSE	1	BROAD ST	EDDY ST	2015-04-06	Two-Way , Not Divided	Dry	Dark - Lighted	Clear	Not a Collision Between Two Motor Vehicles in Transport	No	No Controls	3	1	Pain Reported	NA	41.78674	-71.40225	FALSE	FALSE	Broad Street and Eddy Street, Providence, RI, USA	Med	Raw	distance greater than 100m	TRUE	41.78674	-71.40225	2015	April	Washington Park
2320	2015-04-07	285992	16:03:00	Bicycle	NA	1	FALSE	FALSE	1	S MAIN ST	COLLEGE ST	2015-04-07	One-Way Trafficway	Wet	Daylight	Rain	Other	No	Pavement Markings	2	1	Pain Reported	2	41.82624	-71.4083	FALSE	FALSE	S Main Street and College Street, Providence, RI, USA	Med High	Raw	NA	FALSE	41.82624	-71.4083	2015	April	Downtown
2321	2015-04-07	286115	12:28:00	Bicycle	NA	NA	FALSE	FALSE	2	BROAD ST	CAHIR ST	2015-04-08	Two-Way , Not Divided	Wet	Daylight	Rain	Not a Collision Between Two Motor Vehicles in Transport	Yes	Traffic Control Signal	1	0	No Injury	2	41.81692	-71.41795	FALSE	FALSE	Broad Street and Cahir Street, Providence, RI, USA	Med	Raw	NA	FALSE	41.81692	-71.41795	2015	April	Upper South Providence
2319	2015-04-08	286083	07:56:00	Pedestrian	1	NA	FALSE	FALSE	1	WASHINGTON STREET	MATHEWSON STREET	2015-04-08	Two-Way , Not Divided	Dry	Daylight	Cloudy	Unknown	Yes	No Controls	2	0	No Injury	2	41.83713	-71.41435	FALSE	FALSE	Washington Street and Mathewson Street, Providence, RI, USA	Med High	Geocoded	distance greater than 100m	TRUE	41.8230454	-71.4147864	2015	April	Downtown
2318	2015-04-11	286428	13:08:00	Pedestrian	1	NA	FALSE	FALSE	1	15 CAROLINA AVENUE	NA	2015-04-11	Two-Way , Not Divided	Dry	Daylight	Clear	Unknown	Yes	No Controls	1	1	Non-Incapacitating	2	41.83203	-71.41752	TRUE	TRUE	15 Carolina Avenue, Providence, RI, USA	High	Geocoded	distance greater than 100m	TRUE	41.7921903	-71.3936625	2015	April	Washington Park
2316	2015-04-15	287457	07:23:00	Pedestrian	1	NA	FALSE	FALSE	1	BROAD ST	THURBERS AVE	2015-04-15	Two-Way, Divided, Unprotected (painted>4feet) Medium	Dry	Daylight	Clear	Not a Collision Between Two Motor Vehicles in Transport	No	Traffic Control Signal	5	1	Pain Reported	NA	41.7982	-71.41467	FALSE	FALSE	Broad Street and Thurbers Ave, Providence, RI, USA	Med	Raw	NA	FALSE	41.7982	-71.41467	2015	April	Elmwood
2317	2015-04-15	287502	12:35:00	Bicycle	NA	1	FALSE	FALSE	1	ASHBURTON ST	CHARLES ST	2015-04-15	One-Way Trafficway	Dry	Daylight	Clear	Not a Collision Between Two Motor Vehicles in Transport	No	No Controls	2	1	Pain Reported	NA	41.83897	-71.41564	FALSE	FALSE	Ashburton Street and Charles Street, Providence, RI, USA	Med High	Raw	NA	FALSE	41.83897	-71.41564	2015	April	Mount Hope
2315	2015-04-18	287878	23:37:00	Pedestrian	1	NA	FALSE	FALSE	1	MEETING ST	THAYER ST	2015-04-19	One-Way Trafficway	Dry	Dark - Lighted	Clear	Other	Yes	No Controls	1	1	Pain Reported	NA	41.82916	-71.40084	FALSE	FALSE	Meeting Street and Thayer Street, Providence, RI, USA	Med High	Raw	NA	FALSE	41.82916	-71.40084	2015	April	College Hill
2314	2015-04-26	288816	15:17:00	Pedestrian	1	NA	FALSE	FALSE	1	555 CHALKSTONE AVE	NA	2015-04-26	Unknown	Dry	Daylight	Clear	Not a Collision Between Two Motor Vehicles in Transport	Yes	No Controls	3	1	Pain Reported	NA	41.83553	-71.42446	TRUE	TRUE	555 Chalkstone Ave, Providence, RI, USA	High	Raw	NA	FALSE	41.83553	-71.42446	2015	April	Smith Hill
2313	2015-04-27	288925	14:42:00	Pedestrian	1	NA	FALSE	FALSE	1	ASHBURTON ST	NA	2015-04-27	One-Way Trafficway	Dry	Daylight	Clear	Not a Collision Between Two Motor Vehicles in Transport	No	No Controls	5	1	Pain Reported	NA	41.83657	-71.41397	FALSE	TRUE	Ashburton Street, Providence, RI, USA	Inaccurate	Raw	distance greater than 100m	TRUE	41.83657	-71.41397	2015	April	Mount Hope
2311	2015-04-28	289008	08:44:00	Pedestrian	1	NA	FALSE	FALSE	1	BROADWAY	KNIGHT ST	2015-04-28	Two-Way , Not Divided	Dry	Daylight	Cloudy	Not a Collision Between Two Motor Vehicles in Transport	No	Traffic Control Signal	6	1	Pain Reported	NA	41.81982	-71.42926	FALSE	FALSE	Broadway and Knight Street, Providence, RI, USA	Med	Raw	NA	FALSE	41.81982	-71.42926	2015	April	Federal Hill
2312	2015-04-28	289077	19:50:00	Pedestrian	1	NA	FALSE	FALSE	1	BODELL AVE	ETNA ST	2015-04-28	Two-Way , Not Divided	Dry	Dusk	Clear	Not a Collision Between Two Motor Vehicles in Transport	No	No Controls	3	1	Non-Incapacitating	NA	41.81656	-71.45162	FALSE	FALSE	Bodell Ave and Etna Street, Providence, RI, USA	Med High	Raw	NA	FALSE	41.81656	-71.45162	2015	April	Hartford
2309	2015-04-29	289153	11:30:00	Pedestrian	1	NA	FALSE	FALSE	1	BROAD ST	Somerset St	2015-04-29	Two-Way, Divided, Positive Median Barrier	Dry	Daylight	Clear	Not a Collision Between Two Motor Vehicles in Transport	No	No Controls	3	1	Pain Reported	NA	41.81347	-71.42158	FALSE	FALSE	Broad Street and Somerset Street, Providence, RI, USA	Med	Raw	NA	FALSE	41.81347	-71.42158	2015	April	West End
2310	2015-04-29	289163	14:04:00	Bicycle	NA	1	FALSE	FALSE	1	DOUGLAS AVE	GODDARD ST	2015-04-29	Two-Way, Divided, Unprotected (painted>4feet) Medium	Dry	Daylight	Clear	Other	No	No Controls	5	1	Pain Reported	NA	41.83522	-71.41759	FALSE	FALSE	Douglas Ave and Goddard Street, Providence, RI, USA	Med High	Raw	NA	FALSE	41.83522	-71.41759	2015	April	Smith Hill
2308	2015-04-30	289384	21:37:00	Pedestrian	1	NA	FALSE	FALSE	1	86 CORINTH ST	NA	2015-04-30	Unknown	Dry	Dark - Lighted	Clear	Not a Collision Between Two Motor Vehicles in Transport	No	No Controls	3	1	Pain Reported	NA	41.7934	-71.4134	TRUE	TRUE	86 Corinth Street, Providence, RI, USA	High	Raw	NA	FALSE	41.7934	-71.4134	2015	April	Elmwood
2306	2015-05-01	289467	12:44:00	Bicycle	NA	1	FALSE	FALSE	1	BROADWAY	GREENMAN LN	2015-05-01	Two-Way , Not Divided	Dry	Daylight	Clear	Not a Collision Between Two Motor Vehicles in Transport	No	Traffic Control Signal	5	1	Pain Reported	NA	41.82232	-71.41867	FALSE	FALSE	Broadway and Greenman Ln, Providence, RI, USA	Med	Raw	distance greater than 100m	TRUE	41.82232	-71.41867	2015	May	Downtown
2307	2015-05-01	289488	16:47:00	Bicycle	NA	1	FALSE	FALSE	1	OAKLAND AVE	EATON ST	2015-05-01	Two-Way , Not Divided	Dry	Daylight	Clear	Not a Collision Between Two Motor Vehicles in Transport	Yes	No Controls	3	1	Pain Reported	2	41.84101	-71.42851	FALSE	FALSE	Oakland Ave and Eaton Street, Providence, RI, USA	Med High	Raw	NA	FALSE	41.84101	-71.42851	2015	May	Elmhurst
2304	2015-05-02	289688	13:53:00	Pedestrian	1	NA	FALSE	FALSE	1	1075 N MAIN ST	NA	2015-05-02	Unknown	Dry	Daylight	Clear	Not a Collision Between Two Motor Vehicles in Transport	No	No Controls	2	1	Pain Reported	NA	41.84979	-71.40314	TRUE	TRUE	1075 N Main Street, Providence, RI, USA	High	Raw	NA	FALSE	41.84979	-71.40314	2015	May	Hope
2305	2015-05-02	289689	14:46:00	Bicycle	NA	1	FALSE	FALSE	1	WASHINGTON ST	SERVICE ROAD 8	2015-05-02	Two-Way , Not Divided	Dry	Daylight	Clear	Not a Collision Between Two Motor Vehicles in Transport	No	No Controls	2	1	Pain Reported	NA	41.82031	-71.41868	FALSE	FALSE	Washington Street and Service Road 8, Providence, RI, USA	Med High	Raw	distance greater than 100m	TRUE	41.82031	-71.41868	2015	May	Downtown
2302	2015-05-03	289877	12:14:00	Pedestrian	1	NA	FALSE	FALSE	1	OPPER ST	BRANCH AVE	2015-05-03	Two-Way , Not Divided	Dry	Daylight	Clear	Not a Collision Between Two Motor Vehicles in Transport	No	No Controls	3	1	Pain Reported	NA	41.85181	-71.42329	FALSE	FALSE	Opper Street and Branch Ave, Providence, RI, USA	Med High	Raw	NA	FALSE	41.85181	-71.42329	2015	May	Charles
2303	2015-05-03	289931	20:17:00	Pedestrian	1	NA	FALSE	FALSE	1	Union Ave	Laurel Hill Ave	2015-05-04	Two-Way , Not Divided	Dry	Dark - Lighted	Clear	Not a Collision Between Two Motor Vehicles in Transport	Yes	Stop Signs	2	1	Pain Reported	NA	41.80626	-71.45236	FALSE	FALSE	Union Ave and Laurel Hill Ave, Providence, RI, USA	Med	Raw	NA	FALSE	41.80626	-71.45236	2015	May	Silver Lake
2301	2015-05-04	290037	16:39:00	Pedestrian	1	NA	FALSE	FALSE	1	ONTARIO ST	NIAGARA ST	2015-05-04	Two-Way , Not Divided	Dry	Daylight	Clear	Not a Collision Between Two Motor Vehicles in Transport	No	No Controls	3	1	Pain Reported	NA	41.80041	-71.41774	FALSE	FALSE	Ontario Street and Niagara Street, Providence, RI, USA	Med High	Geocoded	distance greater than 100m	TRUE	41.7998959	-71.419342	2015	May	Elmwood
2298	2015-05-05	290118	07:40:00	Pedestrian	1	NA	FALSE	FALSE	1	279 D CHAD BROWN STREET	NA	2015-05-05	Two-Way , Not Divided	Dry	Daylight	Clear	Unknown	Yes	No Controls	2	1	Pain Reported	2	41.83618	-71.41545	TRUE	TRUE	279 D Chad Brown Street, Providence, RI, USA	High	Geocoded	distance greater than 100m	TRUE	41.8406767	-71.4224919	2015	May	Wanskuck
2299	2015-05-05	290165	12:15:00	Bicycle	NA	NA	FALSE	FALSE	2	245 WATERMAN ST	COOKE ST	2015-05-05	One-Way Trafficway	Dry	Daylight	Clear	Rear End(Front-to-Rear)	Yes	No Controls	2	0	No Injury	NA	41.82761	-71.39556	TRUE	FALSE	245 Waterman Street, Providence, RI, USA	High	Geocoded	distance greater than 100m	TRUE	41.8279298	-71.3874654	2015	May	Wayland
2300	2015-05-05	290208	14:31:00	Pedestrian	1	NA	FALSE	FALSE	1	ATWELLS AVE	DE PASQUALE AVE	2015-05-05	Two-Way , Not Divided	Dry	Daylight	Clear	Not a Collision Between Two Motor Vehicles in Transport	No	Traffic Control Signal	6	1	Non-Incapacitating	NA	41.82359	-71.42694	FALSE	FALSE	Atwells Ave and De Pasquale Ave, Providence, RI, USA	Med High	Raw	NA	FALSE	41.82359	-71.42694	2015	May	Federal Hill
2295	2015-05-06	290285	13:40:00	Bicycle	NA	1	FALSE	FALSE	1	GANO STREET	EAST TRANSIT STREET	2015-05-06	Two-Way , Not Divided	Dry	Daylight	Clear	Angle (Front - to - Side) Right Angle (Includes Broadside)	No	No Controls	2	1	Non-Incapacitating	NA	41.83685	-71.41446	FALSE	FALSE	Gano Street and East Transit Street, Providence, RI, USA	Med High	Geocoded	distance greater than 100m	TRUE	41.8218214	-71.3897963	2015	May	Fox Point
2296	2015-05-06	290303	14:51:00	Pedestrian	1	NA	FALSE	FALSE	1	DOYLE AVE	HOPE ST	2015-05-06	Two-Way , Not Divided	Dry	Daylight	Clear	Not a Collision Between Two Motor Vehicles in Transport	No	No Controls	2	1	Pain Reported	2	41.83877	-71.40046	FALSE	FALSE	Doyle Ave and Hope Street, Providence, RI, USA	Med High	Raw	NA	FALSE	41.83877	-71.40046	2015	May	Mount Hope