row_number	crash_date	crash_report_id	crash_time	collision_type	count_pedestrian	count_bicycle	scooter	wheel_chair	number_of_vehicles	street_or_highway	nearest_intersection	report_date	type_of_roadway	road_surface_condition	light_condition	weather_condition	manner_of_impact	hit_and_run	traffic_control	person_count	injury_count	most_serious_injury	number_of_lanes	lat_raw	lon_raw	has_st_number	is_intersection_null	address_sent_to_geocoder	api_coord_conf	best_coordinate_set	reason_for_qa	manually_qaed_record	final_lat	final_lon	year	month	pvd_nhood
2103	2015-11-19	332626	13:43:00	Bicycle	NA	1	FALSE	FALSE	1	SMITH ST	PINEHURST AVE	2015-11-19	Two-Way, Divided, Unprotected (painted>4feet) Medium	Dry	Daylight	Clear	Not a Collision Between Two Motor Vehicles in Transport	Yes	No Controls	1	1	Pain Reported	NA	41.83711	-71.43247	FALSE	FALSE	Smith Street and Pinehurst Ave, Providence, RI, USA	Med High	Raw	NA	FALSE	41.83711	-71.43247	2015	November	Elmhurst
2104	2015-11-19	332632	14:40:00	Bicycle	NA	1	FALSE	FALSE	1	VALLEY ST	DELAINE ST	2015-11-19	Two-Way, Divided, Unprotected (painted>4feet) Medium	Wet	Daylight	Sleet, Hail (Freezing Rain or Drizzle)	Not a Collision Between Two Motor Vehicles in Transport	No	No Controls	3	1	Pain Reported	NA	41.81951	-71.4405	FALSE	FALSE	Valley Street and Delaine Street, Providence, RI, USA	Med High	Raw	NA	FALSE	41.81951	-71.4405	2015	November	Olneyville
2102	2015-11-20	333017	18:28:00	Pedestrian	2	NA	FALSE	FALSE	1	649 ADMIRAL ST	GLOUCESTER ST	2015-11-20	Two-Way, Divided, Unprotected (painted>4feet) Medium	Dry	Dark - Lighted	Clear	Not a Collision Between Two Motor Vehicles in Transport	No	No Controls	4	2	Incapacitating	NA	41.8489	-71.43822	TRUE	FALSE	649 Admiral Street, Providence, RI, USA	High	Raw	NA	FALSE	41.8489	-71.43822	2015	November	Elmhurst
2101	2015-11-21	333400	14:36:00	Pedestrian	2	NA	FALSE	FALSE	1	SERVICE ROAD 7	BROADWAY	2015-11-22	One-Way Trafficway	Dry	Daylight	Clear	Other	No	Traffic Control Signal	7	2	Pain Reported	NA	41.82178	-71.4208	FALSE	FALSE	Service Road 7 and Broadway, Providence, RI, USA	Med High	Raw	NA	FALSE	41.82178	-71.4208	2015	November	Federal Hill
2100	2015-11-22	333434	19:02:00	Pedestrian	1	NA	FALSE	FALSE	1	71 Putnam St	KOSSUTH ST	2015-11-22	Two-Way, Divided, Unprotected (painted>4feet) Medium	Wet	Dark - Lighted	Clear	Not a Collision Between Two Motor Vehicles in Transport	Yes	No Controls	2	1	Non-Incapacitating	NA	41.82266	-71.44404	TRUE	FALSE	71 Putnam Street, Providence, RI, USA	High	Raw	NA	FALSE	41.82266	-71.44404	2015	November	Olneyville
2096	2015-11-23	333533	10:13:00	Pedestrian	1	NA	FALSE	FALSE	1	14 Pleasant Valley Pkwy	Kinsley St	2015-11-23	Unknown	Dry	Daylight	Clear	Not a Collision Between Two Motor Vehicles in Transport	No	No Controls	3	1	Pain Reported	NA	41.82977	-71.4271	TRUE	FALSE	14 Pleasant Valley Pkwy, Providence, RI, USA	High	Raw	NA	FALSE	41.82977	-71.4271	2015	November	Valley
2097	2015-11-23	333629	14:55:00	Bicycle	NA	1	FALSE	FALSE	1	MESSER ST	CRANSTON ST	2015-11-23	Two-Way, Divided, Unprotected (painted>4feet) Medium	Dry	Daylight	Clear	Not a Collision Between Two Motor Vehicles in Transport	Yes	Stop Signs	1	0	No Injury	NA	41.80963	-71.43345	FALSE	FALSE	Messer Street and Cranston Street, Providence, RI, USA	Med High	Raw	NA	FALSE	41.80963	-71.43345	2015	November	West End
2098	2015-11-23	333710	14:17:00	Pedestrian	1	NA	FALSE	FALSE	1	117 BYFIELD ST	OCEAN ST	2015-11-23	Two-Way , Not Divided	Dry	Daylight	Clear	Not a Collision Between Two Motor Vehicles in Transport	Yes	No Controls	1	1	Pain Reported	NA	41.79565	-71.4075	TRUE	FALSE	117 Byfield Street, Providence, RI, USA	High	Raw	NA	FALSE	41.79565	-71.4075	2015	November	Lower South Providence
2099	2015-11-23	334042	16:52:00	Pedestrian	1	NA	FALSE	FALSE	1	1196 ELMWOOD AVE	SAWYER ST	2015-11-24	Two-Way , Not Divided	Dry	Dusk	Clear	Not a Collision Between Two Motor Vehicles in Transport	No	No Controls	3	1	Pain Reported	NA	41.77906	-71.4205	TRUE	FALSE	1196 Elmwood Ave, Providence, RI, USA	High	Raw	NA	FALSE	41.77906	-71.4205	2015	November	South Elmwood
2094	2015-11-24	333996	11:33:00	Pedestrian	1	NA	FALSE	FALSE	1	BROAD ST	HASKINS ST	2015-11-24	Two-Way , Not Divided	Dry	Daylight	Clear	Not a Collision Between Two Motor Vehicles in Transport	No	Stop Signs	2	1	Pain Reported	NA	41.81617	-71.41963	FALSE	FALSE	Broad Street and Haskins Street, Providence, RI, USA	Med	Raw	NA	FALSE	41.81617	-71.41963	2015	November	Upper South Providence
2095	2015-11-24	333998	12:06:00	Pedestrian	1	NA	FALSE	FALSE	1	MATHEWSON ST	WASHINGTON ST	2015-11-24	One-Way Trafficway	Dry	Daylight	Clear	Not a Collision Between Two Motor Vehicles in Transport	No	No Controls	3	1	Pain Reported	NA	41.82317	-71.41495	FALSE	FALSE	Mathewson Street and Washington Street, Providence, RI, USA	Med High	Raw	NA	FALSE	41.82317	-71.41495	2015	November	Downtown
2092	2015-11-25	334335	13:48:00	Pedestrian	1	NA	FALSE	FALSE	1	SILVER SPRING ST	TOURO ST	2015-11-25	Two-Way , Not Divided	Dry	Daylight	Clear	Not a Collision Between Two Motor Vehicles in Transport	No	No Controls	3	1	Pain Reported	NA	41.84509	-71.41832	FALSE	FALSE	Silver Spring Street and Touro Street, Providence, RI, USA	Med High	Raw	NA	FALSE	41.84509	-71.41832	2015	November	Charles
2093	2015-11-25	334471	15:55:00	Pedestrian	1	NA	FALSE	FALSE	1	262 CHARLES ST	CHARLES ST EXIT 23	2015-11-26	One-Way Trafficway	Dry	Daylight	Clear	Not a Collision Between Two Motor Vehicles in Transport	No	Stop Signs	3	1	Pain Reported	NA	41.83785	-71.41427	TRUE	FALSE	262 Charles Street, Providence, RI, USA	High	Raw	NA	FALSE	41.83785	-71.41427	2015	November	Mount Hope
2090	2015-11-27	334622	20:42:00	Pedestrian	1	NA	FALSE	FALSE	1	BRANCH AVE	SILVER SPRING ST	2015-11-27	Two-Way, Not Divided With a Continuous Left Turn Lane	Dry	Dark - Lighted	Clear	Not a Collision Between Two Motor Vehicles in Transport	No	Traffic Control Signal	5	1	Pain Reported	3	41.84783	-71.41469	FALSE	FALSE	Branch Ave and Silver Spring Street, Providence, RI, USA	Med High	Raw	NA	FALSE	41.84783	-71.41469	2015	November	Charles
2091	2015-11-27	334836	22:07:00	Pedestrian	1	NA	FALSE	FALSE	1	FOUNTAIN ST	EMPIRE ST	2015-11-29	Two-Way, Divided, Unprotected (painted>4feet) Medium	Dry	Dark - Lighted	Clear	Other	No	Traffic Control Signal	4	1	Non-Incapacitating	NA	41.82234	-71.41712	FALSE	FALSE	Fountain Street and Empire Street, Providence, RI, USA	Med High	Raw	NA	FALSE	41.82234	-71.41712	2015	November	Downtown
2088	2015-11-29	334960	17:05:00	Pedestrian	2	NA	FALSE	FALSE	1	BROADWAY	MARSHALL ST	2015-11-29	Two-Way , Not Divided	Dry	Dark - Lighted	Clear	Not a Collision Between Two Motor Vehicles in Transport	Yes	No Controls	6	2	Fatal	NA	41.81912	-71.43223	FALSE	FALSE	Broadway and Marshall Street, Providence, RI, USA	Med	Raw	NA	FALSE	41.81912	-71.43223	2015	November	Federal Hill
2089	2015-11-29	334971	20:03:00	Pedestrian	1	NA	FALSE	FALSE	1	RIVER AVE	ADMIRAL ST	2015-11-29	Two-Way, Divided, Unprotected (painted>4feet) Medium	Dry	Dark - Lighted	Clear	Not a Collision Between Two Motor Vehicles in Transport	No	Pavement Markings	2	1	Pain Reported	NA	41.8492	-71.43894	FALSE	FALSE	River Ave and Admiral Street, Providence, RI, USA	Med High	Raw	distance greater than 100m	TRUE	41.8492	-71.43894	2015	November	Elmhurst
2087	2015-11-30	335175	12:04:00	Pedestrian	1	NA	FALSE	FALSE	1	SMITHFIELD AVE	COLLYER ST	2015-11-30	Two-Way , Not Divided	Dry	Daylight	Clear	Not a Collision Between Two Motor Vehicles in Transport	No	No Controls	2	1	Pain Reported	NA	41.85428	-71.40363	FALSE	FALSE	Smithfield Ave and Collyer Street, Providence, RI, USA	Med High	Raw	NA	FALSE	41.85428	-71.40363	2015	November	Hope
2086	2015-12-01	335641	19:41:00	Pedestrian	1	NA	FALSE	FALSE	1	ELMGROVE AVE	HUMBOLDT AVE	2015-12-02	Two-Way , Not Divided	Wet	Dark - Lighted	Rain	Other	Yes	No Controls	3	1	Pain Reported	2	41.83144	-71.38987	FALSE	FALSE	Elmgrove Ave and Humboldt Ave, Providence, RI, USA	Med High	Raw	NA	FALSE	41.83144	-71.38987	2015	December	Wayland
2084	2015-12-03	336074	06:22:00	Bicycle	NA	1	FALSE	FALSE	1	BRANCH AVE	MOY ST	2015-12-03	Two-Way , Not Divided	Wet	Dawn	Clear	Not a Collision Between Two Motor Vehicles in Transport	Yes	No Controls	2	1	Non-Incapacitating	2	41.85488	-71.43627	FALSE	FALSE	Branch Ave and Moy Street, Providence, RI, USA	Med High	Raw	NA	FALSE	41.85488	-71.43627	2015	December	Wanskuck
2085	2015-12-03	336139	10:12:00	Pedestrian	1	NA	FALSE	FALSE	1	RHODE ISLAND COLL	RHODE ISLAND COLL	2015-12-03	Two-Way , Not Divided	Dry	Daylight	Clear	Other	No	No Controls	3	1	Non-Incapacitating	NA	41.84085	-71.46635	FALSE	FALSE	Rhode Island Coll and Rhode Island Coll, Providence, RI, USA	Med	Raw	distance greater than 100m	TRUE	41.84085	-71.46635	2015	December	NA
2082	2015-12-04	336415	10:08:00	Pedestrian	1	NA	FALSE	FALSE	1	EATON STREET	HUXLEY AVENUE	2015-12-04	Two-Way , Not Divided	Dry	Daylight	Clear	Other	No	Traffic Control Signal	3	1	Pain Reported	2	41.83141	-71.41769	FALSE	FALSE	Eaton Street and Huxley Avenue, Providence, RI, USA	Med High	Geocoded	distance greater than 100m	TRUE	41.8415128	-71.433591	2015	December	Elmhurst
2083	2015-12-04	336607	20:34:00	Pedestrian	1	NA	FALSE	FALSE	1	KENNEDY PLZ	NA	2015-12-04	One-Way Trafficway	Dry	Dark - Lighted	Clear	Not a Collision Between Two Motor Vehicles in Transport	No	No Controls	5	1	Non-Incapacitating	NA	41.82436	-71.41206	FALSE	TRUE	Kennedy Plz, Providence, RI, USA	Inaccurate	Raw	distance greater than 100m	TRUE	41.82436	-71.41206	2015	December	Downtown
2081	2015-12-05	336719	08:14:00	Pedestrian	1	NA	FALSE	FALSE	1	ELMWOOD AVE	LENOX AVE	2015-12-05	Two-Way, Divided, Positive Median Barrier	Dry	Daylight	Clear	Other	No	No Controls	3	1	Non-Incapacitating	NA	41.79524	-71.42464	FALSE	FALSE	Elmwood Ave and Lenox Ave, Providence, RI, USA	Med High	Raw	NA	FALSE	41.79524	-71.42464	2015	December	Elmwood
2079	2015-12-09	337774	13:30:00	Bicycle	NA	1	FALSE	FALSE	1	SILVER SPRING ST	LEDGE ST	2015-12-09	Two-Way , Not Divided	Dry	Daylight	Clear	Other	No	No Controls	3	0	No Injury	NA	41.85319	-71.41263	FALSE	FALSE	Silver Spring Street and Ledge Street, Providence, RI, USA	Med High	Raw	NA	FALSE	41.85319	-71.41263	2015	December	Charles
2080	2015-12-09	337902	17:08:00	Pedestrian	1	NA	FALSE	FALSE	1	MOUNT PLEASANT AVE	CATHEDRAL AVE	2015-12-09	Two-Way , Not Divided	Dry	Dark - Lighted	Cloudy	Not a Collision Between Two Motor Vehicles in Transport	No	School Zone Signs	5	1	Incapacitating	2	41.83978	-71.45202	FALSE	FALSE	Mount Pleasant Ave and Cathedral Ave, Providence, RI, USA	Med High	Raw	distance greater than 100m	TRUE	41.83978	-71.45202	2015	December	Mount Pleasant
2076	2015-12-11	338546	14:12:00	Bicycle	NA	1	FALSE	FALSE	1	WAVERLY ST	DEXTER ST	2015-12-11	Two-Way , Not Divided	Dry	Daylight	Clear	Not a Collision Between Two Motor Vehicles in Transport	No	Stop Signs	3	1	Pain Reported	NA	41.80681	-71.42896	FALSE	FALSE	Waverly Street and Dexter Street, Providence, RI, USA	Med High	Raw	NA	FALSE	41.80681	-71.42896	2015	December	West End
2077	2015-12-11	338595	17:05:00	Bicycle	NA	NA	FALSE	FALSE	2	IRVING AVE	BLACKSTONE BLVD	2015-12-11	Two-Way, Divided, Positive Median Barrier	Dry	Dark - Lighted	Clear	Sideswipe, Same Direction	No	No Controls	7	0	No Injury	NA	41.83413	-71.38419	FALSE	FALSE	Irving Ave and Blackstone Blvd, Providence, RI, USA	Med High	Raw	NA	FALSE	41.83413	-71.38419	2015	December	Wayland
2078	2015-12-11	338663	23:05:00	Pedestrian	1	NA	FALSE	FALSE	1	SMITH ST	Richter Street	2015-12-12	Two-Way , Not Divided	Dry	Dark - Lighted	Clear	Head-On (Front - to - Front)	Yes	No Controls	1	1	Pain Reported	NA	41.83608	-71.42961	FALSE	FALSE	Smith Street and Richter Street, Providence, RI, USA	Med High	Raw	NA	FALSE	41.83608	-71.42961	2015	December	Smith Hill
2075	2015-12-12	338957	19:14:00	Pedestrian	1	NA	FALSE	FALSE	1	WEYBOSSET ST	MATHEWSON ST	2015-12-12	One-Way Trafficway	Dry	Dark - Lighted	Clear	Not a Collision Between Two Motor Vehicles in Transport	No	No Controls	3	1	Pain Reported	NA	41.82133	-71.4127	FALSE	FALSE	Weybosset Street and Mathewson Street, Providence, RI, USA	Med High	Raw	NA	FALSE	41.82133	-71.4127	2015	December	Downtown
2074	2015-12-14	339269	14:57:00	Pedestrian	1	NA	FALSE	FALSE	1	Carpenter St	KNIGHT ST	2015-12-14	Two-Way , Not Divided	Dry	Daylight	Clear	Not a Collision Between Two Motor Vehicles in Transport	No	Stop Signs	2	1	Pain Reported	NA	41.81825	-71.42749	FALSE	FALSE	Carpenter Street and Knight Street, Providence, RI, USA	Med High	Raw	NA	FALSE	41.81825	-71.42749	2015	December	Federal Hill
2073	2015-12-15	339450	08:26:00	Bicycle	NA	1	FALSE	FALSE	1	MANTON AVE	RIDGEWAY AVE	2015-12-15	Two-Way , Not Divided	Dry	Daylight	Clear	Not a Collision Between Two Motor Vehicles in Transport	No	No Controls	4	1	Non-Incapacitating	2	41.82742	-71.46112	FALSE	FALSE	Manton Ave and Ridgeway Ave, Providence, RI, USA	Med High	Raw	NA	FALSE	41.82742	-71.46112	2015	December	Manton
2072	2015-12-16	339896	10:55:00	Pedestrian	1	NA	FALSE	FALSE	1	FRIENDSHIP	PLAIN ST	2015-12-16	One-Way Trafficway	Dry	Daylight	Clear	Not a Collision Between Two Motor Vehicles in Transport	No	Traffic Control Signal	3	1	Pain Reported	2	41.81586	-71.41531	FALSE	FALSE	Friendship and Plain Street, Providence, RI, USA	Med	Raw	distance greater than 100m	TRUE	41.81586	-71.41531	2015	December	Upper South Providence
2071	2015-12-17	340273	20:28:00	Pedestrian	1	NA	FALSE	FALSE	1	ELMWOOD AVE	CARTER ST	2015-12-17	Two-Way, Divided, Unprotected (painted>4feet) Medium	Wet	Dark - Lighted	Rain	Not a Collision Between Two Motor Vehicles in Transport	Yes	No Controls	3	1	Pain Reported	NA	41.79946	-71.42651	FALSE	FALSE	Elmwood Ave and Carter Street, Providence, RI, USA	Med High	Raw	NA	FALSE	41.79946	-71.42651	2015	December	West End
2070	2015-12-18	340687	18:00:00	Bicycle	NA	1	FALSE	FALSE	1	PRATT ST	JENCKES ST	2015-12-18	Two-Way , Not Divided	Wet	Dawn	Cloudy	Not a Collision Between Two Motor Vehicles in Transport	No	Stop Signs	3	0	No Injury	NA	41.83268	-71.40828	FALSE	FALSE	Pratt Street and Jenckes Street, Providence, RI, USA	Med High	Raw	NA	FALSE	41.83268	-71.40828	2015	December	College Hill
2069	2015-12-19	340770	14:53:00	Pedestrian	1	NA	FALSE	FALSE	1	Atwells Ave	DE PASQUALE AVE	2015-12-19	Two-Way , Not Divided	Dry	Daylight	Clear	Not a Collision Between Two Motor Vehicles in Transport	No	Traffic Control Signal	2	1	Pain Reported	NA	41.82359	-71.42694	FALSE	FALSE	Atwells Ave and De Pasquale Ave, Providence, RI, USA	Med High	Raw	NA	FALSE	41.82359	-71.42694	2015	December	Federal Hill
2068	2015-12-20	340941	02:25:00	Pedestrian	1	NA	FALSE	FALSE	1	EDDY ST	ELM ST	2015-12-20	Two-Way, Divided, Unprotected (painted>4feet) Medium	Dry	Dark - Lighted	Clear	Not a Collision Between Two Motor Vehicles in Transport	No	No Controls	4	0	No Injury	NA	41.81844	-71.40761	FALSE	FALSE	Eddy Street and Elm Street, Providence, RI, USA	Med High	Raw	NA	FALSE	41.81844	-71.40761	2015	December	Downtown
2067	2015-12-22	341489	13:30:00	Pedestrian	1	NA	FALSE	FALSE	1	ORMS ST	DOUGLAS AVE	2015-12-22	Two-Way, Divided, Unprotected (painted>4feet) Medium	Wet	Daylight	Rain	Angle (Front - to - Side) Right Angle (Includes Broadside)	No	No Controls	4	1	Pain Reported	NA	41.83469	-71.41611	FALSE	FALSE	Orms Street and Douglas Ave, Providence, RI, USA	Med High	Raw	NA	FALSE	41.83469	-71.41611	2015	December	Smith Hill
2064	2015-12-23	341673	13:00:00	Pedestrian	1	NA	FALSE	FALSE	1	40 Point Street	EDDY ST	2015-12-23	Two-Way, Divided, Positive Median Barrier	Dry	Daylight	Cloudy	Not a Collision Between Two Motor Vehicles in Transport	No	No Controls	3	1	Pain Reported	NA	41.81713	-71.40589	TRUE	FALSE	40 Point Street, Providence, RI, USA	High	Raw	NA	FALSE	41.81713	-71.40589	2015	December	Downtown
2065	2015-12-23	341718	17:15:00	Pedestrian	1	NA	FALSE	FALSE	1	ELMWOOD AVE	SPRAGUE ST	2015-12-23	Two-Way , Not Divided	Wet	Dark - Lighted	Rain	Not a Collision Between Two Motor Vehicles in Transport	No	No Controls	2	0	No Injury	NA	41.80948	-71.42433	FALSE	FALSE	Elmwood Ave and Sprague Street, Providence, RI, USA	Med High	Raw	NA	FALSE	41.80948	-71.42433	2015	December	West End
2066	2015-12-23	341967	19:30:00	Pedestrian	1	NA	FALSE	FALSE	1	CHALKSTONE AVE	ACADEMY AVE	2015-12-24	Two-Way, Divided, Unprotected (painted>4feet) Medium	Wet	Dark - Lighted	Rain	Not a Collision Between Two Motor Vehicles in Transport	No	Traffic Control Signal	3	1	Pain Reported	NA	41.83245	-71.44453	FALSE	FALSE	Chalkstone Ave and Academy Ave, Providence, RI, USA	Med High	Raw	NA	FALSE	41.83245	-71.44453	2015	December	Mount Pleasant
2061	2015-12-24	341841	00:03:00	Pedestrian	1	NA	FALSE	FALSE	1	WASHINGTON ST	SERVICE ROAD 7	2015-12-24	Two-Way , Not Divided	Wet	Dark - Lighted	Rain	Not a Collision Between Two Motor Vehicles in Transport	No	Traffic Control Signal	2	1	Pain Reported	NA	41.81964	-71.41979	FALSE	FALSE	Washington Street and Service Road 7, Providence, RI, USA	Med	Raw	NA	FALSE	41.81964	-71.41979	2015	December	Federal Hill
2062	2015-12-24	341940	17:09:00	Pedestrian	1	NA	FALSE	FALSE	1	387 Charles St	SILVER SPRING ST	2015-12-24	Unknown	Wet	Dark - Lighted	Rain	Not a Collision Between Two Motor Vehicles in Transport	No	No Controls	2	1	Pain Reported	NA	41.84402	-71.41846	TRUE	FALSE	387 Charles Street, Providence, RI, USA	High	Raw	NA	FALSE	41.84402	-71.41846	2015	December	Charles
2063	2015-12-24	341951	18:46:00	Bicycle	NA	1	FALSE	FALSE	1	PROMENADE ST	PARK ST	2015-12-24	Two-Way , Not Divided	Wet	Dark - Lighted	Clear	Not a Collision Between Two Motor Vehicles in Transport	Yes	Traffic Control Signal	2	1	Pain Reported	NA	41.82761	-71.41674	FALSE	FALSE	Promenade Street and Park Street, Providence, RI, USA	Med High	Raw	NA	FALSE	41.82761	-71.41674	2015	December	Downtown
2060	2015-12-26	342379	22:14:00	Pedestrian	1	NA	FALSE	FALSE	1	WASHINGTON ST	SNOW ST	2015-12-26	Two-Way, Divided, Unprotected (painted>4feet) Medium	Dry	Dark - Lighted	Clear	Not a Collision Between Two Motor Vehicles in Transport	No	No Controls	2	1	Pain Reported	NA	41.82254	-71.41547	FALSE	FALSE	Washington Street and Snow Street, Providence, RI, USA	Med High	Raw	NA	FALSE	41.82254	-71.41547	2015	December	Downtown
2059	2015-12-28	342727	17:17:00	Pedestrian	1	NA	FALSE	FALSE	1	Manton Ave	Sheridan Street	2015-12-28	Two-Way, Divided, Unprotected (painted>4feet) Medium	Dry	Dark - Lighted	Cloudy	Other	No	No Controls	2	1	Pain Reported	NA	41.82364	-71.4515	FALSE	FALSE	Manton Ave and Sheridan Street, Providence, RI, USA	Med High	Raw	NA	FALSE	41.82364	-71.4515	2015	December	Olneyville
2058	2015-12-30	343199	16:20:00	Pedestrian	1	NA	FALSE	FALSE	1	Waterman St	Butler Ave	2015-12-30	One-Way Trafficway	Dry	Dusk	Cloudy	Not a Collision Between Two Motor Vehicles in Transport	No	Traffic Control Signal	8	1	Incapacitating	2	41.82807	-71.38545	FALSE	FALSE	Waterman Street and Butler Ave, Providence, RI, USA	Med High	Raw	NA	FALSE	41.82807	-71.38545	2015	December	Wayland
2057	2016-01-01	343476	04:15:00	Pedestrian	1	NA	FALSE	FALSE	1	104 Knight Street	PENN ST	2016-01-01	One-Way Trafficway	Dry	Dark - Lighted	Clear	Not a Collision Between Two Motor Vehicles in Transport	Yes	Stop Signs	2	1	Pain Reported	NA	41.82166	-71.43101	TRUE	FALSE	104 Knight Street, Providence, RI, USA	High	Raw	NA	FALSE	41.82166	-71.43101	2016	January	Federal Hill
2056	2016-01-02	343651	12:31:00	Pedestrian	2	NA	FALSE	FALSE	1	BUTLER AVE	MEDWAY ST	2016-01-02	Two-Way , Not Divided	Dry	Daylight	Clear	Not a Collision Between Two Motor Vehicles in Transport	No	Stop Signs	4	2	Pain Reported	NA	41.82876	-71.38528	FALSE	FALSE	Butler Ave and Medway Street, Providence, RI, USA	Med High	Raw	NA	FALSE	41.82876	-71.38528	2016	January	Wayland
2055	2016-01-03	343774	11:16:00	Pedestrian	1	NA	FALSE	FALSE	1	473 CHARLES ST	LORETO ST	2016-01-03	Two-Way , Not Divided	Dry	Daylight	Clear	Not a Collision Between Two Motor Vehicles in Transport	No	No Controls	4	1	Pain Reported	NA	41.84816	-71.41965	TRUE	FALSE	473 Charles Street, Providence, RI, USA	High	Raw	NA	FALSE	41.84816	-71.41965	2016	January	Charles
2054	2016-01-06	515066	19:31:00	Pedestrian	1	NA	FALSE	FALSE	1	Exchange St	Memorial Blvd	2017-01-07	Two-Way , Not Divided	Dry	Dark - Not Lighted	Clear	Not a Collision Between Two Motor Vehicles in Transport	No	Pavement Markings	2	1	Pain Reported	NA	41.82696	-71.41217	FALSE	FALSE	Exchange Street and Memorial Blvd, Providence, RI, USA	Med High	Raw	NA	FALSE	41.82696	-71.41217	2016	January	Downtown
2053	2016-01-07	344923	15:30:00	Bicycle	NA	1	FALSE	FALSE	1	WAYLAND AVE	S ANGELL ST	2016-01-07	Two-Way, Divided, Unprotected (painted>4feet) Medium	Dry	Daylight	Clear	Not a Collision Between Two Motor Vehicles in Transport	No	Other	3	1	Pain Reported	NA	41.82969	-71.38806	FALSE	FALSE	Wayland Ave and S Angell Street, Providence, RI, USA	Med High	Raw	NA	FALSE	41.82969	-71.38806	2016	January	Wayland
2052	2016-01-08	345161	16:23:00	Bicycle	NA	1	FALSE	FALSE	1	PARK ROW WEST	EXCHANGE ST	2016-01-08	Two-Way , Not Divided	Dry	Dark - Lighted	Clear	Not a Collision Between Two Motor Vehicles in Transport	No	Stop Signs	5	0	No Injury	NA	41.82834	-71.41319	FALSE	FALSE	Park Row West and Exchange Street, Providence, RI, USA	Med High	Raw	NA	FALSE	41.82834	-71.41319	2016	January	Downtown
2050	2016-01-11	345710	08:47:00	Pedestrian	1	NA	FALSE	FALSE	1	MOUNT PLEASANT AVE	CHALKSTONE AVE	2016-01-11	Two-Way, Divided, Unprotected (painted>4feet) Medium	Dry	Daylight	Clear	Not a Collision Between Two Motor Vehicles in Transport	No	Traffic Control Signal	3	1	Non-Incapacitating	NA	41.8327	-71.44975	FALSE	FALSE	Mount Pleasant Ave and Chalkstone Ave, Providence, RI, USA	Med High	Raw	NA	FALSE	41.8327	-71.44975	2016	January	Mount Pleasant
2051	2016-01-11	345868	15:40:00	Pedestrian	1	NA	FALSE	FALSE	1	CRANSTON ST	DEXTER ST	2016-01-11	Two-Way, Divided, Unprotected (painted>4feet) Medium	Dry	Daylight	Clear	Not a Collision Between Two Motor Vehicles in Transport	No	Traffic Control Signal	3	1	Non-Incapacitating	NA	41.8126	-71.42959	FALSE	FALSE	Cranston Street and Dexter Street, Providence, RI, USA	Med High	Raw	NA	FALSE	41.8126	-71.42959	2016	January	West End
2048	2016-01-12	346156	17:47:00	Pedestrian	1	NA	FALSE	FALSE	1	Elmwood Avenue	PRINCETON AVE	2016-01-12	Two-Way , Not Divided	Wet	Dark - Lighted	Rain	Not a Collision Between Two Motor Vehicles in Transport	No	No Controls	4	1	Pain Reported	NA	41.80547	-71.4252	FALSE	FALSE	Elmwood Avenue and Princeton Ave, Providence, RI, USA	Med High	Raw	NA	FALSE	41.80547	-71.4252	2016	January	West End
2049	2016-01-12	346298	18:00:00	Pedestrian	1	NA	FALSE	TRUE	1	Kennedy Plz.	Dorrance St.	2016-01-12	Two-Way , Not Divided	Wet	Dark - Lighted	Rain	Not a Collision Between Two Motor Vehicles in Transport	Yes	No Controls	3	1	Non-Incapacitating	NA	41.82426	-71.41219	FALSE	FALSE	Kennedy Plz. and Dorrance St., Providence, RI, USA	Med High	Raw	NA	FALSE	41.82426	-71.41219	2016	January	Downtown
2047	2016-01-14	346855	17:11:00	Bicycle	NA	2	FALSE	FALSE	1	BROADWAY	HARRIS AVE	2016-01-14	Two-Way , Not Divided	Dry	Daylight	Clear	Not a Collision Between Two Motor Vehicles in Transport	No	No Controls	3	2	Pain Reported	NA	41.81705	-71.44029	FALSE	FALSE	Broadway and Harris Ave, Providence, RI, USA	Med	Raw	NA	FALSE	41.81705	-71.44029	2016	January	Olneyville
2046	2016-01-19	348154	07:56:00	Pedestrian	1	NA	FALSE	FALSE	1	DOUGLAS AVE	FILMORE ST	2016-01-19	Two-Way, Divided, Unprotected (painted>4feet) Medium	Dry	Daylight	Clear	Not a Collision Between Two Motor Vehicles in Transport	No	Person	4	2	Pain Reported	NA	41.83718	-71.42232	FALSE	FALSE	Douglas Ave and Filmore Street, Providence, RI, USA	Med High	Raw	NA	FALSE	41.83718	-71.42232	2016	January	Smith Hill
2044	2016-01-20	348938	12:58:00	Bicycle	NA	1	FALSE	FALSE	1	Chad Brown St	CAMDEN AVE	2016-01-20	Two-Way , Not Divided	Dry	Daylight	Clear	Not a Collision Between Two Motor Vehicles in Transport	No	Pavement Markings	6	1	Pain Reported	2	41.83925	-71.42583	FALSE	FALSE	Chad Brown Street and Camden Ave, Providence, RI, USA	Med High	Raw	NA	FALSE	41.83925	-71.42583	2016	January	Smith Hill