row_number	crash_date	crash_report_id	crash_time	collision_type	count_pedestrian	count_bicycle	scooter	wheel_chair	number_of_vehicles	street_or_highway	nearest_intersection	report_date	type_of_roadway	road_surface_condition	light_condition	weather_condition	manner_of_impact	hit_and_run	traffic_control	person_count	injury_count	most_serious_injury	number_of_lanes	lat_raw	lon_raw	has_st_number	is_intersection_null	address_sent_to_geocoder	api_coord_conf	best_coordinate_set	reason_for_qa	manually_qaed_record	final_lat	final_lon	year	month	pvd_nhood
1856	2016-09-01	450852	20:28:00	Bicycle	NA	1	FALSE	FALSE	1	CHALKSTONE AVE	CANTON ST	2016-09-01	Two-Way , Not Divided	Dry	Dark - Lighted	Clear	Not a Collision Between Two Motor Vehicles in Transport	No	Stop Signs	3	1	Pain Reported	NA	41.8323	-71.4425	FALSE	FALSE	Chalkstone Ave and Canton Street, Providence, RI, USA	Med High	Raw	NA	FALSE	41.8323	-71.4425	2016	September	Valley
1857	2016-09-01	450909	08:33:00	Bicycle	NA	1	FALSE	FALSE	1	ALEPPO ST	MANTON AVE	2016-09-02	Two-Way, Divided, Unprotected (painted>4feet) Medium	Wet	Daylight	Rain	Angle (Front - to - Side) Right Angle (Includes Broadside)	No	No Controls	3	1	Non-Incapacitating	NA	41.81968	-71.44739	FALSE	FALSE	Aleppo Street and Manton Ave, Providence, RI, USA	Med High	Raw	distance greater than 100m	TRUE	41.81968	-71.44739	2016	September	Olneyville
1855	2016-09-03	451810	16:06:00	Pedestrian	1	NA	FALSE	FALSE	1	ELMWOOD AVE	EXIT 17	2016-09-03	One-Way Trafficway	Dry	Daylight	Clear	Not a Collision Between Two Motor Vehicles in Transport	Yes	Traffic Control Signal	2	1	Pain Reported	NA	41.78853	-71.42091	FALSE	FALSE	Elmwood Ave and Exit 17, Providence, RI, USA	Med	Raw	distance greater than 100m	TRUE	41.78853	-71.42091	2016	September	Elmwood
1853	2016-09-04	452267	16:02:00	Other	NA	NA	FALSE	TRUE	1	HARTFORD AV	IDA ST	2016-09-04	Two-Way , Not Divided	Dry	Daylight	Clear	Other	Yes	No Controls	3	1	Pain Reported	2	41.81835	-71.4574	FALSE	FALSE	Hartford Av and Ida Street, Providence, RI, USA	Med High	Raw	NA	FALSE	41.81835	-71.4574	2016	September	Hartford
1854	2016-09-04	452357	22:23:00	Pedestrian	1	NA	FALSE	FALSE	1	MEMORIAL BLVD	FRANCIS ST	2016-09-05	Two-Way, Divided, Positive Median Barrier	Dry	Dark - Lighted	Clear	Other	Yes	Pavement Markings	5	1	Incapacitating	6	41.82582	-71.4151	FALSE	FALSE	Memorial Blvd and Francis Street, Providence, RI, USA	Med High	Raw	NA	FALSE	41.82582	-71.4151	2016	September	Downtown
1852	2016-09-06	453227	19:03:00	Bicycle	NA	1	FALSE	FALSE	1	Dorrance st	PINE ST	2016-09-06	Two-Way , Not Divided	Wet	Daylight	Cloudy	Not a Collision Between Two Motor Vehicles in Transport	No	No Controls	3	1	Pain Reported	NA	41.82239	-71.4101	FALSE	FALSE	Dorrance Street and Pine Street, Providence, RI, USA	Med High	Raw	NA	FALSE	41.82239	-71.4101	2016	September	Downtown
1851	2016-09-08	454138	16:16:00	Pedestrian	1	NA	FALSE	FALSE	1	Hope St.	Cypress St.	2016-09-08	Two-Way , Not Divided	Dry	Daylight	Clear	Not a Collision Between Two Motor Vehicles in Transport	Yes	Traffic Control Signal	3	1	Non-Incapacitating	NA	41.84102	-71.39899	FALSE	FALSE	Hope St. and Cypress St., Providence, RI, USA	Med High	Raw	NA	FALSE	41.84102	-71.39899	2016	September	Mount Hope
1848	2016-09-12	455626	07:37:00	Pedestrian	1	NA	FALSE	FALSE	1	Hartford Ave	Bowlet Street	2016-09-12	Two-Way, Divided, Unprotected (painted>4feet) Medium	Dry	Daylight	Clear	Other	No	No Controls	4	1	Pain Reported	NA	41.81907	-71.46227	FALSE	FALSE	Hartford Ave and Bowlet Street, Providence, RI, USA	Med High	Raw	NA	FALSE	41.81907	-71.46227	2016	September	Hartford
1849	2016-09-12	455693	16:06:00	Bicycle	NA	1	FALSE	FALSE	1	POTTERS AVE	NINIGRET AVE	2016-09-12	Two-Way , Not Divided	Dry	Daylight	Clear	Not a Collision Between Two Motor Vehicles in Transport	No	No Controls	3	1	Pain Reported	NA	41.80466	-71.43675	FALSE	FALSE	Potters Ave and Ninigret Ave, Providence, RI, USA	Med High	Raw	NA	FALSE	41.80466	-71.43675	2016	September	West End
1850	2016-09-12	455701	17:30:00	Pedestrian	1	NA	FALSE	FALSE	1	Hartford Ave	HARTFORD AVE	2016-09-12	Two-Way , Not Divided	Dry	Daylight	Clear	Other	No	No Controls	4	1	Pain Reported	NA	41.81727	-71.44995	FALSE	FALSE	Hartford Ave and Hartford Ave, Providence, RI, USA	Med	Raw	distance greater than 100m	TRUE	41.81727	-71.44995	2016	September	Hartford
1845	2016-09-13	455890	08:53:00	Bicycle	NA	1	FALSE	FALSE	1	FOUNTAIN ST	FRANCIS ST	2016-09-13	One-Way Trafficway	Dry	Daylight	Clear	Not a Collision Between Two Motor Vehicles in Transport	No	Traffic Control Signal	5	1	Pain Reported	NA	41.82481	-71.41469	FALSE	FALSE	Fountain Street and Francis Street, Providence, RI, USA	Med	Raw	distance greater than 100m	TRUE	41.82481	-71.41469	2016	September	Downtown
1846	2016-09-13	456214	16:54:00	Pedestrian	1	NA	FALSE	FALSE	1	ANGELL ST	WAYLAND AVE	2016-09-13	Two-Way, Divided, Unprotected (painted>4feet) Medium	Dry	Daylight	Clear	Not a Collision Between Two Motor Vehicles in Transport	No	Traffic Control Signal	3	1	Incapacitating	NA	41.83015	-71.38792	FALSE	FALSE	Angell Street and Wayland Ave, Providence, RI, USA	Med High	Raw	NA	FALSE	41.83015	-71.38792	2016	September	Wayland
1847	2016-09-13	456274	23:00:00	Pedestrian	1	NA	FALSE	FALSE	1	webster ave	STERLING AVE	2016-09-14	Two-Way , Not Divided	Dry	Dark - Lighted	Clear	Not a Collision Between Two Motor Vehicles in Transport	Yes	Stop Signs	1	1	Pain Reported	NA	41.81036	-71.44923	FALSE	FALSE	Webster Ave and Sterling Ave, Providence, RI, USA	Med High	Raw	NA	FALSE	41.81036	-71.44923	2016	September	Silver Lake
1841	2016-09-14	456353	08:54:00	Pedestrian	1	NA	FALSE	FALSE	1	BROAD ST	JOHN PARTINGTON WAY	2016-09-14	Two-Way , Not Divided	Dry	Daylight	Clear	Not a Collision Between Two Motor Vehicles in Transport	No	Traffic Control Signal	2	0	No Injury	NA	41.81736	-71.41696	FALSE	FALSE	Broad Street and John Partington Way, Providence, RI, USA	Med	Raw	distance greater than 100m	TRUE	41.81736	-71.41696	2016	September	Upper South Providence
1842	2016-09-14	456508	14:59:00	Pedestrian	1	NA	FALSE	FALSE	1	FRANCIS STREET	AMERICAN EXPRESS PLZ	2016-09-14	Two-Way, Divided, Unprotected (painted>4feet) Medium	Dry	Daylight	Clear	Angle (Front - to - Side) Right Angle (Includes Broadside)	Yes	Traffic Control Signal	3	1	Pain Reported	NA	41.82741	-71.41541	FALSE	FALSE	Francis Street and American Express Plz, Providence, RI, USA	Med	Raw	distance greater than 100m	TRUE	41.82741	-71.41541	2016	September	Downtown
1843	2016-09-14	456617	18:19:00	Pedestrian	1	NA	FALSE	FALSE	1	N MAIN ST	N MAIN ST	2016-09-14	Two-Way , Not Divided	Dry	Dusk	Clear	Angle - Direction Not Specified	No	No Controls	3	1	Pain Reported	NA	41.85331	-71.40104	FALSE	FALSE	N Main Street and N Main Street, Providence, RI, USA	Med	Raw	distance greater than 100m	TRUE	41.85331	-71.40104	2016	September	Hope
1844	2016-09-14	456887	21:05:00	Pedestrian	1	NA	FALSE	FALSE	1	MEMORIAL BLVD	COLLEGE ST	2016-09-14	Two-Way, Divided, Unprotected (painted>4feet) Medium	Dry	Dark - Lighted	Clear	Other	No	Pavement Markings	4	1	Incapacitating	4	41.82538	-71.40886	FALSE	FALSE	Memorial Blvd and College Street, Providence, RI, USA	Med High	Raw	NA	FALSE	41.82538	-71.40886	2016	September	Downtown
1839	2016-09-15	457187	18:42:00	Pedestrian	1	NA	FALSE	FALSE	1	STEUBEN ST	ANDERSON ST	2016-09-15	Two-Way, Divided, Unprotected (painted>4feet) Medium	Dry	Daylight	Clear	Sidwswipe, Opposite Direction	Yes	No Controls	1	1	Non-Incapacitating	NA	41.82273	-71.45014	FALSE	FALSE	Steuben Street and Anderson Street, Providence, RI, USA	Med High	Raw	NA	FALSE	41.82273	-71.45014	2016	September	Olneyville
1840	2016-09-15	457394	18:25:00	Pedestrian	1	NA	FALSE	FALSE	1	ORMS ST	STATE ST	2016-09-15	Two-Way, Divided, Positive Median Barrier	Dry	Daylight	Clear	Not a Collision Between Two Motor Vehicles in Transport	No	No Controls	4	1	Fatal	4	41.83482	-71.4136	FALSE	FALSE	Orms Street and State Street, Providence, RI, USA	Med High	Raw	NA	FALSE	41.83482	-71.4136	2016	September	Downtown
1837	2016-09-16	457812	17:07:00	Pedestrian	1	NA	FALSE	FALSE	1	RIVER AVE	ADMIRAL ST	2016-09-16	Two-Way , Not Divided	Dry	Daylight	Clear	Not a Collision Between Two Motor Vehicles in Transport	Yes	No Controls	1	1	Pain Reported	NA	41.8491	-71.43891	FALSE	FALSE	River Ave and Admiral Street, Providence, RI, USA	Med High	Raw	distance greater than 100m	TRUE	41.8491	-71.43891	2016	September	Elmhurst
1838	2016-09-16	457940	21:14:00	Bicycle	NA	1	FALSE	FALSE	1	Douglas Ave	Clym St	2016-09-16	Two-Way , Not Divided	Dry	Dark - Lighted	Clear	Not a Collision Between Two Motor Vehicles in Transport	Yes	No Controls	1	1	Pain Reported	NA	41.84317	-71.42774	FALSE	FALSE	Douglas Ave and Clym Street, Providence, RI, USA	Med High	Raw	NA	FALSE	41.84317	-71.42774	2016	September	Wanskuck
1836	2016-09-17	458434	16:41:00	Bicycle	NA	1	FALSE	FALSE	1	53-55 CONGRESS AVE	CONGRESS AVE	2016-09-17	Two-Way , Not Divided	Dry	Daylight	Clear	Other	No	No Controls	5	1	Non-Incapacitating	NA	41.80035	-71.42024	FALSE	FALSE	53-55 Congress Ave and Congress Ave, Providence, RI, USA	Med	Raw	distance greater than 100m	TRUE	41.80035	-71.42024	2016	September	Elmwood
1835	2016-09-18	458757	14:03:00	Pedestrian	1	NA	FALSE	FALSE	1	ALLENS AVE	ALLENS AVE	2016-09-18	Two-Way , Not Divided	Wet	Daylight	Cloudy	Not a Collision Between Two Motor Vehicles in Transport	No	No Controls	4	2	Fatal	NA	41.80652	-71.40295	FALSE	FALSE	Allens Ave and Allens Ave, Providence, RI, USA	Med	Raw	distance greater than 100m	TRUE	41.80652	-71.40295	2016	September	Lower South Providence
1834	2016-09-19	459736	15:38:00	Pedestrian	1	NA	FALSE	FALSE	1	smith st	DANFORTH ST	2016-09-19	Two-Way , Not Divided	Wet	Daylight	Rain	Not a Collision Between Two Motor Vehicles in Transport	No	No Controls	3	1	Non-Incapacitating	NA	41.83557	-71.42652	FALSE	FALSE	Smith Street and Danforth Street, Providence, RI, USA	Med High	Raw	NA	FALSE	41.83557	-71.42652	2016	September	Smith Hill
1832	2016-09-21	460164	12:43:00	Pedestrian	1	NA	FALSE	FALSE	1	930 Broad St	BROAD ST	2016-09-21	Two-Way , Not Divided	Dry	Daylight	Clear	Not a Collision Between Two Motor Vehicles in Transport	Yes	No Controls	1	1	Pain Reported	3	41.79888	-71.4155	TRUE	FALSE	930 Broad Street, Providence, RI, USA	High	Raw	NA	FALSE	41.79888	-71.4155	2016	September	Elmwood
1833	2016-09-21	460379	19:37:00	Bicycle	NA	1	FALSE	FALSE	1	WHITMARSH ST	ELMWOOD AVE	2016-09-21	Two-Way, Not Divided With a Continuous Left Turn Lane	Dry	Dark - Lighted	Clear	Not a Collision Between Two Motor Vehicles in Transport	No	Stop Signs	2	1	Pain Reported	NA	41.80596	-71.42507	FALSE	FALSE	Whitmarsh Street and Elmwood Ave, Providence, RI, USA	Med High	Raw	NA	FALSE	41.80596	-71.42507	2016	September	West End
1831	2016-09-25	461798	07:00:00	Pedestrian	1	NA	FALSE	FALSE	1	SERVICE ROAD 7	PINE ST	2016-09-25	Two-Way , Not Divided	Dry	Daylight	Clear	Not a Collision Between Two Motor Vehicles in Transport	Yes	Traffic Control Signal	1	1	Pain Reported	NA	41.81735	-71.41694	FALSE	FALSE	Service Road 7 and Pine Street, Providence, RI, USA	Med High	Raw	distance greater than 100m	TRUE	41.81735	-71.41694	2016	September	Upper South Providence
1829	2016-09-28	463806	15:23:00	Bicycle	NA	1	FALSE	FALSE	1	HOPE ST	ANGELL ST	2016-09-28	Two-Way , Not Divided	Dry	Daylight	Cloudy	Head-On (Front - to - Front)	No	No Controls	2	1	Pain Reported	NA	41.82847	-71.39756	FALSE	FALSE	Hope Street and Angell Street, Providence, RI, USA	Med High	Raw	NA	FALSE	41.82847	-71.39756	2016	September	College Hill
1830	2016-09-28	463872	19:14:00	Pedestrian	1	NA	FALSE	FALSE	1	HAWKINS ST	BRANCH AVE	2016-09-28	Two-Way , Not Divided	Wet	Dark - Lighted	Rain	Not a Collision Between Two Motor Vehicles in Transport	No	Traffic Control Signal	5	1	Pain Reported	2	41.8509	-71.42142	FALSE	FALSE	Hawkins Street and Branch Ave, Providence, RI, USA	Med High	Raw	NA	FALSE	41.8509	-71.42142	2016	September	Charles
1827	2016-09-29	464027	07:52:00	Pedestrian	2	NA	FALSE	FALSE	1	DEXTER ST	POTTERS AVE	2016-09-29	Two-Way , Not Divided	Dry	Daylight	Cloudy	Not a Collision Between Two Motor Vehicles in Transport	No	No Controls	7	2	Incapacitating	2	41.80249	-71.43059	FALSE	FALSE	Dexter Street and Potters Ave, Providence, RI, USA	Med High	Raw	NA	FALSE	41.80249	-71.43059	2016	September	West End
1828	2016-09-29	464122	11:07:00	Pedestrian	1	NA	FALSE	FALSE	1	HAYES ST	PARK ST	2016-09-29	Two-Way , Not Divided	Dry	Daylight	Cloudy	Other	No	No Controls	4	1	Non-Incapacitating	NA	41.82928	-71.41675	FALSE	FALSE	Hayes Street and Park Street, Providence, RI, USA	Med High	Raw	NA	FALSE	41.82928	-71.41675	2016	September	Downtown
1826	2016-10-01	465041	13:25:00	Pedestrian	1	NA	FALSE	FALSE	1	29 FORD ST	DEXTER ST	2016-10-01	Two-Way , Not Divided	Wet	Daylight	Sleet, Hail (Freezing Rain or Drizzle)	Not a Collision Between Two Motor Vehicles in Transport	Yes	No Controls	2	1	Pain Reported	NA	41.80895	-71.42928	TRUE	FALSE	29 Ford Street, Providence, RI, USA	High	Raw	NA	FALSE	41.80895	-71.42928	2016	October	West End
1825	2016-10-05	466867	11:05:00	Bicycle	NA	1	FALSE	FALSE	1	Knight St	GRANT ST	2016-10-05	Two-Way , Not Divided	Dry	Daylight	Clear	Other	No	No Controls	3	0	No Injury	NA	41.81855	-71.42784	FALSE	FALSE	Knight Street and Grant Street, Providence, RI, USA	Med High	Raw	NA	FALSE	41.81855	-71.42784	2016	October	Federal Hill
1823	2016-10-08	467881	12:50:00	Bicycle	NA	1	FALSE	FALSE	1	POTTERS AVE	BAXTER ST	2016-10-08	Two-Way , Not Divided	Dry	Daylight	Clear	Not a Collision Between Two Motor Vehicles in Transport	No	No Controls	4	1	Pain Reported	NA	41.80343	-71.41698	FALSE	FALSE	Potters Ave and Baxter Street, Providence, RI, USA	Med High	Raw	NA	FALSE	41.80343	-71.41698	2016	October	Lower South Providence
1824	2016-10-08	468132	21:59:00	Pedestrian	2	NA	FALSE	FALSE	1	Empire St	Washington St	2016-10-09	Two-Way , Not Divided	Wet	Dark - Lighted	Rain	Not a Collision Between Two Motor Vehicles in Transport	Yes	Traffic Control Signal	5	2	Pain Reported	NA	41.8218	-71.41643	FALSE	FALSE	Empire Street and Washington Street, Providence, RI, USA	Med High	Raw	NA	FALSE	41.8218	-71.41643	2016	October	Downtown
1822	2016-10-09	468214	02:13:00	Pedestrian	1	NA	FALSE	FALSE	1	DEXTER ST	POTTERS AVE	2016-10-09	Two-Way , Not Divided	Wet	Dark - Lighted	Rain	Not a Collision Between Two Motor Vehicles in Transport	No	No Controls	3	1	Pain Reported	2	41.80249	-71.43059	FALSE	FALSE	Dexter Street and Potters Ave, Providence, RI, USA	Med High	Raw	NA	FALSE	41.80249	-71.43059	2016	October	West End
1821	2016-10-11	469430	13:47:00	Pedestrian	1	NA	FALSE	FALSE	1	250 Benefit St	HOPKINS ST	2016-10-11	Two-Way , Not Divided	Dry	Daylight	Clear	Not a Collision Between Two Motor Vehicles in Transport	No	No Controls	3	1	Pain Reported	2	41.82566	-71.4066	TRUE	FALSE	250 Benefit Street, Providence, RI, USA	High	Raw	NA	FALSE	41.82566	-71.4066	2016	October	College Hill
1817	2016-10-12	469831	12:36:00	Pedestrian	1	NA	FALSE	FALSE	1	BROAD STREET	BROAD ST	2016-10-12	Two-Way , Not Divided	Dry	Daylight	Clear	Not a Collision Between Two Motor Vehicles in Transport	No	Stop Signs	6	1	Pain Reported	NA	41.7969	-71.41305	FALSE	FALSE	Broad Street and Broad Street, Providence, RI, USA	Med	Raw	distance greater than 100m	TRUE	41.7969	-71.41305	2016	October	Elmwood
1818	2016-10-12	470241	16:34:00	Bicycle	NA	1	FALSE	FALSE	1	GREENWICH ST	BUCKLIN ST	2016-10-12	Two-Way, Divided, Unprotected (painted>4feet) Medium	Dry	Daylight	Clear	Not a Collision Between Two Motor Vehicles in Transport	Yes	Stop Signs	1	1	Non-Incapacitating	NA	41.80232	-71.42768	FALSE	FALSE	Greenwich Street and Bucklin Street, Providence, RI, USA	Med High	Raw	NA	FALSE	41.80232	-71.42768	2016	October	West End
1819	2016-10-12	470408	22:15:00	Pedestrian	1	NA	FALSE	FALSE	1	70 Kennedy Plz	NA	2016-10-13	Two-Way , Not Divided	Dry	Dark - Lighted	Clear	Not a Collision Between Two Motor Vehicles in Transport	Yes	No Controls	1	1	Pain Reported	NA	41.82506	-71.41108	TRUE	TRUE	70 Kennedy Plz, Providence, RI, USA	High	Raw	NA	FALSE	41.82506	-71.41108	2016	October	Downtown
1820	2016-10-12	474241	16:40:00	Pedestrian	2	NA	FALSE	FALSE	1	HARTFORD AVE	HEATH ST	2016-10-18	Two-Way , Not Divided	Dry	Daylight	Clear	Not a Collision Between Two Motor Vehicles in Transport	Yes	Pavement Markings	4	2	Pain Reported	NA	41.81726	-71.4499	FALSE	FALSE	Hartford Ave and Heath Street, Providence, RI, USA	Med High	Raw	NA	FALSE	41.81726	-71.4499	2016	October	Hartford
1815	2016-10-13	470582	12:36:00	Bicycle	NA	NA	FALSE	FALSE	2	WATERMAN ST	COOKE ST	2016-10-13	One-Way Trafficway	Dry	Daylight	Clear	Rear End(Front-to-Rear)	No	No Controls	2	0	No Injury	NA	41.82761	-71.39576	FALSE	FALSE	Waterman Street and Cooke Street, Providence, RI, USA	Med High	Raw	NA	FALSE	41.82761	-71.39576	2016	October	College Hill
1816	2016-10-13	470849	18:02:00	Pedestrian	1	NA	FALSE	FALSE	1	638 Charles st	CHARLES ST	2016-10-13	Two-Way , Not Divided	Dry	Daylight	Clear	Not a Collision Between Two Motor Vehicles in Transport	Yes	No Controls	1	1	Pain Reported	NA	41.85402	-71.42056	TRUE	FALSE	638 Charles Street, Providence, RI, USA	High	Raw	NA	FALSE	41.85402	-71.42056	2016	October	Charles
1814	2016-10-14	471210	13:36:00	Bicycle	NA	1	FALSE	FALSE	1	825 Chalkstone Ave	ROSEBANK AVE	2016-10-14	Two-Way , Not Divided	Dry	Daylight	Clear	Not a Collision Between Two Motor Vehicles in Transport	Yes	No Controls	1	1	Pain Reported	2	41.83396	-71.43458	TRUE	FALSE	825 Chalkstone Ave, Providence, RI, USA	High	Raw	distance greater than 100m	TRUE	41.83396	-71.43458	2016	October	Elmhurst
1813	2016-10-15	472173	15:13:00	Pedestrian	1	NA	FALSE	FALSE	1	HARTFORD AVE	HARTFORD AVE	2016-10-15	Two-Way , Not Divided	Dry	Daylight	Clear	Not a Collision Between Two Motor Vehicles in Transport	No	No Controls	2	1	Pain Reported	NA	41.81916	-71.46286	FALSE	FALSE	Hartford Ave and Hartford Ave, Providence, RI, USA	Med	Raw	distance greater than 100m	TRUE	41.81916	-71.46286	2016	October	Hartford
1812	2016-10-16	472808	14:08:00	Pedestrian	1	NA	FALSE	FALSE	1	265 HARTFORD AVE	NA	2016-10-16	Unknown	Dry	Daylight	Clear	Not a Collision Between Two Motor Vehicles in Transport	No	No Controls	3	1	Pain Reported	NA	41.81725	-71.44976	TRUE	TRUE	265 Hartford Ave, Providence, RI, USA	High	Geocoded	distance greater than 100m	TRUE	41.8176247	-71.4517594	2016	October	Hartford
1810	2016-10-17	473206	09:14:00	Pedestrian	1	NA	FALSE	FALSE	1	CHALKSTONE AVE	ALDINE ST	2016-10-17	Two-Way , Not Divided	Dry	Daylight	Clear	Not a Collision Between Two Motor Vehicles in Transport	No	No Controls	3	1	Pain Reported	2	41.83231	-71.45382	FALSE	FALSE	Chalkstone Ave and Aldine Street, Providence, RI, USA	Med High	Raw	NA	FALSE	41.83231	-71.45382	2016	October	Mount Pleasant
1811	2016-10-17	473388	08:55:00	Bicycle	NA	1	FALSE	FALSE	1	WHITMARSH ST	BUCKLIN ST	2016-10-17	Two-Way , Not Divided	Dry	Daylight	Clear	Head-On (Front - to - Front)	No	No Controls	3	1	Pain Reported	NA	41.8059	-71.42776	FALSE	FALSE	Whitmarsh Street and Bucklin Street, Providence, RI, USA	Med High	Raw	NA	FALSE	41.8059	-71.42776	2016	October	West End
1807	2016-10-21	475524	08:01:00	Pedestrian	1	NA	FALSE	FALSE	1	HAWKINS ST	BRANCH AVE	2016-10-21	Two-Way , Not Divided	Wet	Daylight	Cloudy	Not a Collision Between Two Motor Vehicles in Transport	No	Traffic Control Signal	3	1	Pain Reported	2	41.85088	-71.42147	FALSE	FALSE	Hawkins Street and Branch Ave, Providence, RI, USA	Med High	Raw	NA	FALSE	41.85088	-71.42147	2016	October	Charles
1808	2016-10-21	476100	20:59:00	Pedestrian	1	NA	FALSE	FALSE	1	BOUGH ST	WESTMINSTER ST	2016-10-21	Two-Way , Not Divided	Wet	Dark - Lighted	Rain	Not a Collision Between Two Motor Vehicles in Transport	Yes	Pavement Markings	3	1	Pain Reported	NA	41.8166	-71.44187	FALSE	FALSE	Bough Street and Westminster Street, Providence, RI, USA	Med High	Raw	NA	FALSE	41.8166	-71.44187	2016	October	Olneyville
1809	2016-10-21	476116	21:46:00	Pedestrian	1	NA	FALSE	FALSE	1	MEMORIAL BLVD	STEEPLE ST	2016-10-21	Two-Way , Not Divided	Wet	Dark - Lighted	Rain	Not a Collision Between Two Motor Vehicles in Transport	Yes	Traffic Control Signal	2	1	Pain Reported	NA	41.82677	-71.41063	FALSE	FALSE	Memorial Blvd and Steeple Street, Providence, RI, USA	Med	Raw	distance greater than 100m	TRUE	41.82677	-71.41063	2016	October	Downtown
1806	2016-10-25	477339	12:06:00	Bicycle	NA	1	FALSE	FALSE	1	674 PRAIRIE AVE	PRAIRIE AVE	2016-10-25	Two-Way, Divided, Unprotected (painted>4feet) Medium	Dry	Daylight	Clear	Not a Collision Between Two Motor Vehicles in Transport	No	No Controls	3	2	Pain Reported	NA	41.80915	-71.42085	TRUE	FALSE	674 Prairie Ave, Providence, RI, USA	High	Geocoded	distance greater than 100m	TRUE	41.7959329	-71.4098983	2016	October	Lower South Providence
1805	2016-10-26	477623	07:57:00	Bicycle	NA	1	FALSE	FALSE	1	933 SMITH ST	SMITH ST	2016-10-26	Two-Way, Divided, Unprotected (painted>4feet) Medium	Dry	Daylight	Clear	Not a Collision Between Two Motor Vehicles in Transport	No	No Controls	2	2	Pain Reported	NA	41.84207	-71.44395	TRUE	FALSE	933 Smith Street, Providence, RI, USA	High	Geocoded	distance greater than 100m	TRUE	41.841461	-71.441711	2016	October	Elmhurst
1804	2016-10-27	478266	18:47:00	Pedestrian	1	NA	FALSE	FALSE	1	ALTHEA ST	UNION AVE	2016-10-27	Two-Way , Not Divided	Wet	Dark - Lighted	Rain	Not a Collision Between Two Motor Vehicles in Transport	No	No Controls	2	0	No Injury	NA	41.8093	-71.43823	FALSE	FALSE	Althea Street and Union Ave, Providence, RI, USA	Med High	Raw	NA	FALSE	41.8093	-71.43823	2016	October	West End
1803	2016-10-28	478687	01:45:00	Pedestrian	1	NA	FALSE	FALSE	1	210 EATON ST	RIVER AVE	2016-10-28	Two-Way , Not Divided	Wet	Dark - Lighted	Rain	Not a Collision Between Two Motor Vehicles in Transport	Yes	No Controls	2	1	Pain Reported	NA	41.84174	-71.43624	TRUE	FALSE	210 Eaton Street, Providence, RI, USA	High	Raw	NA	FALSE	41.84174	-71.43624	2016	October	Elmhurst
1802	2016-10-29	479355	12:04:00	Bicycle	NA	1	FALSE	FALSE	1	NORTHUP AVE	SILVER SPRING ST	2016-10-29	Two-Way , Not Divided	Dry	Daylight	Clear	Not a Collision Between Two Motor Vehicles in Transport	No	Traffic Control Signal	3	1	Pain Reported	NA	41.85178	-71.41304	FALSE	FALSE	Northup Ave and Silver Spring Street, Providence, RI, USA	Med High	Raw	NA	FALSE	41.85178	-71.41304	2016	October	Charles
1801	2016-10-30	479955	16:23:00	Bicycle	NA	1	FALSE	FALSE	1	WESTMINSTER ST	BARTON ST	2016-10-30	Two-Way, Divided, Unprotected (painted>4feet) Medium	Wet	Daylight	Rain	Not a Collision Between Two Motor Vehicles in Transport	Yes	Traffic Control Signal	3	1	Non-Incapacitating	NA	41.81592	-71.43656	FALSE	FALSE	Westminster Street and Barton Street, Providence, RI, USA	Med High	Raw	NA	FALSE	41.81592	-71.43656	2016	October	West End
1797	2016-10-31	480076	07:47:00	Pedestrian	1	NA	FALSE	FALSE	1	593 EDDY ST	EDDY ST	2016-10-31	Two-Way, Divided, Unprotected (painted>4feet) Medium	Dry	Daylight	Clear	Not a Collision Between Two Motor Vehicles in Transport	No	No Controls	3	1	Pain Reported	NA	41.81174	-71.40707	TRUE	FALSE	593 Eddy Street, Providence, RI, USA	High	Raw	distance greater than 100m	TRUE	41.81174	-71.40707	2016	October	Upper South Providence
1798	2016-10-31	480094	09:53:00	Bicycle	NA	1	FALSE	FALSE	1	GEORGE ST	HOPE ST	2016-10-31	Two-Way , Not Divided	Dry	Daylight	Clear	Not a Collision Between Two Motor Vehicles in Transport	Yes	Stop Signs	2	1	Pain Reported	NA	41.82579	-71.39727	FALSE	FALSE	George Street and Hope Street, Providence, RI, USA	Med	Raw	NA	FALSE	41.82579	-71.39727	2016	October	College Hill
1799	2016-10-31	480190	16:53:00	Pedestrian	1	NA	FALSE	FALSE	1	ELMWOOD AVE	EXIT	2016-10-31	Two-Way , Not Divided	Dry	Daylight	Clear	Not a Collision Between Two Motor Vehicles in Transport	No	No Controls	3	1	Pain Reported	NA	41.78184	-71.41959	FALSE	FALSE	Elmwood Ave and Exit, Providence, RI, USA	Med	Raw	distance greater than 100m	TRUE	41.78184	-71.41959	2016	October	South Elmwood
1800	2016-10-31	480332	21:26:00	Bicycle	NA	1	FALSE	FALSE	1	40 CYPRESS ST	NA	2016-10-31	Two-Way , Not Divided	Dry	Dark - Lighted	Clear	Not a Collision Between Two Motor Vehicles in Transport	No	No Controls	2	1	Pain Reported	2	41.84184	-71.4019	TRUE	TRUE	40 Cypress Street, Providence, RI, USA	High	Geocoded	distance greater than 100m	TRUE	41.8422619	-71.4060498	2016	October	Mount Hope