row_number	crash_date	crash_report_id	crash_time	collision_type	count_pedestrian	count_bicycle	scooter	wheel_chair	number_of_vehicles	street_or_highway	nearest_intersection	report_date	type_of_roadway	road_surface_condition	light_condition	weather_condition	manner_of_impact	hit_and_run	traffic_control	person_count	injury_count	most_serious_injury	number_of_lanes	lat_raw	lon_raw	has_st_number	is_intersection_null	address_sent_to_geocoder	api_coord_conf	best_coordinate_set	reason_for_qa	manually_qaed_record	final_lat	final_lon	year	month	pvd_nhood
1796	2016-11-01	480993	12:29:00	Pedestrian	1	NA	FALSE	FALSE	1	COLFAX ST	GORDON AVE	2016-11-01	Two-Way , Not Divided	Dry	Daylight	Clear	Not a Collision Between Two Motor Vehicles in Transport	No	No Controls	2	1	Pain Reported	NA	41.79936	-71.41308	FALSE	FALSE	Colfax Street and Gordon Ave, Providence, RI, USA	Med High	Raw	NA	FALSE	41.79936	-71.41308	2016	November	Lower South Providence
1792	2016-11-02	481236	15:12:00	Other	NA	NA	TRUE	FALSE	2	ELMWOOD AVE	W FRIENDSHIP ST	2016-11-02	Two-Way , Not Divided	Dry	Daylight	Clear	Unknown	Yes	Traffic Control Signal	2	0	No Injury	NA	41.80989	-71.42405	FALSE	FALSE	Elmwood Ave and W Friendship Street, Providence, RI, USA	Med High	Raw	NA	FALSE	41.80989	-71.42405	2016	November	West End
1793	2016-11-02	481277	18:27:00	Bicycle	NA	1	FALSE	FALSE	1	LESTER ST	BRIDGHAM ST	2016-11-02	Two-Way, Divided, Unprotected (painted>4feet) Medium	Dry	Dark - Lighted	Clear	Other	Yes	No Controls	3	1	Pain Reported	NA	41.81345	-71.42655	FALSE	FALSE	Lester Street and Bridgham Street, Providence, RI, USA	Med High	Raw	NA	FALSE	41.81345	-71.42655	2016	November	West End
1794	2016-11-02	481498	11:20:00	Pedestrian	1	NA	FALSE	FALSE	1	SERVICE ROAD 7	BROAD ST	2016-11-03	One-Way Trafficway	Dry	Daylight	Clear	Rear End(Front-to-Rear)	No	No Controls	3	2	Pain Reported	NA	41.81782	-71.41762	FALSE	FALSE	Service Road 7 and Broad Street, Providence, RI, USA	Med High	Raw	NA	FALSE	41.81782	-71.41762	2016	November	Upper South Providence
1795	2016-11-02	481501	11:46:00	Bicycle	NA	1	FALSE	FALSE	1	BROAD ST	SERVICE ROAD 7	2016-11-03	One-Way Trafficway	Dry	Daylight	Clear	Not a Collision Between Two Motor Vehicles in Transport	No	Traffic Control Signal	5	1	Pain Reported	NA	41.81736	-71.41696	FALSE	FALSE	Broad Street and Service Road 7, Providence, RI, USA	Med	Raw	NA	FALSE	41.81736	-71.41696	2016	November	Upper South Providence
1790	2016-11-04	482216	16:58:00	Pedestrian	1	NA	FALSE	FALSE	1	SUTTON ST	ATWELLS AVE	2016-11-04	One-Way Trafficway	Dry	Daylight	Clear	Not a Collision Between Two Motor Vehicles in Transport	Yes	Pavement Markings	1	1	Pain Reported	NA	41.82378	-71.42929	FALSE	FALSE	Sutton Street and Atwells Ave, Providence, RI, USA	Med High	Raw	NA	FALSE	41.82378	-71.42929	2016	November	Federal Hill
1791	2016-11-04	487555	13:39:00	Bicycle	NA	1	FALSE	FALSE	1	HAROLD ST	CHALKSTONE AVE	2016-11-15	Two-Way , Not Divided	Dry	Daylight	Clear	Angle (Front - to - Side) Same Direction	No	No Controls	3	1	Pain Reported	NA	41.83242	-71.43934	FALSE	FALSE	Harold Street and Chalkstone Ave, Providence, RI, USA	Med High	Raw	NA	FALSE	41.83242	-71.43934	2016	November	Valley
1789	2016-11-05	482320	02:12:00	Pedestrian	1	NA	FALSE	FALSE	1	ALLENS AVE	CHAPMAN ST	2016-11-05	Two-Way , Not Divided	Dry	Dark - Lighted	Clear	Other	No	No Controls	6	1	Non-Incapacitating	2	41.79347	-71.39747	FALSE	FALSE	Allens Ave and Chapman Street, Providence, RI, USA	Med High	Raw	NA	FALSE	41.79347	-71.39747	2016	November	Washington Park
1788	2016-11-06	483011	03:24:00	Pedestrian	1	NA	FALSE	FALSE	1	CRANSTON ST	HUNTINGTON AVE	2016-11-06	Two-Way , Not Divided	Dry	Dark - Lighted	Cloudy	Other	Yes	No Controls	3	1	Pain Reported	NA	41.80346	-71.43981	FALSE	FALSE	Cranston Street and Huntington Ave, Providence, RI, USA	Med High	Raw	NA	FALSE	41.80346	-71.43981	2016	November	West End
1786	2016-11-07	483619	14:30:00	Bicycle	NA	1	FALSE	FALSE	1	Charles St	HAWKINS ST	2016-11-07	Two-Way , Not Divided	Dry	Daylight	Clear	Not a Collision Between Two Motor Vehicles in Transport	No	No Controls	5	1	Pain Reported	2	41.85156	-71.42019	FALSE	FALSE	Charles Street and Hawkins Street, Providence, RI, USA	Med	Raw	NA	FALSE	41.85156	-71.42019	2016	November	Charles
1787	2016-11-07	483844	22:33:00	Bicycle	NA	1	FALSE	FALSE	1	LLOYD AVE	THAYER ST	2016-11-07	Two-Way , Not Divided	Dry	Dark - Lighted	Clear	Angle - Direction Not Specified	No	Stop Signs	2	1	Non-Incapacitating	2	41.83148	-71.40108	FALSE	FALSE	Lloyd Ave and Thayer Street, Providence, RI, USA	Med High	Raw	NA	FALSE	41.83148	-71.40108	2016	November	College Hill
1784	2016-11-08	484072	13:55:00	Pedestrian	1	NA	FALSE	FALSE	1	493 MT. PLEASANT AVE	MT. PLEASANT AVE	2016-11-08	Two-Way , Not Divided	Dry	Daylight	Clear	Not a Collision Between Two Motor Vehicles in Transport	No	No Controls	3	1	Pain Reported	NA	41.84145	-71.44247	TRUE	FALSE	493 Mt. Pleasant Ave, Providence, RI, USA	High	Geocoded	distance greater than 100m	TRUE	41.8402543	-71.4500157	2016	November	Mount Pleasant
1785	2016-11-08	484284	21:56:00	Bicycle	NA	1	FALSE	FALSE	1	NORTH MAIN ST	7TH ST	2016-11-08	Two-Way, Divided, Positive Median Barrier	Dry	Dark - Lighted	Clear	Angle (Front - to - Side) Right Angle (Includes Broadside)	No	Traffic Control Signal	2	1	Pain Reported	NA	41.85332	-71.40104	FALSE	FALSE	North Main Street and 7th Street, Providence, RI, USA	Med	Raw	NA	FALSE	41.85332	-71.40104	2016	November	Hope
1783	2016-11-10	485266	19:18:00	Pedestrian	1	NA	FALSE	FALSE	1	Atwells Ave	Erastus St	2016-11-11	Two-Way , Not Divided	Dry	Dark - Lighted	Clear	Not a Collision Between Two Motor Vehicles in Transport	No	No Controls	3	1	Pain Reported	NA	41.82517	-71.45089	FALSE	FALSE	Atwells Ave and Erastus Street, Providence, RI, USA	Med High	Raw	NA	FALSE	41.82517	-71.45089	2016	November	Olneyville
1781	2016-11-11	485385	12:08:00	Pedestrian	1	NA	FALSE	FALSE	1	EXIT 21 (RT )	ATWELLS AVE	2016-11-11	One-Way Trafficway	Dry	Daylight	Clear	Not a Collision Between Two Motor Vehicles in Transport	No	Traffic Control Signal	3	1	Incapacitating	NA	41.82323	-71.42052	FALSE	FALSE	Exit 21 (Rt ) and Atwells Ave, Providence, RI, USA	Med	Raw	distance greater than 100m	TRUE	41.82323	-71.42052	2016	November	Federal Hill
1782	2016-11-11	485479	19:02:00	Pedestrian	1	NA	FALSE	FALSE	1	SABIN STREET	SABIN ST	2016-11-11	One-Way Trafficway	Dry	Dark - Lighted	Clear	Not a Collision Between Two Motor Vehicles in Transport	Yes	No Controls	5	1	Non-Incapacitating	3	41.82411	-71.41614	FALSE	FALSE	Sabin Street and Sabin Street, Providence, RI, USA	Med	Raw	NA	FALSE	41.82411	-71.41614	2016	November	Downtown
1780	2016-11-13	486283	18:28:00	Pedestrian	1	NA	FALSE	FALSE	1	20 Swiss St	KNIGHT ST	2016-11-13	Two-Way , Not Divided	Dry	Dark - Lighted	Clear	Not a Collision Between Two Motor Vehicles in Transport	No	No Controls	3	1	Pain Reported	NA	41.82317	-71.43288	TRUE	FALSE	20 Swiss Street, Providence, RI, USA	High	Raw	NA	FALSE	41.82317	-71.43288	2016	November	Federal Hill
1778	2016-11-16	487949	15:41:00	Pedestrian	1	NA	FALSE	FALSE	1	WALLACE ST	WEBSTER AVE	2016-11-16	Two-Way , Not Divided	Dry	Daylight	Clear	Not a Collision Between Two Motor Vehicles in Transport	Yes	Stop Signs	3	1	Pain Reported	NA	41.80936	-71.44876	FALSE	FALSE	Wallace Street and Webster Ave, Providence, RI, USA	Med High	Raw	NA	FALSE	41.80936	-71.44876	2016	November	Silver Lake
1779	2016-11-16	488723	22:42:00	Pedestrian	1	NA	FALSE	FALSE	1	BROADWAY	VINTON ST	2016-11-17	Two-Way , Not Divided	Dry	Dark - Lighted	Clear	Other	No	Pavement Markings	2	1	Non-Incapacitating	2	41.82009	-71.42812	FALSE	FALSE	Broadway and Vinton Street, Providence, RI, USA	Med	Raw	NA	FALSE	41.82009	-71.42812	2016	November	Federal Hill
1776	2016-11-17	488912	14:26:00	Pedestrian	1	NA	FALSE	FALSE	1	HAYWARD ST	PORTLAND ST	2016-11-17	Two-Way , Not Divided	Dry	Daylight	Clear	Not a Collision Between Two Motor Vehicles in Transport	No	Stop Signs	2	1	Pain Reported	NA	41.81368	-71.42041	FALSE	FALSE	Hayward Street and Portland Street, Providence, RI, USA	Med High	Raw	NA	FALSE	41.81368	-71.42041	2016	November	Upper South Providence
1777	2016-11-17	489178	18:34:00	Pedestrian	1	NA	FALSE	FALSE	1	CHALKSTONE AVENUE	CANTON STREET	2016-11-17	Two-Way , Not Divided	Dry	Dark - Lighted	Clear	Not a Collision Between Two Motor Vehicles in Transport	Yes	No Controls	3	1	Pain Reported	NA	41.81954	-71.43755	FALSE	FALSE	Chalkstone Avenue and Canton Street, Providence, RI, USA	Med High	Geocoded	distance greater than 100m	TRUE	41.8323096	-71.4425118	2016	November	Valley
1774	2016-11-19	489947	00:06:00	Bicycle	NA	1	FALSE	FALSE	1	BERGEN ST	CHALKSTONE AVE	2016-11-19	Two-Way , Not Divided	Dry	Dark - Lighted	Clear	Angle (Front - to - Side) Same Direction	Yes	Stop Signs	2	1	Pain Reported	NA	41.83233	-71.44013	FALSE	FALSE	Bergen Street and Chalkstone Ave, Providence, RI, USA	Med High	Raw	NA	FALSE	41.83233	-71.44013	2016	November	Valley
1775	2016-11-19	490409	22:32:00	Bicycle	NA	1	FALSE	FALSE	1	PARK ST	BROWNELL ST	2016-11-19	Two-Way , Not Divided	Wet	Dark - Lighted	Rain	Angle (Front - to - Side) Right Angle (Includes Broadside)	No	No Controls	3	1	Pain Reported	NA	41.83023	-71.41735	FALSE	FALSE	Park Street and Brownell Street, Providence, RI, USA	Med	Raw	distance greater than 100m	TRUE	41.83023	-71.41735	2016	November	Smith Hill
1773	2016-11-21	491141	15:07:00	Bicycle	NA	1	FALSE	FALSE	1	CAHIR ST	BROAD ST	2016-11-21	Two-Way , Not Divided	Dry	Daylight	Clear	Not a Collision Between Two Motor Vehicles in Transport	No	Traffic Control Signal	2	1	Pain Reported	2	41.81695	-71.41797	FALSE	FALSE	Cahir Street and Broad Street, Providence, RI, USA	Med High	Raw	NA	FALSE	41.81695	-71.41797	2016	November	Upper South Providence
1771	2016-11-22	491736	17:03:00	Pedestrian	1	NA	FALSE	FALSE	1	COLLEGE ST	PROSPECT ST	2016-11-22	Two-Way , Not Divided	Dry	Dark - Lighted	Clear	Not a Collision Between Two Motor Vehicles in Transport	No	Stop Signs	3	1	Pain Reported	2	41.82611	-71.4046	FALSE	FALSE	College Street and Prospect Street, Providence, RI, USA	Med	Raw	NA	FALSE	41.82611	-71.4046	2016	November	College Hill
1772	2016-11-22	491967	18:33:00	Pedestrian	1	NA	FALSE	FALSE	1	WHIPPLE ST	GEOFFREYS CT	2016-11-22	Two-Way , Not Divided	Dry	Dark - Lighted	Clear	Rear - to - Side	No	No Controls	3	1	Pain Reported	NA	41.83766	-71.42098	FALSE	FALSE	Whipple Street and Geoffreys Ct, Providence, RI, USA	Med High	Raw	NA	FALSE	41.83766	-71.42098	2016	November	Smith Hill
1770	2016-11-26	494137	03:26:00	Bicycle	NA	NA	FALSE	FALSE	2	ORMS ST	ASHBURTON ST	2016-11-26	Two-Way , Not Divided	Dry	Dark - Lighted	Fog, Smog, Smoke	Not a Collision Between Two Motor Vehicles in Transport	No	No Controls	2	0	No Injury	NA	41.83523	-71.41175	FALSE	FALSE	Orms Street and Ashburton Street, Providence, RI, USA	Med	Raw	distance greater than 100m	TRUE	41.83523	-71.41175	2016	November	Mount Hope
1769	2016-11-28	495322	12:44:00	Bicycle	NA	1	FALSE	FALSE	1	BENEFIT ST	COLLEGE ST	2016-11-28	Two-Way , Not Divided	Dry	Daylight	Clear	Not a Collision Between Two Motor Vehicles in Transport	Yes	Stop Signs	2	0	No Injury	NA	41.826	-71.40683	FALSE	FALSE	Benefit Street and College Street, Providence, RI, USA	Med High	Raw	NA	FALSE	41.826	-71.40683	2016	November	College Hill
1768	2016-11-29	496143	18:05:00	Pedestrian	1	NA	FALSE	FALSE	1	RHODE ISLAND COLL	RI COL NEEDS NAME 4	2016-11-29	Two-Way , Not Divided	Wet	Dark - Lighted	Rain	Not a Collision Between Two Motor Vehicles in Transport	No	No Controls	2	1	Pain Reported	NA	41.84131	-71.45992	FALSE	FALSE	Rhode Island Coll and Ri Col Needs Name 4, Providence, RI, USA	Med	Raw	distance greater than 100m	TRUE	41.84131	-71.45992	2016	November	Mount Pleasant
1766	2016-11-30	496826	16:00:00	Pedestrian	1	NA	FALSE	FALSE	1	SACKETT ST	MELROSE ST	2016-11-30	Two-Way , Not Divided	Wet	Daylight	Clear	Other	Yes	Person	1	1	Pain Reported	NA	41.79365	-71.42019	FALSE	FALSE	Sackett Street and Melrose Street, Providence, RI, USA	Med High	Raw	NA	FALSE	41.79365	-71.42019	2016	November	Elmwood
1767	2016-11-30	497008	18:29:00	Pedestrian	1	NA	FALSE	FALSE	1	STEEPLE ST	N MAIN ST	2016-11-30	One-Way Trafficway	Wet	Dark - Lighted	Rain	Not a Collision Between Two Motor Vehicles in Transport	No	Traffic Control Signal	2	1	Pain Reported	NA	41.82749	-71.40906	FALSE	FALSE	Steeple Street and N Main Street, Providence, RI, USA	Med	Raw	NA	FALSE	41.82749	-71.40906	2016	November	Downtown
1765	2016-12-01	497554	07:55:00	Pedestrian	1	NA	FALSE	FALSE	1	14 BODELL AVE	SYRACUSE ST	2016-12-01	Unknown	Wet	Daylight	Clear	Not a Collision Between Two Motor Vehicles in Transport	Yes	No Controls	1	1	Pain Reported	NA	41.817	-71.45355	TRUE	FALSE	14 Bodell Ave, Providence, RI, USA	High	Raw	NA	FALSE	41.817	-71.45355	2016	December	Hartford
1764	2016-12-02	498742	14:40:00	Bicycle	NA	1	FALSE	FALSE	1	ANGELL ST	ARLINGTON AVE	2016-12-02	One-Way Trafficway	Dry	Daylight	Clear	Not a Collision Between Two Motor Vehicles in Transport	No	No Controls	3	1	Pain Reported	NA	41.82937	-71.39217	FALSE	FALSE	Angell Street and Arlington Ave, Providence, RI, USA	Med High	Raw	NA	FALSE	41.82937	-71.39217	2016	December	College Hill
1763	2016-12-03	498913	15:43:00	Pedestrian	1	NA	FALSE	FALSE	1	ELMWOOD AVE	WILSON ST	2016-12-03	Two-Way , Not Divided	Dry	Daylight	Clear	Not a Collision Between Two Motor Vehicles in Transport	Yes	No Controls	1	1	Pain Reported	2	41.81123	-71.42315	FALSE	FALSE	Elmwood Ave and Wilson Street, Providence, RI, USA	Med High	Raw	NA	FALSE	41.81123	-71.42315	2016	December	West End
1762	2016-12-06	500189	07:31:00	Pedestrian	1	NA	FALSE	FALSE	1	PUBLIC ST	BROAD ST	2016-12-06	Two-Way, Divided, Unprotected (painted>4feet) Medium	Dry	Daylight	Clear	Not a Collision Between Two Motor Vehicles in Transport	No	Traffic Control Signal	2	1	Pain Reported	NA	41.80442	-71.41935	FALSE	FALSE	Public Street and Broad Street, Providence, RI, USA	Med High	Raw	NA	FALSE	41.80442	-71.41935	2016	December	Elmwood
1761	2016-12-09	502348	08:22:00	Pedestrian	1	NA	FALSE	FALSE	1	BROADWAY	KNIGHT ST	2016-12-09	Two-Way , Not Divided	Dry	Daylight	Clear	Not a Collision Between Two Motor Vehicles in Transport	No	No Controls	2	1	Pain Reported	NA	41.8198	-71.42936	FALSE	FALSE	Broadway and Knight Street, Providence, RI, USA	Med	Raw	NA	FALSE	41.8198	-71.42936	2016	December	Federal Hill
1760	2016-12-13	504801	18:00:00	Pedestrian	1	NA	FALSE	FALSE	1	Butler Avenue	E ORCHARD AVE	2016-12-13	Two-Way , Not Divided	Dry	Dark - Not Lighted	Clear	Not a Collision Between Two Motor Vehicles in Transport	No	No Controls	2	0	No Injury	NA	41.83234	-71.38406	FALSE	FALSE	Butler Avenue and E Orchard Ave, Providence, RI, USA	Med High	Raw	NA	FALSE	41.83234	-71.38406	2016	December	Wayland
1759	2016-12-14	505250	20:01:00	Pedestrian	1	NA	FALSE	FALSE	1	Hope St	George St	2016-12-14	Two-Way , Not Divided	Dry	Dark - Lighted	Clear	Not a Collision Between Two Motor Vehicles in Transport	No	Stop Signs	3	1	Pain Reported	NA	41.82586	-71.39727	FALSE	FALSE	Hope Street and George Street, Providence, RI, USA	Med High	Raw	NA	FALSE	41.82586	-71.39727	2016	December	College Hill
1758	2016-12-16	505764	00:01:00	Pedestrian	1	NA	FALSE	FALSE	1	FEDERAL ST	DEAN ST	2016-12-16	Two-Way , Not Divided	Wet	Dark - Lighted	Severe Crosswinds	Not a Collision Between Two Motor Vehicles in Transport	Yes	Stop Signs	1	1	Pain Reported	NA	41.82228	-71.42328	FALSE	FALSE	Federal Street and Dean Street, Providence, RI, USA	Med High	Raw	NA	FALSE	41.82228	-71.42328	2016	December	Federal Hill
1757	2016-12-19	507491	14:21:00	Pedestrian	1	NA	FALSE	FALSE	1	ANGELL STREET	S ANGELL ST	2016-12-19	One-Way Trafficway	Dry	Daylight	Cloudy	Other	No	Traffic Control Signal	5	1	Non-Incapacitating	NA	41.83008	-71.38825	FALSE	FALSE	Angell Street and S Angell Street, Providence, RI, USA	Med High	Raw	NA	FALSE	41.83008	-71.38825	2016	December	Wayland
1756	2016-12-20	508303	15:39:00	Bicycle	NA	1	FALSE	FALSE	1	Federal St	VINTON ST	2016-12-20	Two-Way , Not Divided	Dry	Daylight	Clear	Not a Collision Between Two Motor Vehicles in Transport	No	Stop Signs	3	0	No Injury	NA	41.82152	-71.42902	FALSE	FALSE	Federal Street and Vinton Street, Providence, RI, USA	Med High	Raw	NA	FALSE	41.82152	-71.42902	2016	December	Federal Hill
1754	2016-12-30	512244	09:35:00	Pedestrian	1	NA	FALSE	FALSE	1	HAYWARD ST	PORTLAND ST	2016-12-30	Two-Way , Not Divided	Dry	Daylight	Clear	Unknown	Yes	No Controls	1	1	Pain Reported	NA	41.81368	-71.42041	FALSE	FALSE	Hayward Street and Portland Street, Providence, RI, USA	Med High	Raw	NA	FALSE	41.81368	-71.42041	2016	December	Upper South Providence
1755	2016-12-30	512458	18:43:00	Pedestrian	1	NA	FALSE	FALSE	1	ROYAL LITTLE DR	BRANCH AVE	2016-12-30	Two-Way , Not Divided	Dry	Dark - Lighted	Clear	Not a Collision Between Two Motor Vehicles in Transport	No	No Controls	2	1	Non-Incapacitating	NA	41.84724	-71.41342	FALSE	FALSE	Royal Little Dr and Branch Ave, Providence, RI, USA	Med	Raw	distance greater than 100m	TRUE	41.84724	-71.41342	2016	December	Charles
1753	2017-01-01	512799	12:30:00	Pedestrian	1	NA	FALSE	FALSE	1	PINE ST	CHESTNUT ST	2017-01-01	One-Way Trafficway	Wet	Dark - Unknown Lighting	Rain	Not a Collision Between Two Motor Vehicles in Transport	Yes	Traffic Control Signal	1	1	Non-Incapacitating	1	41.81944	-71.41294	FALSE	FALSE	Pine Street and Chestnut Street, Providence, RI, USA	Med	Raw	distance greater than 100m	TRUE	41.81944	-71.41294	2017	January	Downtown
1751	2017-01-03	513653	17:16:00	Pedestrian	1	NA	FALSE	FALSE	1	CRANSTON ST	WESTMINSTER ST	2017-01-03	Two-Way , Not Divided	Wet	Dark - Lighted	Rain	Not a Collision Between Two Motor Vehicles in Transport	No	Traffic Control Signal	5	1	Non-Incapacitating	NA	41.81765	-71.42139	FALSE	FALSE	Cranston Street and Westminster Street, Providence, RI, USA	Med High	Raw	NA	FALSE	41.81765	-71.42139	2017	January	Federal Hill
1752	2017-01-03	513775	21:17:00	Pedestrian	1	NA	FALSE	FALSE	1	HARRIS AVE	ATWELLS AVE	2017-01-03	Two-Way , Not Divided	Wet	Dark - Lighted	Rain	Not a Collision Between Two Motor Vehicles in Transport	No	No Controls	3	1	Pain Reported	NA	41.82449	-71.43538	FALSE	FALSE	Harris Ave and Atwells Ave, Providence, RI, USA	Med High	Raw	NA	FALSE	41.82449	-71.43538	2017	January	Olneyville
1749	2017-01-05	514569	16:48:00	Pedestrian	1	NA	FALSE	FALSE	1	PLAINFIELD ST	POCASSET AVE	2017-01-05	Two-Way , Not Divided	Dry	Dark - Lighted	Clear	Not a Collision Between Two Motor Vehicles in Transport	No	No Controls	3	1	Fatal	2	41.81398	-71.44758	FALSE	FALSE	Plainfield Street and Pocasset Ave, Providence, RI, USA	Med High	Raw	NA	FALSE	41.81398	-71.44758	2017	January	Silver Lake
1750	2017-01-05	514695	22:30:00	Pedestrian	1	NA	FALSE	FALSE	1	ATWELLS AVE	DEAN ST	2017-01-05	Two-Way, Divided, Unprotected (painted>4feet) Medium	Dry	Dark - Lighted	Clear	Not a Collision Between Two Motor Vehicles in Transport	No	Traffic Control Signal	5	1	Pain Reported	NA	41.82339	-71.4242	FALSE	FALSE	Atwells Ave and Dean Street, Providence, RI, USA	Med High	Raw	NA	FALSE	41.82339	-71.4242	2017	January	Federal Hill
1748	2017-01-09	517284	17:10:00	Pedestrian	1	NA	FALSE	FALSE	1	Broad Street	BROAD ST	2017-01-11	Two-Way , Not Divided	Slush	Dark - Lighted	Clear	Not a Collision Between Two Motor Vehicles in Transport	Yes	No Controls	1	0	No Injury	NA	41.81634	-71.41923	FALSE	FALSE	Broad Street and Broad Street, Providence, RI, USA	Med	Raw	distance greater than 100m	TRUE	41.81634	-71.41923	2017	January	Upper South Providence
1747	2017-01-10	517086	22:26:00	Pedestrian	1	NA	FALSE	FALSE	1	MEMORIAL BLVD	STEEPLE ST	2017-01-10	Two-Way , Not Divided	Wet	Dark - Lighted	Rain	Not a Collision Between Two Motor Vehicles in Transport	No	Pavement Markings	3	1	Pain Reported	NA	41.82677	-71.41063	FALSE	FALSE	Memorial Blvd and Steeple Street, Providence, RI, USA	Med	Raw	distance greater than 100m	TRUE	41.82677	-71.41063	2017	January	Downtown
1746	2017-01-12	518123	17:05:00	Bicycle	NA	1	FALSE	FALSE	1	ATWELLS AVE	EAGLE ST	2017-01-12	Two-Way, Not Divided With a Continuous Left Turn Lane	Dry	Dark - Lighted	Clear	Not a Collision Between Two Motor Vehicles in Transport	No	Traffic Control Signal	2	0	No Injury	NA	41.82446	-71.4355	FALSE	FALSE	Atwells Ave and Eagle Street, Providence, RI, USA	Med High	Raw	NA	FALSE	41.82446	-71.4355	2017	January	Olneyville
1745	2017-01-13	518744	18:45:00	Pedestrian	1	NA	FALSE	FALSE	1	FRANCIS ST	MEMORIAL BLVD	2017-01-13	Two-Way, Not Divided With a Continuous Left Turn Lane	Dry	Dark - Lighted	Clear	Not a Collision Between Two Motor Vehicles in Transport	No	Traffic Control Signal	3	1	Pain Reported	NA	41.82601	-71.4154	FALSE	FALSE	Francis Street and Memorial Blvd, Providence, RI, USA	Med	Raw	NA	FALSE	41.82601	-71.4154	2017	January	Downtown
1743	2017-01-17	520281	17:11:00	Pedestrian	1	NA	FALSE	FALSE	1	FRIENDSHIP ST	DORRANCE ST	2017-01-17	One-Way Trafficway	Wet	Dark - Lighted	Rain	Not a Collision Between Two Motor Vehicles in Transport	No	Traffic Control Signal	2	1	Pain Reported	1	41.82197	-71.40948	FALSE	FALSE	Friendship Street and Dorrance Street, Providence, RI, USA	Med High	Raw	NA	FALSE	41.82197	-71.40948	2017	January	Downtown
1744	2017-01-17	520447	21:35:00	Pedestrian	1	NA	FALSE	FALSE	1	Raymond St	Chalkstone Ave	2017-01-18	Two-Way , Not Divided	Wet	Dark - Lighted	Rain	Not a Collision Between Two Motor Vehicles in Transport	No	Traffic Control Signal	5	1	Incapacitating	NA	41.83419	-71.43024	FALSE	FALSE	Raymond Street and Chalkstone Ave, Providence, RI, USA	Med	Raw	NA	FALSE	41.83419	-71.43024	2017	January	Elmhurst
1742	2017-01-21	522425	15:41:00	Pedestrian	1	NA	FALSE	FALSE	1	LLOYD AVE	ARLINGTON AVE	2017-01-21	Two-Way , Not Divided	Dry	Daylight	Clear	Not a Collision Between Two Motor Vehicles in Transport	No	Stop Signs	4	1	Pain Reported	NA	41.83348	-71.3943	FALSE	FALSE	Lloyd Ave and Arlington Ave, Providence, RI, USA	Med High	Raw	NA	FALSE	41.83348	-71.3943	2017	January	College Hill
1740	2017-01-24	523489	12:15:00	Pedestrian	1	NA	FALSE	FALSE	1	601 North Main St	N MAIN ST	2017-01-24	Two-Way , Not Divided	Wet	Daylight	Rain	Not a Collision Between Two Motor Vehicles in Transport	No	No Controls	3	0	No Injury	NA	41.83723	-71.40947	TRUE	FALSE	601 North Main Street, Providence, RI, USA	High	Raw	NA	FALSE	41.83723	-71.40947	2017	January	College Hill
1741	2017-01-24	523713	20:47:00	Pedestrian	1	NA	FALSE	FALSE	1	DAVE GAVITT WAY	ATWELLS AVE	2017-01-24	One-Way Trafficway	Wet	Dark - Lighted	Clear	Not a Collision Between Two Motor Vehicles in Transport	Yes	Traffic Control Signal	4	2	Pain Reported	1	41.82317	-71.42053	FALSE	FALSE	Dave Gavitt Way and Atwells Ave, Providence, RI, USA	Med High	Raw	NA	FALSE	41.82317	-71.42053	2017	January	Federal Hill
1738	2017-01-26	524755	14:51:00	Pedestrian	1	NA	FALSE	FALSE	1	PRAIRIE AVE	THURBERS AVE	2017-01-26	Two-Way , Not Divided	Wet	Daylight	Clear	Not a Collision Between Two Motor Vehicles in Transport	No	No Controls	4	1	Pain Reported	NA	41.79856	-71.41183	FALSE	FALSE	Prairie Ave and Thurbers Ave, Providence, RI, USA	Med High	Raw	NA	FALSE	41.79856	-71.41183	2017	January	Lower South Providence
1739	2017-01-26	524921	19:46:00	Pedestrian	1	NA	FALSE	FALSE	1	353 SMITH ST	ORMS ST	2017-01-26	Two-Way , Not Divided	Wet	Dark - Lighted	Clear	Other	No	No Controls	2	1	Pain Reported	NA	41.83428	-71.4233	TRUE	FALSE	353 Smith Street, Providence, RI, USA	High	Raw	NA	FALSE	41.83428	-71.4233	2017	January	Smith Hill
1737	2017-01-28	525334	01:22:00	Bicycle	NA	1	FALSE	FALSE	1	ATWELLS AVE	HANNAH ST	2017-01-28	Two-Way , Not Divided	Dry	Dark - Lighted	Clear	Not a Collision Between Two Motor Vehicles in Transport	Yes	Traffic Control Signal	1	1	Pain Reported	NA	41.82507	-71.44867	FALSE	FALSE	Atwells Ave and Hannah Street, Providence, RI, USA	Med High	Raw	NA	FALSE	41.82507	-71.44867	2017	January	Olneyville
1736	2017-01-31	527074	15:39:00	Pedestrian	1	NA	FALSE	FALSE	1	THURBERS AVE	PRAIRIE AVE	2017-01-31	Two-Way , Not Divided	Snow	Daylight	Snow	Other	No	Traffic Control Signal	2	1	Incapacitating	NA	41.79873	-71.41191	FALSE	FALSE	Thurbers Ave and Prairie Ave, Providence, RI, USA	Med High	Raw	NA	FALSE	41.79873	-71.41191	2017	January	Lower South Providence