row_number	crash_date	crash_report_id	crash_time	collision_type	count_pedestrian	count_bicycle	scooter	wheel_chair	number_of_vehicles	street_or_highway	nearest_intersection	report_date	type_of_roadway	road_surface_condition	light_condition	weather_condition	manner_of_impact	hit_and_run	traffic_control	person_count	injury_count	most_serious_injury	number_of_lanes	lat_raw	lon_raw	has_st_number	is_intersection_null	address_sent_to_geocoder	api_coord_conf	best_coordinate_set	reason_for_qa	manually_qaed_record	final_lat	final_lon	year	month	pvd_nhood
1735	2017-02-02	527670	15:51:00	Bicycle	NA	1	FALSE	FALSE	1	SERVICE ROAD 7	BROADWAY	2017-02-02	One-Way Trafficway	Dry	Daylight	Clear	Not a Collision Between Two Motor Vehicles in Transport	No	Traffic Control Signal	2	0	No Injury	NA	41.82169	-71.4208	FALSE	FALSE	Service Road 7 and Broadway, Providence, RI, USA	Med High	Raw	NA	FALSE	41.82169	-71.4208	2017	February	Federal Hill
1734	2017-02-04	529337	12:00:00	Pedestrian	1	NA	FALSE	FALSE	1	BROAD ST	CAHIR ST	2017-02-04	Two-Way, Not Divided With a Continuous Left Turn Lane	Dry	Daylight	Clear	Not a Collision Between Two Motor Vehicles in Transport	No	Traffic Control Signal	2	1	Pain Reported	NA	41.8169	-71.41798	FALSE	FALSE	Broad Street and Cahir Street, Providence, RI, USA	Med	Raw	NA	FALSE	41.8169	-71.41798	2017	February	Upper South Providence
1732	2017-02-08	530740	12:53:00	Bicycle	NA	1	FALSE	FALSE	1	BROAD ST	CAHIR ST	2017-02-08	Two-Way, Divided, Unprotected (painted>4feet) Medium	Dry	Daylight	Clear	Other	No	Traffic Control Signal	3	0	No Injury	NA	41.81692	-71.41795	FALSE	FALSE	Broad Street and Cahir Street, Providence, RI, USA	Med	Raw	NA	FALSE	41.81692	-71.41795	2017	February	Upper South Providence
1733	2017-02-08	531678	12:48:00	Pedestrian	1	NA	FALSE	FALSE	1	PRAIRIE AVE	PAVILION AVE	2017-02-10	Two-Way , Not Divided	Dry	Daylight	Clear	Not a Collision Between Two Motor Vehicles in Transport	Yes	No Controls	2	1	Pain Reported	NA	41.79505	-71.41036	FALSE	FALSE	Prairie Ave and Pavilion Ave, Providence, RI, USA	Med High	Raw	NA	FALSE	41.79505	-71.41036	2017	February	Elmwood
1731	2017-02-12	532510	10:39:00	Pedestrian	1	NA	FALSE	FALSE	1	850 MANTON AVE	NA	2017-02-12	Unknown	Slush	Daylight	Cloudy	Not a Collision Between Two Motor Vehicles in Transport	No	No Controls	5	1	Non-Incapacitating	NA	41.83391	-71.46728	TRUE	TRUE	850 Manton Ave, Providence, RI, USA	High	Raw	distance greater than 100m	TRUE	41.83391	-71.46728	2017	February	Manton
1728	2017-02-14	533947	16:25:00	Pedestrian	1	NA	FALSE	FALSE	1	Dean st	ATWELLS AVE	2017-02-14	Two-Way , Not Divided	Dry	Daylight	Clear	Other	No	No Controls	3	1	Non-Incapacitating	NA	41.82332	-71.42413	FALSE	FALSE	Dean Street and Atwells Ave, Providence, RI, USA	Med High	Raw	NA	FALSE	41.82332	-71.42413	2017	February	Federal Hill
1729	2017-02-14	533969	16:28:00	Pedestrian	1	NA	FALSE	FALSE	1	WESTMINSTER ST	TOBEY ST	2017-02-14	Two-Way , Not Divided	Dry	Daylight	Clear	Not a Collision Between Two Motor Vehicles in Transport	No	No Controls	3	1	Non-Incapacitating	NA	41.81617	-71.43472	FALSE	FALSE	Westminster Street and Tobey Street, Providence, RI, USA	Med High	Raw	NA	FALSE	41.81617	-71.43472	2017	February	West End
1730	2017-02-14	533979	18:28:00	Pedestrian	1	NA	FALSE	FALSE	1	SUPERIOR ST	CRANSTON ST	2017-02-14	Two-Way , Not Divided	Slush	Dark - Lighted	Clear	Not a Collision Between Two Motor Vehicles in Transport	Yes	No Controls	2	1	Pain Reported	NA	41.81042	-71.43262	FALSE	FALSE	Superior Street and Cranston Street, Providence, RI, USA	Med High	Raw	NA	FALSE	41.81042	-71.43262	2017	February	West End
1727	2017-02-15	534617	17:43:00	Pedestrian	1	NA	FALSE	FALSE	1	SILVER SPRING ST	BISMARK ST	2017-02-15	Two-Way , Not Divided	Wet	Dark - Lighted	Cloudy	Not a Collision Between Two Motor Vehicles in Transport	No	No Controls	5	1	Incapacitating	NA	41.85441	-71.41203	FALSE	FALSE	Silver Spring Street and Bismark Street, Providence, RI, USA	Med High	Raw	NA	FALSE	41.85441	-71.41203	2017	February	Charles
1726	2017-02-17	535255	07:58:00	Pedestrian	1	NA	FALSE	FALSE	1	BARTON ST	WESTMINSTER ST	2017-02-17	Two-Way , Not Divided	Dry	Daylight	Clear	Not a Collision Between Two Motor Vehicles in Transport	No	No Controls	4	1	Pain Reported	2	41.81677	-71.43675	FALSE	FALSE	Barton Street and Westminster Street, Providence, RI, USA	Med High	Raw	NA	FALSE	41.81677	-71.43675	2017	February	Federal Hill
1724	2017-02-20	537110	07:48:00	Pedestrian	1	NA	FALSE	FALSE	1	48 OLIVE ST	NA	2017-02-20	Unknown	Dry	Daylight	Clear	Not a Collision Between Two Motor Vehicles in Transport	No	No Controls	3	1	Pain Reported	NA	41.82841	-71.40207	TRUE	TRUE	48 Olive Street, Providence, RI, USA	High	Raw	NA	FALSE	41.82841	-71.40207	2017	February	College Hill
1725	2017-02-20	537384	22:11:00	Pedestrian	1	NA	FALSE	FALSE	1	CANAL ST	SMITH ST	2017-02-21	One-Way Trafficway	Dry	Dark - Lighted	Clear	Not a Collision Between Two Motor Vehicles in Transport	Yes	Traffic Control Signal	3	1	Pain Reported	NA	41.8314	-71.41134	FALSE	FALSE	Canal Street and Smith Street, Providence, RI, USA	Med	Raw	NA	FALSE	41.8314	-71.41134	2017	February	Downtown
1722	2017-02-22	538024	15:13:00	Pedestrian	1	NA	FALSE	FALSE	1	BROADWAY	DE PASQUALE AVE	2017-02-22	Two-Way, Divided, Unprotected (painted>4feet) Medium	Dry	Daylight	Clear	Not a Collision Between Two Motor Vehicles in Transport	No	No Controls	2	1	Pain Reported	NA	41.82077	-71.42526	FALSE	FALSE	Broadway and De Pasquale Ave, Providence, RI, USA	Med	Raw	NA	FALSE	41.82077	-71.42526	2017	February	Federal Hill
1723	2017-02-22	538035	16:09:00	Pedestrian	1	NA	FALSE	FALSE	1	BROAD ST	ROGER WILLIAMS PARK	2017-02-22	Two-Way, Divided, Unprotected (painted>4feet) Medium	Dry	Daylight	Clear	Not a Collision Between Two Motor Vehicles in Transport	Yes	Traffic Control Signal	3	1	Pain Reported	NA	41.8133	-71.42185	FALSE	FALSE	Broad Street and Roger Williams Park, Providence, RI, USA	Med	Neither	distance greater than 100m	TRUE	41.792874	-71.408055	2017	February	South Elmwood
1720	2017-02-23	538398	09:23:00	Bicycle	NA	1	FALSE	FALSE	1	BRANCH AVE	N MAIN ST	2017-02-23	Two-Way , Not Divided	Dry	Daylight	Clear	Not a Collision Between Two Motor Vehicles in Transport	No	Traffic Control Signal	2	0	No Injury	NA	41.84199	-71.40798	FALSE	FALSE	Branch Ave and N Main Street, Providence, RI, USA	Med	Raw	NA	FALSE	41.84199	-71.40798	2017	February	Mount Hope
1721	2017-02-23	538515	15:05:00	Bicycle	NA	1	FALSE	FALSE	1	859 North Main St.	NA	2017-02-23	Two-Way, Divided, Positive Median Barrier	Dry	Daylight	Clear	Not a Collision Between Two Motor Vehicles in Transport	Yes	No Controls	3	1	Pain Reported	NA	41.84376	-71.40679	TRUE	TRUE	859 North Main St., Providence, RI, USA	High	Raw	NA	FALSE	41.84376	-71.40679	2017	February	Mount Hope
1719	2017-02-24	538783	14:48:00	Pedestrian	1	NA	FALSE	FALSE	1	ELMWOOD AVE	BROAD ST	2017-02-24	Two-Way , Not Divided	Dry	Daylight	Clear	Not a Collision Between Two Motor Vehicles in Transport	No	Traffic Control Signal	3	1	Pain Reported	NA	41.813	-71.42203	FALSE	FALSE	Elmwood Ave and Broad Street, Providence, RI, USA	Med High	Raw	NA	FALSE	41.813	-71.42203	2017	February	West End
1718	2017-02-27	539713	08:08:00	Pedestrian	1	NA	FALSE	FALSE	1	BROADWAY	KNIGHT ST	2017-02-27	Two-Way , Not Divided	Dry	Daylight	Clear	Not a Collision Between Two Motor Vehicles in Transport	No	Traffic Control Signal	7	1	Pain Reported	NA	41.8198	-71.42936	FALSE	FALSE	Broadway and Knight Street, Providence, RI, USA	Med	Raw	NA	FALSE	41.8198	-71.42936	2017	February	Federal Hill
1716	2017-02-28	540168	08:00:00	Pedestrian	1	NA	FALSE	FALSE	1	SMITHFIELD AVE	NELLIE ST	2017-02-28	Two-Way , Not Divided	Dry	Daylight	Clear	Not a Collision Between Two Motor Vehicles in Transport	No	No Controls	2	1	Pain Reported	NA	41.85759	-71.41084	FALSE	FALSE	Smithfield Ave and Nellie Street, Providence, RI, USA	Med High	Raw	NA	FALSE	41.85759	-71.41084	2017	February	Charles
1717	2017-02-28	540331	18:04:00	Pedestrian	1	NA	FALSE	FALSE	1	ADMIRAL ST	DURHAM ST	2017-02-28	Two-Way , Not Divided	Dry	Dark - Lighted	Cloudy	Not a Collision Between Two Motor Vehicles in Transport	No	No Controls	2	1	Pain Reported	NA	41.84788	-71.43576	FALSE	FALSE	Admiral Street and Durham Street, Providence, RI, USA	Med High	Raw	NA	FALSE	41.84788	-71.43576	2017	February	Elmhurst
1715	2017-03-03	541589	21:25:00	Pedestrian	1	NA	FALSE	FALSE	1	2 SACKETT ST	NA	2017-03-03	Two-Way , Not Divided	Dry	Dark - Lighted	Clear	Not a Collision Between Two Motor Vehicles in Transport	No	No Controls	2	1	Pain Reported	2	41.79611	-71.41228	TRUE	TRUE	2 Sackett Street, Providence, RI, USA	High	Raw	NA	FALSE	41.79611	-71.41228	2017	March	Elmwood
1714	2017-03-04	541776	19:53:00	Pedestrian	1	NA	FALSE	FALSE	1	847 BROAD ST	NA	2017-03-04	Two-Way , Not Divided	Dry	Dark - Lighted	Clear	Not a Collision Between Two Motor Vehicles in Transport	Yes	No Controls	1	1	Pain Reported	NA	41.80094	-71.41796	TRUE	TRUE	847 Broad Street, Providence, RI, USA	High	Raw	NA	FALSE	41.80094	-71.41796	2017	March	Elmwood
1712	2017-03-09	543757	07:24:00	Pedestrian	1	NA	FALSE	FALSE	1	MEETING ST	HOPE ST	2017-03-09	Two-Way , Not Divided	Dry	Daylight	Clear	Not a Collision Between Two Motor Vehicles in Transport	Yes	Person	2	0	No Injury	NA	41.82936	-71.39816	FALSE	FALSE	Meeting Street and Hope Street, Providence, RI, USA	Med High	Raw	NA	FALSE	41.82936	-71.39816	2017	March	College Hill
1713	2017-03-09	544271	19:45:00	Pedestrian	1	NA	FALSE	FALSE	1	HAWKINS ST	ADMIRAL ST	2017-03-09	Two-Way , Not Divided	Dry	Dark - Lighted	Clear	Not a Collision Between Two Motor Vehicles in Transport	No	Stop Signs	2	1	Pain Reported	2	41.84594	-71.42837	FALSE	FALSE	Hawkins Street and Admiral Street, Providence, RI, USA	Med High	Raw	NA	FALSE	41.84594	-71.42837	2017	March	Wanskuck
1711	2017-03-13	545647	14:56:00	Pedestrian	1	NA	FALSE	FALSE	1	BROAD ST	SUMTER ST	2017-03-13	Two-Way , Not Divided	Dry	Daylight	Clear	Not a Collision Between Two Motor Vehicles in Transport	No	No Controls	2	1	Pain Reported	2	41.79775	-71.41413	FALSE	FALSE	Broad Street and Sumter Street, Providence, RI, USA	Med	Raw	NA	FALSE	41.79775	-71.41413	2017	March	Elmwood
1710	2017-03-17	547416	20:33:00	Pedestrian	1	NA	FALSE	FALSE	1	Francis St	NA	2017-03-17	Two-Way , Not Divided	Dry	Dark - Lighted	Clear	Not a Collision Between Two Motor Vehicles in Transport	Yes	No Controls	2	1	Pain Reported	NA	41.8309	-71.41638	FALSE	TRUE	Francis Street, Providence, RI, USA	Inaccurate	Raw	distance greater than 100m	TRUE	41.8309	-71.41638	2017	March	Downtown
1708	2017-03-18	547480	01:06:00	Pedestrian	1	NA	FALSE	FALSE	1	ELMWOOD AVE	HEMPSTEAD ST	2017-03-18	Two-Way, Divided, Unprotected (painted>4feet) Medium	Dry	Dark - Lighted	Clear	Angle (Front - to - Side) Opposite Direction	Yes	No Controls	1	1	Pain Reported	NA	41.78987	-71.42175	FALSE	FALSE	Elmwood Ave and Hempstead Street, Providence, RI, USA	Med High	Raw	NA	FALSE	41.78987	-71.42175	2017	March	Elmwood
1709	2017-03-18	548223	20:20:00	Pedestrian	1	NA	FALSE	FALSE	1	Charles St.	Randall St.	2017-03-19	One-Way Trafficway	Dry	Dark - Lighted	Clear	Not a Collision Between Two Motor Vehicles in Transport	Yes	No Controls	1	1	Pain Reported	NA	41.83665	-71.41272	FALSE	FALSE	Charles St. and Randall St., Providence, RI, USA	Med	Raw	NA	FALSE	41.83665	-71.41272	2017	March	Mount Hope
1707	2017-03-22	549708	08:57:00	Pedestrian	1	NA	FALSE	FALSE	1	PLAIN ST	PUBLIC ST	2017-03-22	Two-Way , Not Divided	Dry	Daylight	Clear	Not a Collision Between Two Motor Vehicles in Transport	Yes	Stop Signs	3	1	Pain Reported	NA	41.80665	-71.40997	FALSE	FALSE	Plain Street and Public Street, Providence, RI, USA	Med High	Raw	NA	FALSE	41.80665	-71.40997	2017	March	Upper South Providence
1706	2017-03-23	550352	12:05:00	Pedestrian	1	NA	FALSE	FALSE	1	BROAD ST	HARVARD AVE	2017-03-23	Two-Way , Not Divided	Dry	Daylight	Clear	Not a Collision Between Two Motor Vehicles in Transport	No	No Controls	3	1	Pain Reported	NA	41.80867	-71.4207	FALSE	FALSE	Broad Street and Harvard Ave, Providence, RI, USA	Med	Raw	NA	FALSE	41.80867	-71.4207	2017	March	Elmwood
1705	2017-03-24	550717	13:35:00	Pedestrian	1	NA	FALSE	FALSE	1	FLOWER ST	WHELAN ST	2017-03-24	Two-Way , Not Divided	Wet	Daylight	Sleet, Hail (Freezing Rain or Drizzle)	Not a Collision Between Two Motor Vehicles in Transport	No	No Controls	2	1	Pain Reported	NA	41.83921	-71.43712	FALSE	FALSE	Flower Street and Whelan Street, Providence, RI, USA	Med High	Geocoded	distance greater than 100m	TRUE	41.8189349	-71.456749	2017	March	Hartford
1704	2017-03-26	551314	21:02:00	Pedestrian	1	NA	FALSE	FALSE	1	ADMIRAL ST	GRAPE ST	2017-03-26	Two-Way , Not Divided	Wet	Dark - Lighted	Cloudy	Not a Collision Between Two Motor Vehicles in Transport	No	No Controls	3	1	Pain Reported	NA	41.84625	-71.43011	FALSE	FALSE	Admiral Street and Grape Street, Providence, RI, USA	Med High	Raw	NA	FALSE	41.84625	-71.43011	2017	March	Wanskuck
1703	2017-03-30	552934	08:03:00	Bicycle	NA	1	FALSE	FALSE	1	ACADEMY AVE	WHITFORD AVE	2017-03-30	Two-Way , Not Divided	Dry	Daylight	Clear	Not a Collision Between Two Motor Vehicles in Transport	No	Stop Signs	3	1	Pain Reported	NA	41.83897	-71.44487	FALSE	FALSE	Academy Ave and Whitford Ave, Providence, RI, USA	Med High	Raw	NA	FALSE	41.83897	-71.44487	2017	March	Mount Pleasant
1701	2017-03-31	553543	15:10:00	Pedestrian	1	NA	FALSE	FALSE	1	PUBLIC ST	OCEAN ST	2017-03-31	Two-Way, Divided, Unprotected (painted>4feet) Medium	Wet	Daylight	Rain	Not a Collision Between Two Motor Vehicles in Transport	No	No Controls	4	1	Pain Reported	NA	41.80623	-71.41188	FALSE	FALSE	Public Street and Ocean Street, Providence, RI, USA	Med High	Raw	NA	FALSE	41.80623	-71.41188	2017	March	Upper South Providence
1702	2017-03-31	553643	22:34:00	Pedestrian	1	NA	FALSE	FALSE	1	Elmwood Ave	Princeton Ave	2017-04-01	Two-Way , Not Divided	Wet	Dark - Lighted	Rain	Not a Collision Between Two Motor Vehicles in Transport	Yes	Pavement Markings	1	1	Pain Reported	NA	41.80542	-71.42521	FALSE	FALSE	Elmwood Ave and Princeton Ave, Providence, RI, USA	Med High	Raw	NA	FALSE	41.80542	-71.42521	2017	March	West End
1699	2017-04-01	553984	12:25:00	Pedestrian	1	NA	FALSE	FALSE	1	CHALKSTONE AVE	ACADEMY AVE	2017-04-01	Two-Way, Divided, Unprotected (painted>4feet) Medium	Wet	Daylight	Sleet, Hail (Freezing Rain or Drizzle)	Not a Collision Between Two Motor Vehicles in Transport	Yes	Traffic Control Signal	4	1	Pain Reported	2	41.83245	-71.44453	FALSE	FALSE	Chalkstone Ave and Academy Ave, Providence, RI, USA	Med High	Raw	NA	FALSE	41.83245	-71.44453	2017	April	Mount Pleasant
1700	2017-04-01	554144	20:55:00	Pedestrian	1	NA	FALSE	FALSE	1	MEMORIAL BLVD	EXCHANGE ST	2017-04-01	Two-Way , Not Divided	Dry	Dark - Lighted	Cloudy	Not a Collision Between Two Motor Vehicles in Transport	No	Traffic Control Signal	4	1	Incapacitating	NA	41.8268	-71.41207	FALSE	FALSE	Memorial Blvd and Exchange Street, Providence, RI, USA	Med High	Raw	NA	FALSE	41.8268	-71.41207	2017	April	Downtown
1697	2017-04-03	554764	15:54:00	Pedestrian	2	NA	FALSE	FALSE	1	BRIDGHAM ST	ELMWOOD AVE	2017-04-03	Two-Way , Not Divided	Dry	Daylight	Clear	Not a Collision Between Two Motor Vehicles in Transport	Yes	Traffic Control Signal	2	2	Pain Reported	NA	41.81277	-71.42218	FALSE	FALSE	Bridgham Street and Elmwood Ave, Providence, RI, USA	Med High	Raw	NA	FALSE	41.81277	-71.42218	2017	April	West End
1698	2017-04-03	554767	16:11:00	Pedestrian	1	NA	FALSE	FALSE	1	PRAIRIE AVE	POTTERS AVE	2017-04-03	Two-Way , Not Divided	Dry	Daylight	Clear	Not a Collision Between Two Motor Vehicles in Transport	No	No Controls	3	1	Pain Reported	NA	41.80375	-71.41406	FALSE	FALSE	Prairie Ave and Potters Ave, Providence, RI, USA	Med High	Raw	NA	FALSE	41.80375	-71.41406	2017	April	Lower South Providence
1696	2017-04-07	556651	20:09:00	Pedestrian	1	NA	FALSE	FALSE	1	100 LAURA ST	HAMILTON ST	2017-04-07	Two-Way , Not Divided	Dry	Dark - Lighted	Clear	Not a Collision Between Two Motor Vehicles in Transport	No	No Controls	2	1	Pain Reported	NA	41.80116	-71.42243	TRUE	FALSE	100 Laura Street, Providence, RI, USA	High	Raw	NA	FALSE	41.80116	-71.42243	2017	April	Elmwood
1694	2017-04-08	556707	02:09:00	Pedestrian	1	NA	FALSE	FALSE	1	CRANSTON ST	PARADE ST	2017-04-08	Two-Way , Not Divided	Dry	Dark - Lighted	Clear	Not a Collision Between Two Motor Vehicles in Transport	Yes	Unknown	1	1	Pain Reported	NA	41.8118	-71.43114	FALSE	FALSE	Cranston Street and Parade Street, Providence, RI, USA	Med High	Raw	NA	FALSE	41.8118	-71.43114	2017	April	West End
1695	2017-04-08	556790	17:50:00	Pedestrian	1	NA	FALSE	FALSE	1	SABIN ST	W EXCHANGE ST	2017-04-08	One-Way Trafficway	Dry	Daylight	Clear	Not a Collision Between Two Motor Vehicles in Transport	No	No Controls	3	1	Pain Reported	3	41.82462	-71.41556	FALSE	FALSE	Sabin Street and W Exchange Street, Providence, RI, USA	Med High	Raw	NA	FALSE	41.82462	-71.41556	2017	April	Downtown
1693	2017-04-09	557105	15:23:00	Bicycle	NA	1	FALSE	FALSE	1	BATTEY ST	WASHINGTON ST	2017-04-09	Two-Way , Not Divided	Dry	Daylight	Clear	Not a Collision Between Two Motor Vehicles in Transport	No	Stop Signs	3	1	Pain Reported	NA	41.81794	-71.42472	FALSE	FALSE	Battey Street and Washington Street, Providence, RI, USA	Med High	Raw	NA	FALSE	41.81794	-71.42472	2017	April	Federal Hill
1692	2017-04-11	557829	14:31:00	Pedestrian	1	NA	FALSE	FALSE	1	Pitman St	E GEORGE ST	2017-04-11	One-Way Trafficway	Dry	Daylight	Clear	Not a Collision Between Two Motor Vehicles in Transport	No	No Controls	5	1	Pain Reported	NA	41.8268	-71.38731	FALSE	FALSE	Pitman Street and E George Street, Providence, RI, USA	Med	Neither	distance greater than 100m	TRUE	41.82668	-71.388506	2017	April	Fox Point
1689	2017-04-12	558143	11:17:00	Pedestrian	1	NA	FALSE	FALSE	1	THOMAS ST	ANGELL ST	2017-04-12	One-Way Trafficway	Dry	Daylight	Clear	Not a Collision Between Two Motor Vehicles in Transport	No	Traffic Control Signal	2	1	Pain Reported	NA	41.82751	-71.40765	FALSE	FALSE	Thomas Street and Angell Street, Providence, RI, USA	Med	Raw	NA	FALSE	41.82751	-71.40765	2017	April	College Hill
1690	2017-04-12	558315	14:58:00	Pedestrian	1	NA	FALSE	FALSE	1	FELIX ST	CHALKSTONE AVE	2017-04-12	Two-Way , Not Divided	Dry	Daylight	Clear	Not a Collision Between Two Motor Vehicles in Transport	No	Stop Signs	3	1	Pain Reported	NA	41.83457	-71.42839	FALSE	FALSE	Felix Street and Chalkstone Ave, Providence, RI, USA	Med High	Raw	NA	FALSE	41.83457	-71.42839	2017	April	Smith Hill
1691	2017-04-12	558422	20:30:00	Pedestrian	1	NA	FALSE	FALSE	1	ELMWOOD AVE	PARKIS AVE	2017-04-12	Two-Way , Not Divided	Dry	Dark - Lighted	Clear	Other	Yes	Unknown	2	1	Pain Reported	4	41.80913	-71.42451	FALSE	FALSE	Elmwood Ave and Parkis Ave, Providence, RI, USA	Med High	Raw	NA	FALSE	41.80913	-71.42451	2017	April	West End
1688	2017-04-14	558762	00:09:00	Pedestrian	1	NA	FALSE	FALSE	1	MEMORIAL BLVD	WASHINGTON ST	2017-04-14	Two-Way, Divided, Positive Median Barrier	Dry	Dark - Lighted	Clear	Other	No	Traffic Control Signal	2	1	Non-Incapacitating	4	41.8263	-71.41009	FALSE	FALSE	Memorial Blvd and Washington Street, Providence, RI, USA	Med High	Raw	NA	FALSE	41.8263	-71.41009	2017	April	Downtown
1686	2017-04-15	559294	12:47:00	Pedestrian	1	NA	FALSE	FALSE	1	E GEORGE ST	IVES ST	2017-04-15	Two-Way , Not Divided	Dry	Daylight	Clear	Other	No	Stop Signs	3	1	Pain Reported	NA	41.82567	-71.39262	FALSE	FALSE	E George Street and Ives Street, Providence, RI, USA	Med High	Raw	NA	FALSE	41.82567	-71.39262	2017	April	Fox Point
1687	2017-04-15	559491	15:15:00	Bicycle	NA	1	FALSE	FALSE	1	Valley St	BARSTOW ST	2017-04-15	Two-Way, Divided, Unprotected (painted>4feet) Medium	Dry	Daylight	Clear	Not a Collision Between Two Motor Vehicles in Transport	No	No Controls	2	0	No Injury	NA	41.82406	-71.43959	FALSE	FALSE	Valley Street and Barstow Street, Providence, RI, USA	Med High	Raw	NA	FALSE	41.82406	-71.43959	2017	April	Olneyville
1684	2017-04-16	559728	12:55:00	Bicycle	NA	1	FALSE	FALSE	1	HILLCREST AVE	CHALKSTONE AVE	2017-04-16	Two-Way, Divided, Unprotected (painted>4feet) Medium	Dry	Daylight	Clear	Not a Collision Between Two Motor Vehicles in Transport	No	Stop Signs	2	1	Pain Reported	NA	41.83289	-71.45858	FALSE	FALSE	Hillcrest Ave and Chalkstone Ave, Providence, RI, USA	Med	Raw	NA	FALSE	41.83289	-71.45858	2017	April	Manton
1685	2017-04-16	559787	17:07:00	Bicycle	NA	1	FALSE	FALSE	1	EARLY ST	BROAD ST	2017-04-16	Two-Way , Not Divided	Dry	Daylight	Clear	Not a Collision Between Two Motor Vehicles in Transport	Yes	No Controls	1	1	Pain Reported	NA	41.79547	-71.41127	FALSE	FALSE	Early Street and Broad Street, Providence, RI, USA	Med High	Raw	NA	FALSE	41.79547	-71.41127	2017	April	Elmwood
1683	2017-04-17	560145	18:47:00	Pedestrian	1	NA	TRUE	FALSE	1	Branch Avenue	RT 146 South Exit Ramp	2017-04-17	Two-Way, Divided, Unprotected (painted>4feet) Medium	Dry	Dusk	Clear	Not a Collision Between Two Motor Vehicles in Transport	No	Traffic Control Signal	3	0	No Injury	NA	41.85338	-71.42771	FALSE	FALSE	Branch Avenue and Rt 146 South Exit Ramp, Providence, RI, USA	Med High	Raw	distance greater than 100m	TRUE	41.85338	-71.42771	2017	April	Wanskuck
1682	2017-04-18	560537	19:57:00	Bicycle	NA	1	FALSE	FALSE	1	COLLEGE ST	COLLEGE ST	2017-04-18	Two-Way , Not Divided	Dry	Dark - Lighted	Clear	Not a Collision Between Two Motor Vehicles in Transport	No	Traffic Control Signal	2	1	Pain Reported	NA	41.82564	-71.40785	FALSE	FALSE	College Street and College Street, Providence, RI, USA	Med	Raw	distance greater than 100m	TRUE	41.82564	-71.40785	2017	April	Downtown
1681	2017-04-19	560650	14:13:00	Pedestrian	1	NA	FALSE	FALSE	1	PENNSYLVANIA AVE	PRAIRIE AVE	2017-04-19	Two-Way , Not Divided	Dry	Daylight	Clear	Not a Collision Between Two Motor Vehicles in Transport	Yes	Stop Signs	2	1	Non-Incapacitating	NA	41.79785	-71.41152	FALSE	FALSE	Pennsylvania Ave and Prairie Ave, Providence, RI, USA	Med	Raw	NA	FALSE	41.79785	-71.41152	2017	April	Lower South Providence
1680	2017-04-23	561942	13:01:00	Pedestrian	1	NA	FALSE	FALSE	1	SMITH ST	HUXLEY AVE	2017-04-23	Two-Way , Not Divided	Dry	Daylight	Clear	Not a Collision Between Two Motor Vehicles in Transport	No	No Controls	3	1	Pain Reported	NA	41.83783	-71.43405	FALSE	FALSE	Smith Street and Huxley Ave, Providence, RI, USA	Med High	Raw	NA	FALSE	41.83783	-71.43405	2017	April	Elmhurst
1679	2017-04-25	563003	18:35:00	Pedestrian	1	NA	FALSE	FALSE	1	ACADEMY AVE	CHALKSTONE AVE	2017-04-25	Two-Way , Not Divided	Wet	Daylight	Rain	Not a Collision Between Two Motor Vehicles in Transport	No	Traffic Control Signal	3	1	Pain Reported	NA	41.83243	-71.44453	FALSE	FALSE	Academy Ave and Chalkstone Ave, Providence, RI, USA	Med High	Raw	NA	FALSE	41.83243	-71.44453	2017	April	Mount Pleasant
1677	2017-04-28	563569	00:51:00	Pedestrian	1	NA	FALSE	FALSE	1	STONELAW AVE	SHARON ST	2017-04-28	Two-Way , Not Divided	Dry	Dark - Lighted	Cloudy	Other	No	No Controls	3	0	No Injury	2	41.84682	-71.44274	FALSE	FALSE	Stonelaw Ave and Sharon Street, Providence, RI, USA	Med High	Raw	NA	FALSE	41.84682	-71.44274	2017	April	Elmhurst
1678	2017-04-28	563645	14:40:00	Pedestrian	1	NA	TRUE	FALSE	1	MANTON AVE	FRUIT HILL AVE	2017-04-28	Two-Way , Not Divided	Dry	Daylight	Clear	Not a Collision Between Two Motor Vehicles in Transport	No	Traffic Control Signal	3	0	No Injury	NA	41.83388	-71.46783	FALSE	FALSE	Manton Ave and Fruit Hill Ave, Providence, RI, USA	Med High	Raw	NA	FALSE	41.83388	-71.46783	2017	April	Manton
1676	2017-04-29	564089	16:22:00	Pedestrian	1	NA	FALSE	FALSE	1	895 ELMWOOD AVENUE	NA	2017-04-29	Two-Way , Not Divided	Dry	Daylight	Clear	Not a Collision Between Two Motor Vehicles in Transport	No	No Controls	4	1	Non-Incapacitating	NA	41.7882	-71.42084	TRUE	TRUE	895 Elmwood Avenue, Providence, RI, USA	High	Raw	NA	FALSE	41.7882	-71.42084	2017	April	Elmwood
1675	2017-04-30	564319	11:53:00	Pedestrian	1	NA	FALSE	FALSE	1	CRANSTON ST	HARRISON ST	2017-04-30	Two-Way , Not Divided	Dry	Daylight	Clear	Not a Collision Between Two Motor Vehicles in Transport	No	Stop Signs	3	1	Pain Reported	NA	41.81305	-71.42872	FALSE	FALSE	Cranston Street and Harrison Street, Providence, RI, USA	Med High	Raw	NA	FALSE	41.81305	-71.42872	2017	April	West End