row_number	crash_date	crash_report_id	crash_time	collision_type	count_pedestrian	count_bicycle	scooter	wheel_chair	number_of_vehicles	street_or_highway	nearest_intersection	report_date	type_of_roadway	road_surface_condition	light_condition	weather_condition	manner_of_impact	hit_and_run	traffic_control	person_count	injury_count	most_serious_injury	number_of_lanes	lat_raw	lon_raw	has_st_number	is_intersection_null	address_sent_to_geocoder	api_coord_conf	best_coordinate_set	reason_for_qa	manually_qaed_record	final_lat	final_lon	year	month	pvd_nhood
1611	2017-07-04	589805	23:33:00	Pedestrian	2	NA	FALSE	FALSE	1	OSBORN ST	CHALKSTONE AVE	2017-07-05	Two-Way , Not Divided	Dry	Dark - Lighted	Clear	Not a Collision Between Two Motor Vehicles in Transport	No	No Controls	4	2	Non-Incapacitating	NA	41.83759	-71.42538	FALSE	FALSE	Osborn Street and Chalkstone Ave, Providence, RI, USA	Med High	Geocoded	distance greater than 100m	TRUE	41.8355026	-71.4246148	2017	July	Smith Hill
1610	2017-07-05	590158	16:52:00	Bicycle	NA	1	FALSE	FALSE	1	PLEASANT VALLEY PKWY	SHARON ST	2017-07-05	Two-Way , Not Divided	Dry	Daylight	Clear	Not a Collision Between Two Motor Vehicles in Transport	No	No Controls	4	1	Pain Reported	NA	41.83521	-71.44103	FALSE	FALSE	Pleasant Valley Pkwy and Sharon Street, Providence, RI, USA	Med High	Raw	NA	FALSE	41.83521	-71.44103	2017	July	Elmhurst
1607	2017-07-06	590468	17:32:00	Pedestrian	1	NA	FALSE	FALSE	1	W EXCHANGE ST	W EXCHANGE ST EXIT 22A	2017-07-06	One-Way Trafficway	Dry	Daylight	Clear	Rear - to - Side	No	Traffic Control Signal	3	1	Pain Reported	NA	41.82485	-71.41611	FALSE	FALSE	W Exchange Street and W Exchange St Exit 22a, Providence, RI, USA	Med	Raw	distance greater than 100m	TRUE	41.82485	-71.41611	2017	July	Downtown
1608	2017-07-06	590547	22:15:00	Pedestrian	1	NA	FALSE	TRUE	1	DOUGLAS AVE	PUMGANSETT ST	2017-07-07	Two-Way , Not Divided	Dry	Dark - Lighted	Clear	Other	No	No Controls	3	1	Non-Incapacitating	2	41.83977	-71.4263	FALSE	FALSE	Douglas Ave and Pumgansett Street, Providence, RI, USA	Med High	Raw	NA	FALSE	41.83977	-71.4263	2017	July	Smith Hill
1609	2017-07-06	590681	NA	Pedestrian	1	NA	FALSE	FALSE	1	343 BROAD ST	BROAD ST	2017-07-07	Two-Way , Not Divided	Dry	Dark - Lighted	Clear	Not a Collision Between Two Motor Vehicles in Transport	Yes	No Controls	2	1	Pain Reported	NA	41.81402	-71.42137	TRUE	FALSE	343 Broad Street, Providence, RI, USA	High	Raw	NA	FALSE	41.81402	-71.42137	2017	July	West End
1606	2017-07-08	590953	12:44:00	Pedestrian	1	NA	FALSE	FALSE	1	BROADWAY	DEAN ST	2017-07-08	Two-Way , Not Divided	Dry	Daylight	Clear	Not a Collision Between Two Motor Vehicles in Transport	No	No Controls	4	1	Pain Reported	NA	41.82132	-71.4229	FALSE	FALSE	Broadway and Dean Street, Providence, RI, USA	Med	Raw	NA	FALSE	41.82132	-71.4229	2017	July	Federal Hill
1605	2017-07-09	591224	22:39:00	Pedestrian	1	NA	FALSE	FALSE	1	BROADWAY	VINTON ST	2017-07-09	Two-Way, Divided, Unprotected (painted>4feet) Medium	Dry	Dark - Lighted	Clear	Not a Collision Between Two Motor Vehicles in Transport	No	No Controls	3	1	Pain Reported	NA	41.82007	-71.42819	FALSE	FALSE	Broadway and Vinton Street, Providence, RI, USA	Med	Raw	NA	FALSE	41.82007	-71.42819	2017	July	Federal Hill
1604	2017-07-12	591972	17:13:00	Pedestrian	1	NA	FALSE	FALSE	1	BROAD ST	EARLY ST	2017-07-12	Two-Way , Not Divided	Wet	Daylight	Rain	Not a Collision Between Two Motor Vehicles in Transport	No	No Controls	3	1	Pain Reported	NA	41.79542	-71.41121	FALSE	FALSE	Broad Street and Early Street, Providence, RI, USA	Med	Raw	NA	FALSE	41.79542	-71.41121	2017	July	Elmwood
1603	2017-07-14	592392	21:34:00	Pedestrian	1	NA	FALSE	FALSE	1	CHALKSTONE AVE	DOUGLAS AVE	2017-07-14	Two-Way , Not Divided	Dry	Dark - Lighted	Clear	Other	No	No Controls	5	1	Pain Reported	NA	41.83625	-71.42075	FALSE	FALSE	Chalkstone Ave and Douglas Ave, Providence, RI, USA	Med High	Raw	NA	FALSE	41.83625	-71.42075	2017	July	Smith Hill
1602	2017-07-15	592555	18:27:00	Bicycle	NA	1	FALSE	FALSE	1	PUBLIC ST	PRAIRIE AVE	2017-07-15	Two-Way , Not Divided	Dry	Daylight	Clear	Other	Yes	Traffic Control Signal	2	1	Pain Reported	NA	41.80556	-71.41481	FALSE	FALSE	Public Street and Prairie Ave, Providence, RI, USA	Med High	Raw	NA	FALSE	41.80556	-71.41481	2017	July	Upper South Providence
1600	2017-07-16	592707	11:39:00	Bicycle	NA	1	FALSE	FALSE	1	N MAIN ST	CEMETERY ST	2017-07-16	Two-Way , Not Divided	Dry	Daylight	Clear	Not a Collision Between Two Motor Vehicles in Transport	No	Traffic Control Signal	4	1	Pain Reported	NA	41.84681	-71.40519	FALSE	FALSE	N Main Street and Cemetery Street, Providence, RI, USA	Med	Raw	distance greater than 100m	TRUE	41.84681	-71.40519	2017	July	Mount Hope
1601	2017-07-16	592765	15:21:00	Pedestrian	1	NA	FALSE	FALSE	1	DOUGLAS AVE	DOUGLAS AVE	2017-07-16	Two-Way , Not Divided	Dry	Daylight	Clear	Not a Collision Between Two Motor Vehicles in Transport	No	No Controls	2	1	Pain Reported	NA	41.83717	-71.4223	FALSE	FALSE	Douglas Ave and Douglas Ave, Providence, RI, USA	Med High	Raw	distance greater than 100m	TRUE	41.83717	-71.4223	2017	July	Smith Hill
1599	2017-07-19	593649	10:07:00	Pedestrian	1	NA	FALSE	FALSE	1	978 Manton Ave	HERSCHEL ST	2017-07-19	Two-Way , Not Divided	Dry	Daylight	Clear	Not a Collision Between Two Motor Vehicles in Transport	Yes	No Controls	3	1	Pain Reported	2	41.83335	-71.46952	TRUE	FALSE	978 Manton Ave, Providence, RI, USA	High	Raw	NA	FALSE	41.83335	-71.46952	2017	July	Manton
1598	2017-07-20	594468	17:48:00	Bicycle	NA	1	FALSE	FALSE	1	WESTMINSTER ST	BARTON ST	2017-07-20	Two-Way , Not Divided	Wet	Daylight	Rain	Not a Collision Between Two Motor Vehicles in Transport	No	Traffic Control Signal	2	1	Pain Reported	NA	41.81592	-71.43653	FALSE	FALSE	Westminster Street and Barton Street, Providence, RI, USA	Med High	Raw	NA	FALSE	41.81592	-71.43653	2017	July	West End
1597	2017-07-23	595305	21:01:00	Bicycle	NA	1	FALSE	FALSE	1	Cranston Street	WALDO ST	2017-07-24	Two-Way, Divided, Unprotected (painted>4feet) Medium	Dry	Dark - Lighted	Cloudy	Not a Collision Between Two Motor Vehicles in Transport	Yes	No Controls	1	1	Pain Reported	NA	41.80634	-71.4363	FALSE	FALSE	Cranston Street and Waldo Street, Providence, RI, USA	Med High	Raw	NA	FALSE	41.80634	-71.4363	2017	July	West End
1595	2017-07-24	595568	13:53:00	Pedestrian	1	NA	FALSE	FALSE	1	DEXTER ST	POTTERS AVE	2017-07-24	Two-Way , Not Divided	Wet	Daylight	Rain	Not a Collision Between Two Motor Vehicles in Transport	No	No Controls	2	1	Pain Reported	NA	41.80187	-71.43094	FALSE	FALSE	Dexter Street and Potters Ave, Providence, RI, USA	Med High	Raw	NA	FALSE	41.80187	-71.43094	2017	July	West End
1596	2017-07-24	595747	19:29:00	Pedestrian	1	NA	FALSE	FALSE	1	244 UNION AVE	NA	2017-07-24	Two-Way , Not Divided	Wet	Dusk	Rain	Not a Collision Between Two Motor Vehicles in Transport	Yes	No Controls	2	1	Pain Reported	2	41.80752	-71.44491	TRUE	TRUE	244 Union Ave, Providence, RI, USA	High	Raw	NA	FALSE	41.80752	-71.44491	2017	July	Silver Lake
1594	2017-07-25	595993	01:00:00	Bicycle	NA	1	FALSE	FALSE	1	SERVICE ROAD 3	WESTMINSTER ST	2017-07-25	Two-Way , Not Divided	Wet	Dark - Lighted	Rain	Not a Collision Between Two Motor Vehicles in Transport	No	Stop Signs	3	1	Pain Reported	NA	41.81632	-71.44059	FALSE	FALSE	Service Road 3 and Westminster Street, Providence, RI, USA	Med High	Raw	distance greater than 100m	TRUE	41.81632	-71.44059	2017	July	Olneyville
1593	2017-07-26	596415	15:58:00	Bicycle	NA	1	FALSE	FALSE	1	TRASK ST	EDDY ST	2017-07-26	Two-Way , Not Divided	Dry	Daylight	Clear	Other	Yes	No Controls	2	1	Pain Reported	NA	41.8052	-71.40714	FALSE	FALSE	Trask Street and Eddy Street, Providence, RI, USA	Med High	Raw	NA	FALSE	41.8052	-71.40714	2017	July	Lower South Providence
1591	2017-07-27	596853	14:59:00	Other	NA	1	TRUE	FALSE	1	Hartford Ave	EDNA ST	2017-07-27	Two-Way, Divided, Unprotected (painted>4feet) Medium	Wet	Daylight	Cloudy	Angle (Front - to - Side) Right Angle (Includes Broadside)	No	No Controls	3	1	Pain Reported	NA	41.81685	-71.4455	FALSE	FALSE	Hartford Ave and Edna Street, Providence, RI, USA	Med High	Raw	NA	FALSE	41.81685	-71.4455	2017	July	Olneyville
1592	2017-07-27	597125	21:20:00	Bicycle	NA	1	FALSE	FALSE	1	NEWARK ST	ACADEMY AVE	2017-07-27	Two-Way , Not Divided	Dry	Dark - Lighted	Clear	Other	No	No Controls	2	1	Pain Reported	NA	41.8254	-71.44256	FALSE	FALSE	Newark Street and Academy Ave, Providence, RI, USA	Med High	Raw	NA	FALSE	41.8254	-71.44256	2017	July	Valley
1590	2017-07-28	597200	09:57:00	Bicycle	NA	1	FALSE	FALSE	2	OLNEYVILLE SQ	MANTON AVE	2017-07-28	Two-Way , Not Divided	Dry	Daylight	Clear	Angle (Front - to - Side) Same Direction	Yes	Traffic Control Signal	1	1	Pain Reported	NA	41.81676	-71.44324	FALSE	FALSE	Olneyville Sq and Manton Ave, Providence, RI, USA	Med	Raw	NA	FALSE	41.81676	-71.44324	2017	July	Olneyville
1589	2017-07-30	597822	19:35:00	Bicycle	NA	NA	FALSE	FALSE	2	HOPE ST	BLACKSTONE BLVD	2017-07-30	Two-Way , Not Divided	Dry	Daylight	Clear	Rear End(Front-to-Rear)	Yes	No Controls	4	2	Pain Reported	2	41.85622	-71.39145	FALSE	FALSE	Hope Street and Blackstone Blvd, Providence, RI, USA	Med High	Raw	NA	FALSE	41.85622	-71.39145	2017	July	Hope
1588	2017-08-01	598305	11:55:00	Pedestrian	1	NA	FALSE	FALSE	1	N MAIN ST	WALGREENS PHARMACY PARKING LOT	2017-08-01	Unknown	Dry	Daylight	Clear	Not a Collision Between Two Motor Vehicles in Transport	No	No Controls	4	1	Pain Reported	NA	41.85174	-71.40213	FALSE	FALSE	N Main Street and Walgreens Pharmacy Parking Lot, Providence, RI, USA	Med	Raw	distance greater than 100m	TRUE	41.85174	-71.40213	2017	August	Hope
1587	2017-08-03	599527	12:00:00	Pedestrian	1	NA	FALSE	FALSE	1	BARROWS ST	HARLAM ST	2017-08-03	Two-Way, Divided, Unprotected (painted>4feet) Medium	Dry	Daylight	Clear	Other	No	No Controls	3	1	Pain Reported	NA	41.81226	-71.45721	FALSE	FALSE	Barrows Street and Harlam Street, Providence, RI, USA	Med High	Raw	NA	FALSE	41.81226	-71.45721	2017	August	Silver Lake
1586	2017-08-04	599821	19:19:00	Bicycle	NA	1	FALSE	FALSE	1	CARPENTER ST	DEAN ST	2017-08-04	Two-Way , Not Divided	Dry	Daylight	Clear	Not a Collision Between Two Motor Vehicles in Transport	No	Stop Signs	3	0	No Injury	NA	41.82061	-71.42189	FALSE	FALSE	Carpenter Street and Dean Street, Providence, RI, USA	Med High	Raw	NA	FALSE	41.82061	-71.42189	2017	August	Federal Hill
1583	2017-08-05	599944	02:26:00	Pedestrian	1	NA	FALSE	FALSE	1	BROAD ST	HARVARD AVE	2017-08-05	Two-Way , Not Divided	Dry	Dark - Lighted	Cloudy	Other	Yes	No Controls	3	1	Incapacitating	NA	41.80872	-71.42072	FALSE	FALSE	Broad Street and Harvard Ave, Providence, RI, USA	Med	Raw	NA	FALSE	41.80872	-71.42072	2017	August	Elmwood
1584	2017-08-05	600049	14:17:00	Pedestrian	1	NA	FALSE	FALSE	1	24 Corliss St	CHARLES ST	2017-08-05	One-Way Trafficway	Dry	Daylight	Clear	Not a Collision Between Two Motor Vehicles in Transport	Yes	Stop Signs	1	1	Pain Reported	1	41.84008	-71.41313	TRUE	FALSE	24 Corliss Street, Providence, RI, USA	High	Raw	NA	FALSE	41.84008	-71.41313	2017	August	Mount Hope
1585	2017-08-05	600073	16:49:00	Bicycle	NA	1	FALSE	FALSE	1	Academy Ave/Dover St	ACADEMY AVE	2017-08-05	Two-Way , Not Divided	Wet	Daylight	Rain	Not a Collision Between Two Motor Vehicles in Transport	No	Stop Signs	3	1	Pain Reported	NA	41.83004	-71.44416	FALSE	FALSE	Academy Ave/Dover Street and Academy Ave, Providence, RI, USA	Med High	Raw	NA	FALSE	41.83004	-71.44416	2017	August	Mount Pleasant
1582	2017-08-07	600485	13:25:00	Bicycle	NA	1	FALSE	FALSE	1	BROAD ST	OXFORD ST	2017-08-07	Two-Way, Divided, Unprotected (painted>4feet) Medium	Dry	Daylight	Clear	Angle (Front - to - Side) Right Angle (Includes Broadside)	No	Traffic Control Signal	4	1	Pain Reported	NA	41.80042	-71.41741	FALSE	FALSE	Broad Street and Oxford Street, Providence, RI, USA	Med	Raw	NA	FALSE	41.80042	-71.41741	2017	August	Elmwood
1578	2017-08-09	601584	06:52:00	Bicycle	NA	1	FALSE	FALSE	1	RIVER AVE	EATON ST	2017-08-09	Two-Way , Not Divided	Dry	Daylight	Clear	Angle (Front - to - Side) Same Direction	No	Traffic Control Signal	2	1	Pain Reported	NA	41.84309	-71.4405	FALSE	FALSE	River Ave and Eaton Street, Providence, RI, USA	Med High	Raw	NA	FALSE	41.84309	-71.4405	2017	August	Elmhurst
1579	2017-08-09	601758	13:40:00	Pedestrian	1	NA	FALSE	FALSE	1	HARTFORD AVE	BODELL AVE	2017-08-09	Two-Way, Divided, Unprotected (painted>4feet) Medium	Dry	Daylight	Clear	Not a Collision Between Two Motor Vehicles in Transport	No	Traffic Control Signal	4	1	Fatal	NA	41.81763	-71.45362	FALSE	FALSE	Hartford Ave and Bodell Ave, Providence, RI, USA	Med High	Raw	NA	FALSE	41.81763	-71.45362	2017	August	Hartford
1580	2017-08-09	601836	22:02:00	Pedestrian	1	NA	FALSE	FALSE	1	FRANCIS ST	Finance Way	2017-08-09	Two-Way , Not Divided	Dry	Dark - Lighted	Clear	Not a Collision Between Two Motor Vehicles in Transport	No	Traffic Control Signal	5	1	Pain Reported	4	41.82747	-71.4154	FALSE	FALSE	Francis Street and Finance Way, Providence, RI, USA	Med	Raw	NA	FALSE	41.82747	-71.4154	2017	August	Downtown
1581	2017-08-09	601842	23:51:00	Pedestrian	1	NA	FALSE	FALSE	1	105 SISSON ST	ACTINIA ST	2017-08-10	Unknown	Dry	Dark - Lighted	Clear	Not a Collision Between Two Motor Vehicles in Transport	Yes	No Controls	2	0	No Injury	NA	41.82846	-71.45537	TRUE	FALSE	105 Sisson Street, Providence, RI, USA	High	Raw	NA	FALSE	41.82846	-71.45537	2017	August	Mount Pleasant
1577	2017-08-10	602192	21:55:00	Bicycle	NA	1	FALSE	FALSE	1	MANTON AVE	SALMON ST	2017-08-10	Two-Way , Not Divided	Dry	Dark - Lighted	Clear	Not a Collision Between Two Motor Vehicles in Transport	No	Traffic Control Signal	2	1	Pain Reported	NA	41.82524	-71.45427	FALSE	FALSE	Manton Ave and Salmon Street, Providence, RI, USA	Med High	Raw	NA	FALSE	41.82524	-71.45427	2017	August	Olneyville
1575	2017-08-12	602850	06:45:00	Pedestrian	1	NA	FALSE	FALSE	1	Amtrak railroad track	ricom way	2017-08-12	Unknown	Wet	Daylight	Clear	Not a Collision Between Two Motor Vehicles in Transport	No	Warning Signs	3	1	Incapacitating	NA	41.81093	-71.44223	FALSE	FALSE	Amtrak Railroad Track and Ricom Way, Providence, RI, USA	Med	Raw	NA	FALSE	41.81093	-71.44223	2017	August	Silver Lake
1576	2017-08-12	602970	15:20:00	Bicycle	NA	1	FALSE	FALSE	1	1280 BROAD ST	VERNDALE ST	2017-08-12	Two-Way , Not Divided	Dry	Daylight	Clear	Not a Collision Between Two Motor Vehicles in Transport	No	No Controls	2	0	No Injury	NA	41.79188	-71.40682	TRUE	FALSE	1280 Broad Street, Providence, RI, USA	High	Raw	NA	FALSE	41.79188	-71.40682	2017	August	Washington Park
1574	2017-08-15	604280	19:52:00	Bicycle	NA	1	FALSE	FALSE	1	Broadway	WESTMINSTER ST	2017-08-15	Two-Way, Divided, Unprotected (painted>4feet) Medium	Dry	Dark - Lighted	Clear	Other	Yes	Traffic Control Signal	2	1	Pain Reported	NA	41.81675	-71.44128	FALSE	FALSE	Broadway and Westminster Street, Providence, RI, USA	Med	Raw	NA	FALSE	41.81675	-71.44128	2017	August	Olneyville
1573	2017-08-16	604855	15:31:00	Pedestrian	1	NA	FALSE	FALSE	1	100 FRANCIS ST	NA	2017-08-16	Two-Way , Not Divided	Dry	Daylight	Clear	Not a Collision Between Two Motor Vehicles in Transport	Yes	No Controls	1	1	Pain Reported	NA	41.82971	-71.41594	TRUE	TRUE	100 Francis Street, Providence, RI, USA	High	Raw	distance greater than 100m	TRUE	41.82971	-71.41594	2017	August	Downtown
1572	2017-08-17	605505	19:38:00	Bicycle	1	NA	FALSE	FALSE	1	CHARLES ST	NAHANT ST	2017-08-17	Two-Way , Not Divided	Dry	Dusk	Clear	Not a Collision Between Two Motor Vehicles in Transport	No	No Controls	3	1	Non-Incapacitating	NA	41.85276	-71.42037	FALSE	FALSE	Charles Street and Nahant Street, Providence, RI, USA	Med	Raw	NA	FALSE	41.85276	-71.42037	2017	August	Charles
1571	2017-08-19	606201	09:50:00	Bicycle	NA	1	FALSE	FALSE	1	BROAD ST	HAWTHORNE AVE	2017-08-19	Two-Way , Not Divided	Dry	Daylight	Clear	Not a Collision Between Two Motor Vehicles in Transport	No	Traffic Control Signal	4	0	No Injury	NA	41.79287	-71.40805	FALSE	FALSE	Broad Street and Hawthorne Ave, Providence, RI, USA	Med	Raw	NA	FALSE	41.79287	-71.40805	2017	August	South Elmwood
1570	2017-08-21	607678	17:50:00	Bicycle	NA	1	FALSE	FALSE	1	REYNOLDS AVE	GORDON AVE	2017-08-21	Two-Way , Not Divided	Dry	Daylight	Clear	Sidwswipe, Opposite Direction	No	No Controls	2	0	No Injury	NA	41.80438	-71.41611	FALSE	FALSE	Reynolds Ave and Gordon Ave, Providence, RI, USA	Med High	Raw	NA	FALSE	41.80438	-71.41611	2017	August	Lower South Providence
1568	2017-08-22	608059	17:16:00	Bicycle	NA	1	FALSE	FALSE	1	WICKENDEN ST	BROOK ST	2017-08-22	Two-Way , Not Divided	Dry	Daylight	Clear	Not a Collision Between Two Motor Vehicles in Transport	No	Traffic Control Signal	3	1	Pain Reported	NA	41.81947	-71.39831	FALSE	FALSE	Wickenden Street and Brook Street, Providence, RI, USA	Med High	Raw	NA	FALSE	41.81947	-71.39831	2017	August	Fox Point
1569	2017-08-22	608412	19:11:00	Bicycle	NA	1	FALSE	FALSE	1	CUSHING ST	BROOK ST	2017-08-22	Two-Way , Not Divided	Dry	Daylight	Clear	Other	No	Stop Signs	4	1	Non-Incapacitating	2	41.83011	-71.39971	FALSE	FALSE	Cushing Street and Brook Street, Providence, RI, USA	Med High	Raw	NA	FALSE	41.83011	-71.39971	2017	August	College Hill
1566	2017-08-24	608931	14:09:00	Bicycle	NA	1	FALSE	FALSE	1	ATWELLS AVE	EUTAW ST	2017-08-24	Two-Way , Not Divided	Dry	Daylight	Clear	Not a Collision Between Two Motor Vehicles in Transport	Yes	No Controls	2	1	Non-Incapacitating	NA	41.82352	-71.42591	FALSE	FALSE	Atwells Ave and Eutaw Street, Providence, RI, USA	Med High	Raw	NA	FALSE	41.82352	-71.42591	2017	August	Federal Hill
1567	2017-08-24	609208	22:47:00	Pedestrian	1	NA	FALSE	FALSE	1	cranston st	BURGESS ST	2017-08-25	Two-Way , Not Divided	Dry	Dark - Lighted	Clear	Not a Collision Between Two Motor Vehicles in Transport	No	Pavement Markings	3	0	No Injury	2	41.81518	-71.42502	FALSE	FALSE	Cranston Street and Burgess Street, Providence, RI, USA	Med	Raw	distance greater than 100m	TRUE	41.81518	-71.42502	2017	August	West End
1565	2017-08-27	610375	19:00:00	Bicycle	NA	1	FALSE	FALSE	1	FRANCIS ST	GASPEE ST	2017-08-27	Two-Way, Not Divided With a Continuous Left Turn Lane	Dry	Dusk	Clear	Rear End(Front-to-Rear)	Yes	No Controls	1	0	No Injury	NA	41.82916	-71.41506	FALSE	FALSE	Francis Street and Gaspee Street, Providence, RI, USA	Med	Raw	distance greater than 100m	TRUE	41.82916	-71.41506	2017	August	Downtown
1564	2017-08-28	610604	14:04:00	Pedestrian	1	NA	FALSE	FALSE	1	ATWELLS AVE	DEAN ST	2017-08-28	Two-Way, Divided, Unprotected (painted>4feet) Medium	Dry	Daylight	Clear	Not a Collision Between Two Motor Vehicles in Transport	No	Traffic Control Signal	3	1	Pain Reported	NA	41.82339	-71.4242	FALSE	FALSE	Atwells Ave and Dean Street, Providence, RI, USA	Med High	Raw	NA	FALSE	41.82339	-71.4242	2017	August	Federal Hill
1563	2017-08-29	611281	20:16:00	Pedestrian	1	NA	FALSE	FALSE	1	HARTFORD AVE	GLENBRIDGE AVE	2017-08-29	Two-Way , Not Divided	Dry	Dark - Lighted	Clear	Not a Collision Between Two Motor Vehicles in Transport	No	Traffic Control Signal	3	1	Pain Reported	2	41.81898	-71.46162	FALSE	FALSE	Hartford Ave and Glenbridge Ave, Providence, RI, USA	Med High	Raw	NA	FALSE	41.81898	-71.46162	2017	August	Hartford
1562	2017-09-01	613563	22:37:00	Pedestrian	1	NA	FALSE	FALSE	1	LENOX AVE	MELROSE ST	2017-09-01	Two-Way , Not Divided	Dry	Dark - Lighted	Clear	Not a Collision Between Two Motor Vehicles in Transport	No	No Controls	4	1	Pain Reported	1	41.79617	-71.42166	FALSE	FALSE	Lenox Ave and Melrose Street, Providence, RI, USA	Med High	Raw	NA	FALSE	41.79617	-71.42166	2017	September	Elmwood
1561	2017-09-05	615787	20:20:00	Pedestrian	1	NA	FALSE	FALSE	1	Manton Ave	Olneyville Square	2017-09-05	Two-Way, Divided, Positive Median Barrier	Dry	Dark - Lighted	Clear	Not a Collision Between Two Motor Vehicles in Transport	Yes	No Controls	3	1	Incapacitating	NA	41.81677	-71.44355	FALSE	FALSE	Manton Ave and Olneyville Square, Providence, RI, USA	Med	Raw	NA	FALSE	41.81677	-71.44355	2017	September	Olneyville
1560	2017-09-06	615884	07:07:00	Pedestrian	1	NA	FALSE	FALSE	1	EMPIRE ST	CHAPEL ST	2017-09-06	Two-Way , Not Divided	Dry	Daylight	Cloudy	Not a Collision Between Two Motor Vehicles in Transport	No	No Controls	2	1	Non-Incapacitating	NA	41.82072	-71.415	FALSE	FALSE	Empire Street and Chapel Street, Providence, RI, USA	Med High	Raw	NA	FALSE	41.82072	-71.415	2017	September	Downtown
1559	2017-09-08	617447	16:47:00	Pedestrian	1	NA	FALSE	FALSE	1	EXIT 22A (RT )	FRANCIS ST	2017-09-08	Two-Way , Not Divided	Dry	Daylight	Clear	Other	No	Traffic Control Signal	5	1	Pain Reported	NA	41.82577	-71.41527	FALSE	FALSE	Exit 22a (Rt ) and Francis Street, Providence, RI, USA	Med	Raw	distance greater than 100m	TRUE	41.82577	-71.41527	2017	September	Downtown
1558	2017-09-09	617696	15:04:00	Bicycle	NA	1	FALSE	FALSE	1	Grand St	POTTERS AVE	2017-09-09	Two-Way , Not Divided	Dry	Daylight	Clear	Angle (Front - to - Side) Same Direction	Yes	No Controls	3	1	Pain Reported	NA	41.80295	-71.4319	FALSE	FALSE	Grand Street and Potters Ave, Providence, RI, USA	Med High	Raw	NA	FALSE	41.80295	-71.4319	2017	September	West End
1556	2017-09-10	618207	14:09:00	Bicycle	NA	1	FALSE	FALSE	1	RANKIN STREET	WHITFORD STREET	2017-09-10	Two-Way , Not Divided	Dry	Daylight	Clear	Not a Collision Between Two Motor Vehicles in Transport	No	Stop Signs	3	1	Pain Reported	NA	41.8386	-71.43575	FALSE	FALSE	Rankin Street and Whitford Street, Providence, RI, USA	Med	Geocoded	distance greater than 100m	TRUE	41.839134	-71.441124	2017	September	Elmhurst
1557	2017-09-10	618417	16:34:00	Pedestrian	1	NA	FALSE	FALSE	1	217 Hanover St	CRANSTON ST	2017-09-10	Two-Way , Not Divided	Dry	Daylight	Clear	Not a Collision Between Two Motor Vehicles in Transport	No	No Controls	2	1	Pain Reported	NA	41.8094	-71.4333	TRUE	FALSE	217 Hanover Street, Providence, RI, USA	High	Raw	NA	FALSE	41.8094	-71.4333	2017	September	West End
1555	2017-09-11	619034	19:20:00	Bicycle	1	1	FALSE	FALSE	1	chapin ave	ELLERY ST	2017-09-11	Two-Way , Not Divided	Dry	Dawn	Clear	Sidwswipe, Opposite Direction	Yes	No Controls	3	0	No Injury	NA	41.81188	-71.43817	FALSE	FALSE	Chapin Ave and Ellery Street, Providence, RI, USA	Med High	Raw	NA	FALSE	41.81188	-71.43817	2017	September	West End
1553	2017-09-12	619234	07:40:00	Bicycle	NA	1	FALSE	FALSE	1	POTTERS AVE	CRANSTON ST	2017-09-12	Two-Way , Not Divided	Dry	Daylight	Clear	Not a Collision Between Two Motor Vehicles in Transport	No	Other	4	1	Pain Reported	NA	41.80502	-71.4377	FALSE	FALSE	Potters Ave and Cranston Street, Providence, RI, USA	Med High	Raw	NA	FALSE	41.80502	-71.4377	2017	September	West End
1554	2017-09-12	619243	09:22:00	Bicycle	NA	1	FALSE	FALSE	1	CRARY STREET	EDDY STREET	2017-09-12	One-Way Trafficway	Dry	Daylight	Clear	Not a Collision Between Two Motor Vehicles in Transport	No	Traffic Control Signal	3	1	Pain Reported	2	41.82004	-71.43725	FALSE	FALSE	Crary Street and Eddy Street, Providence, RI, USA	Med	Neither	distance greater than 100m	TRUE	41.81229	-71.407093	2017	September	Upper South Providence
1548	2017-09-15	620596	09:05:00	Bicycle	NA	1	FALSE	FALSE	1	CARRINGTON AVE	HOPE ST	2017-09-15	Two-Way, Divided, Unprotected (painted>4feet) Medium	Dry	Daylight	Clear	Other	Yes	No Controls	2	1	Non-Incapacitating	NA	41.83658	-71.40118	FALSE	FALSE	Carrington Ave and Hope Street, Providence, RI, USA	Med High	Raw	NA	FALSE	41.83658	-71.40118	2017	September	Mount Hope
1549	2017-09-15	620603	09:07:00	Bicycle	NA	1	FALSE	FALSE	1	WARRINGTON AVE	ELMWOOD AVE	2017-09-15	Two-Way, Divided, Positive Median Barrier	Dry	Daylight	Clear	Angle (Front - to - Side) Right Angle (Includes Broadside)	No	Stop Signs	3	1	Pain Reported	NA	41.82267	-71.46053	FALSE	FALSE	Warrington Ave and Elmwood Ave, Providence, RI, USA	Med High	Geocoded	distance greater than 100m	TRUE	41.7933302	-71.4236779	2017	September	Elmwood
1550	2017-09-15	620624	10:53:00	Bicycle	NA	1	FALSE	FALSE	1	ELMWOOD AVE	PEACE ST	2017-09-15	Two-Way, Divided, Unprotected (painted>4feet) Medium	Dry	Daylight	Clear	Not a Collision Between Two Motor Vehicles in Transport	Yes	Traffic Control Signal	1	1	Pain Reported	NA	41.80655	-71.42494	FALSE	FALSE	Elmwood Ave and Peace Street, Providence, RI, USA	Med High	Raw	NA	FALSE	41.80655	-71.42494	2017	September	West End