row_number	crash_date	crash_report_id	crash_time	collision_type	count_pedestrian	count_bicycle	scooter	wheel_chair	number_of_vehicles	street_or_highway	nearest_intersection	report_date	type_of_roadway	road_surface_condition	light_condition	weather_condition	manner_of_impact	hit_and_run	traffic_control	person_count	injury_count	most_serious_injury	number_of_lanes	lat_raw	lon_raw	has_st_number	is_intersection_null	address_sent_to_geocoder	api_coord_conf	best_coordinate_set	reason_for_qa	manually_qaed_record	final_lat	final_lon	year	month	pvd_nhood
1551	2017-09-15	620685	14:32:00	Pedestrian	1	NA	FALSE	FALSE	1	Pleasant Valley Pkwy	Valley Street	2017-09-15	One-Way Trafficway	Dry	Daylight	Clear	Not a Collision Between Two Motor Vehicles in Transport	No	No Controls	3	1	Pain Reported	NA	41.83076	-71.4281	FALSE	FALSE	Pleasant Valley Pkwy and Valley Street, Providence, RI, USA	Med High	Raw	NA	FALSE	41.83076	-71.4281	2017	September	Valley
1552	2017-09-15	620994	20:11:00	Bicycle	NA	1	FALSE	FALSE	1	EXIT 22A (RT )	FRANCIS ST	2017-09-15	One-Way Trafficway	Dry	Dark - Lighted	Clear	Other	No	Traffic Control Signal	2	1	Pain Reported	NA	41.82577	-71.41527	FALSE	FALSE	Exit 22a (Rt ) and Francis Street, Providence, RI, USA	Med	Raw	distance greater than 100m	TRUE	41.82577	-71.41527	2017	September	Downtown
1545	2017-09-16	621159	01:52:00	Bicycle	NA	1	FALSE	FALSE	2	PUTNAM ST	HALE ST	2017-09-16	Two-Way , Not Divided	Dry	Dark - Lighted	Clear	Not a Collision Between Two Motor Vehicles in Transport	No	No Controls	4	1	Incapacitating	NA	41.82384	-71.44389	FALSE	FALSE	Putnam Street and Hale Street, Providence, RI, USA	Med High	Raw	NA	FALSE	41.82384	-71.44389	2017	September	Olneyville
1546	2017-09-16	621490	18:35:00	Bicycle	NA	1	FALSE	FALSE	1	HUNTINGTON AVE	PLYMOUTH ST	2017-09-16	Two-Way , Not Divided	Dry	Dusk	Clear	Sidwswipe, Opposite Direction	No	Stop Signs	3	1	Pain Reported	NA	41.80115	-71.43221	FALSE	FALSE	Huntington Ave and Plymouth Street, Providence, RI, USA	Med High	Raw	NA	FALSE	41.80115	-71.43221	2017	September	West End
1547	2017-09-16	621610	19:02:00	Pedestrian	1	NA	FALSE	FALSE	1	Smith Street	Pinehurst Avenue	2017-09-16	Two-Way , Not Divided	Dry	Dark - Lighted	Clear	Not a Collision Between Two Motor Vehicles in Transport	No	No Controls	2	1	Incapacitating	NA	41.8373	-71.43289	FALSE	FALSE	Smith Street and Pinehurst Avenue, Providence, RI, USA	Med High	Raw	NA	FALSE	41.8373	-71.43289	2017	September	Elmhurst
1544	2017-09-17	621639	01:56:00	Pedestrian	1	NA	FALSE	FALSE	1	ATWELLS AVE	EUTAW ST	2017-09-17	Two-Way , Not Divided	Dry	Dark - Lighted	Clear	Not a Collision Between Two Motor Vehicles in Transport	Yes	No Controls	1	0	No Injury	NA	41.82353	-71.42605	FALSE	FALSE	Atwells Ave and Eutaw Street, Providence, RI, USA	Med High	Raw	NA	FALSE	41.82353	-71.42605	2017	September	Federal Hill
1543	2017-09-18	622530	19:24:00	Bicycle	NA	1	FALSE	FALSE	1	Potters Avenue and Broad Street	BROAD ST	2017-09-18	Two-Way , Not Divided	Dry	Dark - Lighted	Clear	Angle (Front - to - Side) Opposite Direction	No	Traffic Control Signal	2	1	Pain Reported	NA	41.80297	-71.41893	FALSE	FALSE	Potters Avenue And Broad Street and Broad Street, Providence, RI, USA	Med High	Raw	NA	FALSE	41.80297	-71.41893	2017	September	Elmwood
1542	2017-09-20	623878	16:50:00	Pedestrian	1	NA	FALSE	FALSE	1	EXCHANGE TER	Dorrance St	2017-09-21	Two-Way, Divided, Positive Median Barrier	Dry	Daylight	Clear	Other	No	Traffic Control Signal	2	1	Pain Reported	NA	41.82503	-71.4148	FALSE	FALSE	Exchange Ter and Dorrance Street, Providence, RI, USA	Med	Raw	distance greater than 100m	TRUE	41.82503	-71.4148	2017	September	Downtown
1540	2017-09-21	623943	11:28:00	Pedestrian	1	NA	FALSE	FALSE	1	Manton Ave	RIDGEWAY AVE	2017-09-21	Two-Way , Not Divided	Dry	Daylight	Clear	Sidwswipe, Opposite Direction	No	No Controls	3	1	Pain Reported	NA	41.82721	-71.46093	FALSE	FALSE	Manton Ave and Ridgeway Ave, Providence, RI, USA	Med High	Raw	NA	FALSE	41.82721	-71.46093	2017	September	Manton
1541	2017-09-21	623974	16:03:00	Bicycle	NA	1	FALSE	FALSE	1	PARK ROW E	CANAL ST	2017-09-21	Two-Way , Not Divided	Dry	Daylight	Clear	Sideswipe, Same Direction	No	No Controls	3	0	No Injury	NA	41.82846	-71.41071	FALSE	FALSE	Park Row E and Canal Street, Providence, RI, USA	Med High	Raw	NA	FALSE	41.82846	-71.41071	2017	September	Downtown
1538	2017-09-22	624629	19:19:00	Pedestrian	1	NA	FALSE	FALSE	1	LINWOOD AVE	DEXTER ST	2017-09-22	Two-Way, Divided, Unprotected (painted>4feet) Medium	Wet	Dark - Lighted	Rain	Not a Collision Between Two Motor Vehicles in Transport	Yes	No Controls	1	1	Pain Reported	NA	41.80536	-71.42958	FALSE	FALSE	Linwood Ave and Dexter Street, Providence, RI, USA	Med High	Raw	NA	FALSE	41.80536	-71.42958	2017	September	West End
1539	2017-09-22	624633	21:34:00	Pedestrian	1	NA	FALSE	FALSE	1	BRADFORD ST	ATWELLS AVE	2017-09-22	Two-Way, Divided, Unprotected (painted>4feet) Medium	Wet	Dark - Lighted	Rain	Not a Collision Between Two Motor Vehicles in Transport	Yes	No Controls	1	1	Pain Reported	NA	41.82323	-71.42178	FALSE	FALSE	Bradford Street and Atwells Ave, Providence, RI, USA	Med High	Raw	NA	FALSE	41.82323	-71.42178	2017	September	Federal Hill
1536	2017-09-23	624829	13:01:00	Pedestrian	1	NA	FALSE	TRUE	1	BROAD ST	SERVICE ROAD 7	2017-09-23	One-Way Trafficway	Dry	Daylight	Clear	Not a Collision Between Two Motor Vehicles in Transport	No	Traffic Control Signal	3	1	Pain Reported	NA	41.81736	-71.41696	FALSE	FALSE	Broad Street and Service Road 7, Providence, RI, USA	Med	Raw	NA	FALSE	41.81736	-71.41696	2017	September	Upper South Providence
1537	2017-09-23	625212	19:39:00	Bicycle	NA	1	FALSE	FALSE	1	1000 Elmwood Ave	ROSE AVE	2017-09-23	Two-Way, Divided, Unprotected (painted>4feet) Medium	Dry	Dark - Lighted	Clear	Not a Collision Between Two Motor Vehicles in Transport	No	No Controls	2	0	No Injury	NA	41.78427	-71.41877	TRUE	FALSE	1000 Elmwood Ave, Providence, RI, USA	High	Raw	distance greater than 100m	TRUE	41.78427	-71.41877	2017	September	South Elmwood
1533	2017-09-24	625705	16:10:00	Bicycle	NA	1	FALSE	FALSE	1	HENDRICK ST	ACADEMY AVE	2017-09-24	Two-Way, Divided, Unprotected (painted>4feet) Medium	Dry	Daylight	Clear	Head-On (Front - to - Front)	Yes	No Controls	1	1	Non-Incapacitating	NA	41.8279	-71.44383	FALSE	FALSE	Hendrick Street and Academy Ave, Providence, RI, USA	Med High	Raw	NA	FALSE	41.8279	-71.44383	2017	September	Mount Pleasant
1534	2017-09-24	625718	18:24:00	Bicycle	NA	1	FALSE	FALSE	1	200 Exchange Street	STILLMAN ST	2017-09-24	Two-Way , Not Divided	Dry	Daylight	Clear	Not a Collision Between Two Motor Vehicles in Transport	No	Stop Signs	3	0	No Injury	NA	41.82778	-71.41276	TRUE	FALSE	200 Exchange Street, Providence, RI, USA	High	Raw	NA	FALSE	41.82778	-71.41276	2017	September	Downtown
1535	2017-09-24	625747	16:15:00	Bicycle	NA	1	FALSE	FALSE	1	VEAZIE ST	DOUGLAS AVE	2017-09-24	Two-Way , Not Divided	Dry	Daylight	Clear	Not a Collision Between Two Motor Vehicles in Transport	No	No Controls	2	1	Non-Incapacitating	2	41.85086	-71.43433	FALSE	FALSE	Veazie Street and Douglas Ave, Providence, RI, USA	Med High	Raw	NA	FALSE	41.85086	-71.43433	2017	September	Wanskuck
1530	2017-09-26	626749	11:10:00	Bicycle	NA	1	FALSE	FALSE	1	LAUREL AVE	ELMGROVE AVE	2017-09-26	Two-Way , Not Divided	Dry	Daylight	Clear	Not a Collision Between Two Motor Vehicles in Transport	No	Stop Signs	5	1	Pain Reported	NA	41.83699	-71.39177	FALSE	FALSE	Laurel Ave and Elmgrove Ave, Providence, RI, USA	Med High	Raw	NA	FALSE	41.83699	-71.39177	2017	September	Blackstone
1531	2017-09-26	626991	18:59:00	Pedestrian	1	NA	FALSE	FALSE	1	HENRIETTA ST	MOY ST	2017-09-26	Two-Way , Not Divided	Dry	Dark - Lighted	Clear	Not a Collision Between Two Motor Vehicles in Transport	No	Stop Signs	4	1	Pain Reported	NA	41.85423	-71.43637	FALSE	FALSE	Henrietta Street and Moy Street, Providence, RI, USA	Med High	Raw	NA	FALSE	41.85423	-71.43637	2017	September	Wanskuck
1532	2017-09-26	627035	17:38:00	Pedestrian	1	NA	FALSE	FALSE	1	ELMA ST	Broad Street	2017-09-26	One-Way Trafficway	Dry	Daylight	Clear	Not a Collision Between Two Motor Vehicles in Transport	Yes	Other	2	1	Pain Reported	NA	41.79693	-71.41298	FALSE	FALSE	Elma Street and Broad Street, Providence, RI, USA	Med High	Raw	NA	FALSE	41.79693	-71.41298	2017	September	Elmwood
1529	2017-09-27	627848	19:13:00	Bicycle	NA	1	FALSE	FALSE	1	KNIGHT ST	WESTMINSTER ST	2017-09-27	Two-Way, Divided, Positive Median Barrier	Dry	Dark - Lighted	Clear	Other	No	Person	3	1	Pain Reported	NA	41.81719	-71.42627	FALSE	FALSE	Knight Street and Westminster Street, Providence, RI, USA	Med High	Raw	NA	FALSE	41.81719	-71.42627	2017	September	Federal Hill
1527	2017-09-28	628264	15:15:00	Pedestrian	1	NA	FALSE	FALSE	1	Smith St	Chalkstone Ave	2017-09-28	Two-Way, Divided, Unprotected (painted>4feet) Medium	Dry	Daylight	Clear	Not a Collision Between Two Motor Vehicles in Transport	Yes	No Controls	1	1	Pain Reported	NA	41.83525	-71.42574	FALSE	FALSE	Smith Street and Chalkstone Ave, Providence, RI, USA	Med High	Raw	NA	FALSE	41.83525	-71.42574	2017	September	Smith Hill
1528	2017-09-28	628267	17:57:00	Pedestrian	1	NA	FALSE	FALSE	1	WESTMINSTER ST	DORRANCE ST	2017-09-28	Two-Way, Divided, Unprotected (painted>4feet) Medium	Dry	Daylight	Clear	Not a Collision Between Two Motor Vehicles in Transport	No	No Controls	4	1	Pain Reported	NA	41.82361	-71.41167	FALSE	FALSE	Westminster Street and Dorrance Street, Providence, RI, USA	Med High	Raw	NA	FALSE	41.82361	-71.41167	2017	September	Downtown
1526	2017-09-30	629027	10:59:00	Bicycle	1	NA	FALSE	FALSE	1	BOND ST	ATWELLS AVE	2017-09-30	Two-Way , Not Divided	Dry	Daylight	Clear	Not a Collision Between Two Motor Vehicles in Transport	No	No Controls	3	0	No Injury	NA	41.82329	-71.42313	FALSE	FALSE	Bond Street and Atwells Ave, Providence, RI, USA	Med	Raw	NA	FALSE	41.82329	-71.42313	2017	September	Federal Hill
1524	2017-10-02	629952	14:37:00	Pedestrian	1	NA	FALSE	FALSE	1	UNION AVE	RT 10 NORTH ON RAMP	2017-10-02	One-Way Trafficway	Dry	Daylight	Clear	Not a Collision Between Two Motor Vehicles in Transport	No	Traffic Control Signal	2	1	Pain Reported	NA	41.8088	-71.44022	FALSE	FALSE	Union Ave and Rt 10 North On Ramp, Providence, RI, USA	Med	Raw	distance greater than 100m	TRUE	41.8088	-71.44022	2017	October	West End
1525	2017-10-02	630136	15:10:00	Pedestrian	1	NA	FALSE	FALSE	1	Broad St	THURBERS AVE	2017-10-02	Two-Way , Not Divided	Dry	Daylight	Clear	Not a Collision Between Two Motor Vehicles in Transport	No	Traffic Control Signal	2	1	Pain Reported	NA	41.7982	-71.41467	FALSE	FALSE	Broad Street and Thurbers Ave, Providence, RI, USA	Med	Raw	NA	FALSE	41.7982	-71.41467	2017	October	Elmwood
1523	2017-10-03	630508	15:04:00	Pedestrian	1	NA	FALSE	FALSE	1	BRIDGHAM ST	ELMWOOD AVE	2017-10-03	Two-Way , Not Divided	Dry	Daylight	Clear	Not a Collision Between Two Motor Vehicles in Transport	No	Traffic Control Signal	3	1	Pain Reported	NA	41.81277	-71.42218	FALSE	FALSE	Bridgham Street and Elmwood Ave, Providence, RI, USA	Med High	Raw	NA	FALSE	41.81277	-71.42218	2017	October	West End
1521	2017-10-05	631403	20:33:00	Pedestrian	2	NA	FALSE	FALSE	1	WESTMINSTER ST	SERVICE ROAD 8	2017-10-05	One-Way Trafficway	Dry	Dark - Lighted	Clear	Not a Collision Between Two Motor Vehicles in Transport	No	No Controls	4	2	Pain Reported	NA	41.81923	-71.41782	FALSE	FALSE	Westminster Street and Service Road 8, Providence, RI, USA	Med High	Raw	distance greater than 100m	TRUE	41.81923	-71.41782	2017	October	Downtown
1522	2017-10-05	631432	17:52:00	Pedestrian	1	NA	FALSE	FALSE	1	WESTMINSTER ST	KNIGHT ST	2017-10-05	Two-Way , Not Divided	Dry	Daylight	Clear	Not a Collision Between Two Motor Vehicles in Transport	No	No Controls	3	1	Pain Reported	NA	41.81713	-71.42626	FALSE	FALSE	Westminster Street and Knight Street, Providence, RI, USA	Med High	Raw	NA	FALSE	41.81713	-71.42626	2017	October	West End
1520	2017-10-06	631767	21:30:00	Pedestrian	1	NA	FALSE	FALSE	1	MERINO ST/ HARTFORD AVE	CROWNINSHIELD ST	2017-10-06	Two-Way , Not Divided	Dry	Dark - Lighted	Clear	Not a Collision Between Two Motor Vehicles in Transport	Yes	No Controls	1	0	Unknown	NA	41.81863	-71.45912	FALSE	FALSE	Merino St/ Hartford Ave and Crowninshield Street, Providence, RI, USA	Med	Raw	distance greater than 100m	TRUE	41.81863	-71.45912	2017	October	Hartford
1519	2017-10-07	631798	03:35:00	Pedestrian	1	NA	FALSE	FALSE	1	571 Union Ave	POCASSET AVE	2017-10-07	Two-Way , Not Divided	Dry	Dark - Lighted	Clear	Not a Collision Between Two Motor Vehicles in Transport	Yes	No Controls	1	1	Pain Reported	NA	41.80649	-71.4574	TRUE	FALSE	571 Union Ave, Providence, RI, USA	High	Raw	NA	FALSE	41.80649	-71.4574	2017	October	Silver Lake
1518	2017-10-08	632425	20:42:00	Bicycle	NA	1	FALSE	FALSE	1	CRANSTON STREET	POTTERS AVE	2017-10-08	Two-Way , Not Divided	Dry	Dark - Lighted	Clear	Not a Collision Between Two Motor Vehicles in Transport	Yes	Stop Signs	1	1	Pain Reported	2	41.80505	-71.43778	FALSE	FALSE	Cranston Street and Potters Ave, Providence, RI, USA	Med High	Raw	NA	FALSE	41.80505	-71.43778	2017	October	West End
1516	2017-10-09	632639	19:13:00	Pedestrian	1	NA	FALSE	FALSE	1	SUPERIOR ST	CRANSTON ST	2017-10-09	Two-Way , Not Divided	Wet	Dark - Lighted	Rain	Not a Collision Between Two Motor Vehicles in Transport	No	No Controls	2	1	Pain Reported	NA	41.81043	-71.43265	FALSE	FALSE	Superior Street and Cranston Street, Providence, RI, USA	Med High	Raw	NA	FALSE	41.81043	-71.43265	2017	October	West End
1517	2017-10-09	632641	19:15:00	Pedestrian	1	NA	FALSE	FALSE	1	SACKETT ST	BROAD ST	2017-10-09	Two-Way , Not Divided	Wet	Dark - Lighted	Rain	Not a Collision Between Two Motor Vehicles in Transport	Yes	No Controls	1	1	Pain Reported	NA	41.79616	-71.41212	FALSE	FALSE	Sackett Street and Broad Street, Providence, RI, USA	Med High	Raw	NA	FALSE	41.79616	-71.41212	2017	October	Elmwood
1515	2017-10-10	633009	17:37:00	Pedestrian	1	NA	FALSE	FALSE	1	361 RESERVOIR AVE	PONTIAC AVE	2017-10-10	Unknown	Dry	Dawn	Clear	Not a Collision Between Two Motor Vehicles in Transport	No	No Controls	2	1	Pain Reported	NA	41.78767	-71.43147	TRUE	FALSE	361 Reservoir Ave, Providence, RI, USA	High	Geocoded	distance greater than 100m	TRUE	41.7885339	-71.4330063	2017	October	Reservoir
1512	2017-10-11	633322	06:24:00	Pedestrian	2	NA	FALSE	FALSE	1	731 Eddy St	EUDORA ST	2017-10-11	Two-Way, Divided, Unprotected (painted>4feet) Medium	Dry	Daylight	Clear	Not a Collision Between Two Motor Vehicles in Transport	No	No Controls	3	2	Pain Reported	NA	41.80791	-71.40724	TRUE	FALSE	731 Eddy Street, Providence, RI, USA	High	Raw	NA	FALSE	41.80791	-71.40724	2017	October	Upper South Providence
1513	2017-10-11	633703	16:05:00	Bicycle	NA	1	FALSE	FALSE	1	COLLEGE RD	6TH AVE	2017-10-11	Two-Way , Not Divided	Dry	Daylight	Clear	Not a Collision Between Two Motor Vehicles in Transport	No	No Controls	3	1	Non-Incapacitating	NA	41.84066	-71.46723	FALSE	FALSE	College Rd and 6th Ave, Providence, RI, USA	Med	Raw	raw coords fall outside of city boundary	TRUE	41.84066	-71.46723	2017	October	NA
1514	2017-10-11	633739	16:01:00	Pedestrian	1	NA	FALSE	FALSE	1	MATHEWSON ST	WESTMINSTER ST	2017-10-11	One-Way Trafficway	Dry	Daylight	Clear	Not a Collision Between Two Motor Vehicles in Transport	No	No Controls	3	1	Incapacitating	NA	41.82211	-71.41356	FALSE	FALSE	Mathewson Street and Westminster Street, Providence, RI, USA	Med High	Raw	NA	FALSE	41.82211	-71.41356	2017	October	Downtown
1509	2017-10-12	633885	08:53:00	Bicycle	NA	1	FALSE	FALSE	1	85 WATERMAN STREET	BROWN ST	2017-10-12	One-Way Trafficway	Dry	Daylight	Clear	Other	No	No Controls	2	1	Pain Reported	1	41.82699	-71.403809999999993	TRUE	FALSE	85 Waterman Street, Providence, RI, USA	High	Geocoded	distance greater than 100m	TRUE	41.8269146	-71.4019165	2017	October	College Hill
1510	2017-10-12	633890	09:16:00	Other	NA	NA	FALSE	TRUE	2	NAHANT ST	OPPER ST	2017-10-12	Two-Way , Not Divided	Dry	Daylight	Clear	Other	No	No Controls	5	0	No Injury	NA	41.85297	-71.42179	FALSE	FALSE	Nahant Street and Opper Street, Providence, RI, USA	Med High	Raw	NA	FALSE	41.85297	-71.42179	2017	October	Charles
1511	2017-10-12	634017	14:29:00	Pedestrian	1	NA	FALSE	FALSE	1	Broad street	CLAVERICK ST	2017-10-12	Two-Way , Not Divided	Dry	Daylight	Clear	Other	No	No Controls	2	1	Pain Reported	NA	41.81939	-71.41492	FALSE	FALSE	Broad Street and Claverick Street, Providence, RI, USA	Med	Raw	NA	FALSE	41.81939	-71.41492	2017	October	Downtown
1508	2017-10-13	634351	09:15:00	Bicycle	NA	1	FALSE	FALSE	1	BROADWAY	GREENMAN LN	2017-10-13	Two-Way , Not Divided	Dry	Daylight	Clear	Not a Collision Between Two Motor Vehicles in Transport	No	Traffic Control Signal	4	1	Pain Reported	NA	41.82232	-71.41867	FALSE	FALSE	Broadway and Greenman Ln, Providence, RI, USA	Med	Raw	distance greater than 100m	TRUE	41.82232	-71.41867	2017	October	Downtown
1507	2017-10-14	635728	18:56:00	Pedestrian	1	NA	FALSE	FALSE	1	16 GROVER ST	LONGO ST	2017-10-14	Two-Way , Not Divided	Dry	Dark - Lighted	Clear	Not a Collision Between Two Motor Vehicles in Transport	Yes	No Controls	1	1	Pain Reported	NA	41.81631	-71.45716	TRUE	FALSE	16 Grover Street, Providence, RI, USA	High	Raw	NA	FALSE	41.81631	-71.45716	2017	October	Hartford
1506	2017-10-19	637754	18:27:00	Pedestrian	1	NA	FALSE	FALSE	1	CANAL ST	PARK ROW	2017-10-19	One-Way Trafficway	Dry	Dark - Lighted	Clear	Not a Collision Between Two Motor Vehicles in Transport	No	No Controls	3	1	Pain Reported	NA	41.82862	-71.41074	FALSE	FALSE	Canal Street and Park Row, Providence, RI, USA	Med	Raw	NA	FALSE	41.82862	-71.41074	2017	October	Downtown
1505	2017-10-20	638374	15:38:00	Pedestrian	1	NA	FALSE	FALSE	1	CHALKSTONE AVENUE	ACADEMY AVENUE	2017-10-20	Two-Way , Not Divided	Dry	Daylight	Clear	Not a Collision Between Two Motor Vehicles in Transport	Yes	Traffic Control Signal	2	1	Incapacitating	2	41.814	-71.44182	FALSE	FALSE	Chalkstone Avenue and Academy Avenue, Providence, RI, USA	Med High	Geocoded	distance greater than 100m	TRUE	41.8324538	-71.4445249	2017	October	Mount Pleasant
1503	2017-10-21	638752	10:50:00	Pedestrian	1	NA	FALSE	FALSE	1	MEMORIAL BLVD	EXCHANGE ST	2017-10-21	Two-Way, Divided, Unprotected (painted>4feet) Medium	Dry	Daylight	Clear	Sideswipe, Same Direction	Yes	No Controls	1	1	Non-Incapacitating	NA	41.8268	-71.41207	FALSE	FALSE	Memorial Blvd and Exchange Street, Providence, RI, USA	Med High	Raw	NA	FALSE	41.8268	-71.41207	2017	October	Downtown
1504	2017-10-21	638806	14:11:00	Bicycle	NA	1	FALSE	FALSE	1	CHALKSTONE AVE	RIVER AVE	2017-10-21	Two-Way , Not Divided	Dry	Daylight	Clear	Not a Collision Between Two Motor Vehicles in Transport	No	Traffic Control Signal	5	1	Non-Incapacitating	NA	41.83258	-71.43854	FALSE	FALSE	Chalkstone Ave and River Ave, Providence, RI, USA	Med High	Raw	NA	FALSE	41.83258	-71.43854	2017	October	Elmhurst
1502	2017-10-22	639068	13:00:00	Pedestrian	1	NA	FALSE	FALSE	1	Page St	WEYBOSSET ST	2017-10-22	One-Way Trafficway	Dry	Daylight	Clear	Not a Collision Between Two Motor Vehicles in Transport	No	No Controls	2	1	Incapacitating	NA	41.8215	-71.41218	FALSE	FALSE	Page Street and Weybosset Street, Providence, RI, USA	Med	Raw	NA	FALSE	41.8215	-71.41218	2017	October	Downtown
1500	2017-10-23	639390	11:23:00	Bicycle	NA	1	FALSE	FALSE	1	LIBRARY CT	WESTMINSTER ST	2017-10-23	Two-Way , Not Divided	Dry	Daylight	Clear	Not a Collision Between Two Motor Vehicles in Transport	No	Traffic Control Signal	3	0	No Injury	NA	41.81675	-71.44355	FALSE	FALSE	Library Ct and Westminster Street, Providence, RI, USA	Med High	Raw	NA	FALSE	41.81675	-71.44355	2017	October	Olneyville
1501	2017-10-23	639744	23:30:00	Pedestrian	1	NA	FALSE	FALSE	1	343 broad st.	BROAD ST	2017-10-24	Unknown	Dry	Dark - Lighted	Cloudy	Not a Collision Between Two Motor Vehicles in Transport	No	No Controls	3	1	Pain Reported	NA	41.81345	-71.42175	TRUE	FALSE	343 Broad St., Providence, RI, USA	High	Raw	NA	FALSE	41.81345	-71.42175	2017	October	West End
1497	2017-10-24	639765	00:50:00	Bicycle	NA	1	FALSE	FALSE	1	LAUREL HILL AVE	PLAINFIELD ST	2017-10-24	Two-Way, Divided, Unprotected (painted>4feet) Medium	Dry	Dark - Lighted	Clear	Not a Collision Between Two Motor Vehicles in Transport	No	Traffic Control Signal	3	1	Pain Reported	NA	41.81321	-71.45542	FALSE	FALSE	Laurel Hill Ave and Plainfield Street, Providence, RI, USA	Med High	Raw	NA	FALSE	41.81321	-71.45542	2017	October	Silver Lake
1498	2017-10-24	639820	07:07:00	Pedestrian	1	NA	FALSE	FALSE	1	CRANSTON ST	POTTERS AVE	2017-10-24	Two-Way , Not Divided	Wet	Daylight	Rain	Not a Collision Between Two Motor Vehicles in Transport	No	Pavement Markings	2	1	Pain Reported	NA	41.80511	-71.43769	FALSE	FALSE	Cranston Street and Potters Ave, Providence, RI, USA	Med High	Raw	NA	FALSE	41.80511	-71.43769	2017	October	West End
1499	2017-10-24	639942	07:09:00	Pedestrian	1	NA	FALSE	FALSE	1	200 HAWKINS ST	BRANCH AVE	2017-10-24	Two-Way , Not Divided	Wet	Daylight	Rain	Not a Collision Between Two Motor Vehicles in Transport	No	No Controls	4	1	Pain Reported	NA	41.85061	-71.4223	TRUE	FALSE	200 Hawkins Street, Providence, RI, USA	High	Raw	NA	FALSE	41.85061	-71.4223	2017	October	Charles
1496	2017-10-27	641593	15:24:00	Bicycle	NA	1	FALSE	FALSE	1	Blackstone Blvd	Irving Ave	2017-10-27	One-Way Trafficway	Dry	Daylight	Clear	Angle (Front - to - Side) Right Angle (Includes Broadside)	No	No Controls	2	0	No Injury	NA	41.83413	-71.38423	FALSE	FALSE	Blackstone Blvd and Irving Ave, Providence, RI, USA	Med High	Raw	NA	FALSE	41.83413	-71.38423	2017	October	Wayland
1495	2017-10-28	642293	21:06:00	Pedestrian	1	NA	FALSE	FALSE	1	WASHINGTON ST	EMPIRE ST	2017-10-28	Two-Way , Not Divided	Dry	Dark - Lighted	Clear	Not a Collision Between Two Motor Vehicles in Transport	No	No Controls	2	1	Pain Reported	NA	41.82182	-71.41645	FALSE	FALSE	Washington Street and Empire Street, Providence, RI, USA	Med	Raw	NA	FALSE	41.82182	-71.41645	2017	October	Downtown
1492	2017-10-29	642622	03:25:00	Pedestrian	1	NA	FALSE	FALSE	1	FRIENDSHIP ST	RICHMOND ST	2017-10-29	Two-Way , Not Divided	Dry	Dark - Lighted	Clear	Not a Collision Between Two Motor Vehicles in Transport	Yes	No Controls	1	1	Non-Incapacitating	NA	41.82051	-71.41087	FALSE	FALSE	Friendship Street and Richmond Street, Providence, RI, USA	Med High	Raw	NA	FALSE	41.82051	-71.41087	2017	October	Downtown
1493	2017-10-29	642799	18:46:00	Pedestrian	1	NA	FALSE	FALSE	1	BURNS ST	MANILA ST	2017-10-29	One-Way Trafficway	Wet	Dark - Lighted	Rain	Not a Collision Between Two Motor Vehicles in Transport	Yes	No Controls	2	1	Pain Reported	NA	41.85385	-71.44526	FALSE	FALSE	Burns Street and Manila Street, Providence, RI, USA	Med High	Raw	NA	FALSE	41.85385	-71.44526	2017	October	Wanskuck
1494	2017-10-29	642847	18:54:00	Pedestrian	1	NA	FALSE	FALSE	1	WASHINGTON ST	CANAL ST	2017-10-29	One-Way Trafficway	Wet	Dark - Not Lighted	Rain	Not a Collision Between Two Motor Vehicles in Transport	No	Stop Signs	2	1	Pain Reported	NA	41.82673	-71.40939	FALSE	FALSE	Washington Street and Canal Street, Providence, RI, USA	Med	Raw	distance greater than 100m	TRUE	41.82673	-71.40939	2017	October	Downtown
1490	2017-10-30	643195	14:40:00	Pedestrian	1	NA	FALSE	FALSE	1	MEMORIAL BLVD	STEEPLE ST	2017-10-30	Two-Way, Divided, Positive Median Barrier	Dry	Daylight	Cloudy	Not a Collision Between Two Motor Vehicles in Transport	No	Traffic Control Signal	4	1	Pain Reported	4	41.82677	-71.41063	FALSE	FALSE	Memorial Blvd and Steeple Street, Providence, RI, USA	Med	Raw	distance greater than 100m	TRUE	41.82677	-71.41063	2017	October	Downtown
1491	2017-10-30	643270	16:05:00	Pedestrian	1	NA	FALSE	FALSE	1	SOUTH MAIN ST	COLLEGE ST	2017-10-30	One-Way Trafficway	Dry	Daylight	Cloudy	Not a Collision Between Two Motor Vehicles in Transport	No	Traffic Control Signal	3	1	Pain Reported	2	41.82564	-71.40785	FALSE	FALSE	South Main Street and College Street, Providence, RI, USA	Med High	Raw	NA	FALSE	41.82564	-71.40785	2017	October	Downtown
1489	2017-11-01	644402	22:08:00	Pedestrian	1	NA	FALSE	FALSE	1	STEEPLE ST	N MAIN ST	2017-11-02	One-Way Trafficway	Dry	Daylight	Clear	Other	No	Traffic Control Signal	3	1	Pain Reported	NA	41.82748	-71.40909	FALSE	FALSE	Steeple Street and N Main Street, Providence, RI, USA	Med	Raw	NA	FALSE	41.82748	-71.40909	2017	November	Downtown