row_number	crash_date	crash_report_id	crash_time	collision_type	count_pedestrian	count_bicycle	scooter	wheel_chair	number_of_vehicles	street_or_highway	nearest_intersection	report_date	type_of_roadway	road_surface_condition	light_condition	weather_condition	manner_of_impact	hit_and_run	traffic_control	person_count	injury_count	most_serious_injury	number_of_lanes	lat_raw	lon_raw	has_st_number	is_intersection_null	address_sent_to_geocoder	api_coord_conf	best_coordinate_set	reason_for_qa	manually_qaed_record	final_lat	final_lon	year	month	pvd_nhood
1487	2017-11-02	644574	15:20:00	Pedestrian	1	NA	FALSE	FALSE	1	DORRANCE ST	WEYBOSSET ST	2017-11-02	Two-Way , Not Divided	Dry	Daylight	Clear	Not a Collision Between Two Motor Vehicles in Transport	No	Traffic Control Signal	3	1	Incapacitating	NA	41.82308	-71.411	FALSE	FALSE	Dorrance Street and Weybosset Street, Providence, RI, USA	Med High	Raw	NA	FALSE	41.82308	-71.411	2017	November	Downtown
1488	2017-11-02	646088	21:52:00	Pedestrian	1	NA	FALSE	FALSE	1	CHALKSTONE AVENUE	GROVESNOR STREET	2017-11-06	Two-Way , Not Divided	Dry	Dark - Lighted	Clear	Not a Collision Between Two Motor Vehicles in Transport	No	No Controls	5	1	Pain Reported	NA	41.82529	-71.42985	FALSE	FALSE	Chalkstone Avenue and Grovesnor Street, Providence, RI, USA	Med High	Geocoded	distance greater than 100m	TRUE	41.8323976	-71.439537	2017	November	Valley
1486	2017-11-03	645203	06:34:00	Bicycle	NA	1	FALSE	FALSE	1	CRANSTON ST	WAVERLY ST	2017-11-03	Two-Way , Not Divided	Dry	Dark - Lighted	Clear	Not a Collision Between Two Motor Vehicles in Transport	No	No Controls	2	1	Pain Reported	NA	41.80832	-71.43454	FALSE	FALSE	Cranston Street and Waverly Street, Providence, RI, USA	Med High	Raw	NA	FALSE	41.80832	-71.43454	2017	November	West End
1485	2017-11-04	645669	19:49:00	Bicycle	NA	1	FALSE	FALSE	1	GREENWICH ST	BUCKLIN ST	2017-11-04	Two-Way , Not Divided	Dry	Dark - Lighted	Clear	Not a Collision Between Two Motor Vehicles in Transport	Yes	Stop Signs	1	1	Pain Reported	NA	41.80232	-71.42765	FALSE	FALSE	Greenwich Street and Bucklin Street, Providence, RI, USA	Med High	Raw	NA	FALSE	41.80232	-71.42765	2017	November	West End
1483	2017-11-05	645773	13:03:00	Bicycle	NA	1	FALSE	FALSE	1	1303 NORTH MAIN ST	N MAIN ST	2017-11-05	One-Way Trafficway	Dry	Daylight	Clear	Other	No	No Controls	3	0	No Injury	2	41.85581	-71.39988	TRUE	FALSE	1303 North Main Street, Providence, RI, USA	High	Raw	NA	FALSE	41.85581	-71.39988	2017	November	Hope
1484	2017-11-05	645785	13:19:00	Pedestrian	1	NA	FALSE	FALSE	1	51 SILVER SPRING ST	NA	2017-11-05	Unknown	Dry	Daylight	Cloudy	Not a Collision Between Two Motor Vehicles in Transport	Yes	No Controls	3	1	Pain Reported	NA	41.84572	-71.41748	TRUE	TRUE	51 Silver Spring Street, Providence, RI, USA	High	Raw	NA	FALSE	41.84572	-71.41748	2017	November	Charles
1481	2017-11-07	646566	08:35:00	Pedestrian	1	NA	FALSE	FALSE	1	MORRIS AVE	ROCHAMBEAU AVE	2017-11-07	Two-Way , Not Divided	Dry	Daylight	Clear	Not a Collision Between Two Motor Vehicles in Transport	No	No Controls	2	1	Pain Reported	2	41.84697	-71.39476	FALSE	FALSE	Morris Ave and Rochambeau Ave, Providence, RI, USA	Med High	Raw	NA	FALSE	41.84697	-71.39476	2017	November	Blackstone
1482	2017-11-07	646808	22:29:00	Bicycle	NA	1	FALSE	FALSE	1	Francis St	MEMORIAL BLVD	2017-11-08	Two-Way , Not Divided	Wet	Dark - Lighted	Rain	Not a Collision Between Two Motor Vehicles in Transport	No	Traffic Control Signal	3	1	Pain Reported	NA	41.82594	-71.41537	FALSE	FALSE	Francis Street and Memorial Blvd, Providence, RI, USA	Med	Raw	NA	FALSE	41.82594	-71.41537	2017	November	Downtown
1480	2017-11-11	649024	18:49:00	Pedestrian	1	NA	FALSE	FALSE	1	16 opper st	MONTICELLO ST	2017-11-11	Two-Way , Not Divided	Dry	Dark - Lighted	Clear	Not a Collision Between Two Motor Vehicles in Transport	No	No Controls	2	1	Pain Reported	NA	41.85211	-71.42308	TRUE	FALSE	16 Opper Street, Providence, RI, USA	High	Raw	NA	FALSE	41.85211	-71.42308	2017	November	Charles
1479	2017-11-13	650063	18:42:00	Pedestrian	1	NA	FALSE	FALSE	1	RIVER AVE	DOUGLAS AVE	2017-11-13	Two-Way, Divided, Unprotected (painted>4feet) Medium	Wet	Dark - Lighted	Rain	Not a Collision Between Two Motor Vehicles in Transport	No	No Controls	2	1	Incapacitating	NA	41.85272	-71.43718	FALSE	FALSE	River Ave and Douglas Ave, Providence, RI, USA	Med High	Raw	NA	FALSE	41.85272	-71.43718	2017	November	Wanskuck
1475	2017-11-15	650857	07:54:00	Pedestrian	1	NA	FALSE	FALSE	1	ROSEBANK AVE	NA	2017-11-15	Two-Way , Not Divided	Dry	Daylight	Clear	Not a Collision Between Two Motor Vehicles in Transport	No	No Controls	4	1	Pain Reported	2	41.83508	-71.43374	FALSE	TRUE	Rosebank Ave, Providence, RI, USA	Inaccurate	Raw	NA	FALSE	41.83508	-71.43374	2017	November	Elmhurst
1476	2017-11-15	651118	13:51:00	Bicycle	NA	1	FALSE	FALSE	1	PARK ST	ORMS ST	2017-11-15	Two-Way , Not Divided	Dry	Daylight	Clear	Not a Collision Between Two Motor Vehicles in Transport	Yes	No Controls	2	1	Pain Reported	NA	41.83474	-71.41541	FALSE	FALSE	Park Street and Orms Street, Providence, RI, USA	Med	Raw	NA	FALSE	41.83474	-71.41541	2017	November	Downtown
1477	2017-11-15	651263	18:54:00	Pedestrian	1	NA	FALSE	FALSE	1	WASHINGTON ST	UNION ST	2017-11-15	Two-Way , Not Divided	Dry	Dark - Lighted	Clear	Not a Collision Between Two Motor Vehicles in Transport	No	Traffic Control Signal	3	0	No Injury	NA	41.8236	-71.414	FALSE	FALSE	Washington Street and Union Street, Providence, RI, USA	Med	Raw	NA	FALSE	41.8236	-71.414	2017	November	Downtown
1478	2017-11-15	651290	17:36:00	Pedestrian	1	NA	FALSE	FALSE	1	California Ave	VIRGINIA AVE	2017-11-15	Two-Way , Not Divided	Dry	Dark - Lighted	Clear	Not a Collision Between Two Motor Vehicles in Transport	Yes	Stop Signs	1	1	Pain Reported	NA	41.78876	-71.39916	FALSE	FALSE	California Ave and Virginia Ave, Providence, RI, USA	Med High	Raw	NA	FALSE	41.78876	-71.39916	2017	November	Washington Park
1472	2017-11-16	651426	09:41:00	Pedestrian	1	NA	FALSE	FALSE	1	DEAN ST	WASHINGTON ST	2017-11-16	Two-Way , Not Divided	Wet	Daylight	Rain	Not a Collision Between Two Motor Vehicles in Transport	Yes	Stop Signs	2	1	Pain Reported	NA	41.81905	-71.42073	FALSE	FALSE	Dean Street and Washington Street, Providence, RI, USA	Med	Raw	NA	FALSE	41.81905	-71.42073	2017	November	Federal Hill
1473	2017-11-16	651788	17:31:00	Pedestrian	1	NA	FALSE	FALSE	1	BLACKSTONE ST	CULVER ST	2017-11-16	Two-Way , Not Divided	Wet	Dark - Lighted	Cloudy	Other	No	Stop Signs	3	1	Pain Reported	NA	41.80993	-71.4085	FALSE	FALSE	Blackstone Street and Culver Street, Providence, RI, USA	Med High	Raw	NA	FALSE	41.80993	-71.4085	2017	November	Upper South Providence
1474	2017-11-16	651847	18:16:00	Pedestrian	1	NA	FALSE	FALSE	1	KILLINGLY ST	KILLINGLY ST	2017-11-16	Two-Way , Not Divided	Wet	Dark - Not Lighted	Rain	Not a Collision Between Two Motor Vehicles in Transport	No	No Controls	3	1	Pain Reported	NA	41.82105	-71.46963	FALSE	FALSE	Killingly Street and Killingly Street, Providence, RI, USA	Med	Raw	NA	FALSE	41.82105	-71.46963	2017	November	Hartford
1471	2017-11-17	652202	17:33:00	Pedestrian	1	NA	FALSE	FALSE	1	1 West EXCHANGE Street	SABIN ST	2017-11-17	Two-Way , Not Divided	Dry	Dark - Lighted	Clear	Other	No	No Controls	4	1	Pain Reported	NA	41.8249	-71.41515	TRUE	FALSE	1 West Exchange Street, Providence, RI, USA	High	Raw	NA	FALSE	41.8249	-71.41515	2017	November	Downtown
1470	2017-11-19	652682	14:29:00	Pedestrian	1	NA	FALSE	FALSE	1	DOUGLAS AVE	VANDEWATER ST	2017-11-19	Two-Way, Divided, Unprotected (painted>4feet) Medium	Dry	Daylight	Cloudy	Not a Collision Between Two Motor Vehicles in Transport	Yes	No Controls	1	1	Non-Incapacitating	2	41.84992	-71.43346	FALSE	FALSE	Douglas Ave and Vandewater Street, Providence, RI, USA	Med High	Raw	NA	FALSE	41.84992	-71.43346	2017	November	Wanskuck
1469	2017-11-21	653420	11:56:00	Pedestrian	1	NA	FALSE	FALSE	1	VEAZIE ST	BRANCH AVE	2017-11-21	Two-Way , Not Divided	Dry	Daylight	Clear	Not a Collision Between Two Motor Vehicles in Transport	No	Traffic Control Signal	3	1	Pain Reported	NA	41.85472	-71.43468	FALSE	FALSE	Veazie Street and Branch Ave, Providence, RI, USA	Med High	Raw	NA	FALSE	41.85472	-71.43468	2017	November	Wanskuck
1465	2017-11-22	654091	18:36:00	Pedestrian	1	NA	FALSE	FALSE	1	WASHINGTON ST	UNION ST	2017-11-22	One-Way Trafficway	Wet	Daylight	Rain	Angle (Front - to - Side) Right Angle (Includes Broadside)	Yes	Traffic Control Signal	1	1	Pain Reported	NA	41.8236	-71.414	FALSE	FALSE	Washington Street and Union Street, Providence, RI, USA	Med	Raw	NA	FALSE	41.8236	-71.414	2017	November	Downtown
1466	2017-11-22	654095	18:41:00	Pedestrian	1	NA	FALSE	FALSE	1	FOUNTAIN ST	FRANCIS ST	2017-11-22	Two-Way , Not Divided	Wet	Dark - Lighted	Cloudy	Not a Collision Between Two Motor Vehicles in Transport	No	Traffic Control Signal	3	1	Pain Reported	NA	41.82498	-71.41474	FALSE	FALSE	Fountain Street and Francis Street, Providence, RI, USA	Med	Raw	distance greater than 100m	TRUE	41.82498	-71.41474	2017	November	Downtown
1467	2017-11-22	654444	19:41:00	Pedestrian	1	NA	FALSE	FALSE	1	306 Cranston St	HARRISON ST	2017-11-22	Two-Way, Divided, Unprotected (painted>4feet) Medium	Dry	Dark - Lighted	Clear	Not a Collision Between Two Motor Vehicles in Transport	No	No Controls	2	1	Pain Reported	NA	41.81285	-71.4291	TRUE	FALSE	306 Cranston Street, Providence, RI, USA	High	Raw	NA	FALSE	41.81285	-71.4291	2017	November	West End
1468	2017-11-22	654463	21:29:00	Bicycle	NA	1	FALSE	FALSE	1	Broadway	AMERICA ST	2017-11-22	Two-Way , Not Divided	Dry	Dark - Lighted	Clear	Unknown	Yes	No Controls	3	1	Incapacitating	NA	41.82041	-71.42678	FALSE	FALSE	Broadway and America Street, Providence, RI, USA	Med	Raw	NA	FALSE	41.82041	-71.42678	2017	November	Federal Hill
1463	2017-11-27	656545	11:25:00	Bicycle	NA	1	FALSE	FALSE	1	WASHINGTON ST	EMPIRE ST	2017-11-27	Two-Way, Divided, Unprotected (painted>4feet) Medium	Dry	Daylight	Clear	Rear End(Front-to-Rear)	No	No Controls	3	1	Pain Reported	NA	41.82198	-71.41624	FALSE	FALSE	Washington Street and Empire Street, Providence, RI, USA	Med	Raw	NA	FALSE	41.82198	-71.41624	2017	November	Downtown
1464	2017-11-27	656989	19:35:00	Pedestrian	1	NA	FALSE	FALSE	1	AMERICAN EXPRESS PLZ	FRANCIS ST	2017-11-27	Two-Way , Not Divided	Dry	Dark - Lighted	Clear	Not a Collision Between Two Motor Vehicles in Transport	Yes	Traffic Control Signal	1	1	Pain Reported	NA	41.82744	-71.41526	FALSE	FALSE	American Express Plz and Francis Street, Providence, RI, USA	Med	Raw	distance greater than 100m	TRUE	41.82744	-71.41526	2017	November	Downtown
1462	2017-11-28	657194	08:57:00	Pedestrian	1	NA	FALSE	FALSE	1	POTTERS AVE	CRANSTON ST	2017-11-28	Two-Way , Not Divided	Dry	Daylight	Clear	Head-On (Front - to - Front)	No	No Controls	3	1	Pain Reported	2	41.80497	-71.43756	FALSE	FALSE	Potters Ave and Cranston Street, Providence, RI, USA	Med High	Raw	NA	FALSE	41.80497	-71.43756	2017	November	West End
1460	2017-11-29	657979	14:17:00	Pedestrian	1	NA	FALSE	FALSE	1	BROAD ST	SERVICE ROAD 7	2017-11-29	Two-Way , Not Divided	Dry	Daylight	Clear	Not a Collision Between Two Motor Vehicles in Transport	No	No Controls	2	1	Pain Reported	NA	41.81733	-71.41703	FALSE	FALSE	Broad Street and Service Road 7, Providence, RI, USA	Med	Raw	NA	FALSE	41.81733	-71.41703	2017	November	Upper South Providence
1461	2017-11-29	658133	18:37:00	Pedestrian	1	NA	FALSE	FALSE	1	HAWKINS ST	SALINA ST	2017-11-29	Two-Way , Not Divided	Dry	Dark - Lighted	Cloudy	Unknown	Yes	Stop Signs	1	1	Pain Reported	NA	41.84829	-71.4261	FALSE	FALSE	Hawkins Street and Salina Street, Providence, RI, USA	Med High	Raw	NA	FALSE	41.84829	-71.4261	2017	November	Wanskuck
1459	2017-11-30	658619	11:10:00	Pedestrian	1	NA	FALSE	FALSE	1	EMPIRE ST	BROAD ST	2017-11-30	Two-Way , Not Divided	Dry	Daylight	Clear	Not a Collision Between Two Motor Vehicles in Transport	No	Pavement Markings	3	1	Pain Reported	NA	41.82013	-71.41441	FALSE	FALSE	Empire Street and Broad Street, Providence, RI, USA	Med High	Raw	NA	FALSE	41.82013	-71.41441	2017	November	Downtown
1458	2017-12-02	659779	20:00:00	Pedestrian	1	NA	FALSE	FALSE	1	FRUIT HILL AVE	HUBER AVE	2017-12-02	Two-Way, Divided, Unprotected (painted>4feet) Medium	Dry	Dark - Lighted	Clear	Not a Collision Between Two Motor Vehicles in Transport	Yes	No Controls	2	1	Pain Reported	2	41.83569	-71.4684	FALSE	FALSE	Fruit Hill Ave and Huber Ave, Providence, RI, USA	Med High	Raw	distance greater than 100m	TRUE	41.83569	-71.4684	2017	December	Manton
1457	2017-12-03	660043	17:09:00	Bicycle	NA	1	FALSE	FALSE	1	VALLEY ST	TURNER ST	2017-12-03	Two-Way, Divided, Unprotected (painted>4feet) Medium	Dry	Dusk	Clear	Not a Collision Between Two Motor Vehicles in Transport	Yes	Stop Signs	2	1	Pain Reported	NA	41.82598	-71.43889	FALSE	FALSE	Valley Street and Turner Street, Providence, RI, USA	Med High	Raw	NA	FALSE	41.82598	-71.43889	2017	December	Valley
1455	2017-12-04	660417	13:01:00	Pedestrian	1	NA	FALSE	FALSE	1	BROADWAY	COURTLAND ST	2017-12-04	Two-Way , Not Divided	Dry	Daylight	Clear	Not a Collision Between Two Motor Vehicles in Transport	No	Pavement Markings	4	1	Pain Reported	NA	41.81936	-71.43122	FALSE	FALSE	Broadway and Courtland Street, Providence, RI, USA	Med	Raw	NA	FALSE	41.81936	-71.43122	2017	December	Federal Hill
1456	2017-12-04	661095	09:00:00	Pedestrian	1	NA	FALSE	FALSE	1	ADMIRAL ST	HAWKINS ST	2017-12-05	Two-Way , Not Divided	Dry	Dark - Lighted	Clear	Not a Collision Between Two Motor Vehicles in Transport	Yes	No Controls	1	1	Pain Reported	NA	41.84592	-71.42837	FALSE	FALSE	Admiral Street and Hawkins Street, Providence, RI, USA	Med High	Raw	NA	FALSE	41.84592	-71.42837	2017	December	Wanskuck
1451	2017-12-05	661150	16:39:00	Pedestrian	1	NA	FALSE	FALSE	1	HOPE ST	LAURISTON ST	2017-12-05	Two-Way, Divided, Unprotected (painted>4feet) Medium	Wet	Dark - Lighted	Rain	Not a Collision Between Two Motor Vehicles in Transport	No	Stop Signs	4	1	Pain Reported	NA	41.84865	-71.39519	FALSE	FALSE	Hope Street and Lauriston Street, Providence, RI, USA	Med High	Raw	NA	FALSE	41.84865	-71.39519	2017	December	Hope
1452	2017-12-05	661159	18:21:00	Pedestrian	1	NA	FALSE	FALSE	1	BROAD ST	MASSACHUSETTS AVE	2017-12-05	Two-Way , Not Divided	Wet	Dark - Lighted	Rain	Not a Collision Between Two Motor Vehicles in Transport	Yes	No Controls	1	1	Non-Incapacitating	NA	41.78632	-71.40191	FALSE	FALSE	Broad Street and Massachusetts Ave, Providence, RI, USA	Med	Raw	NA	FALSE	41.78632	-71.40191	2017	December	Washington Park
1453	2017-12-05	661350	20:05:00	Pedestrian	1	NA	FALSE	FALSE	1	WASHINGTON ST	EMPIRE ST	2017-12-05	Two-Way, Divided, Unprotected (painted>4feet) Medium	Wet	Dark - Lighted	Rain	Head-On (Front - to - Front)	No	Traffic Control Signal	3	1	Pain Reported	NA	41.82182	-71.41645	FALSE	FALSE	Washington Street and Empire Street, Providence, RI, USA	Med	Raw	NA	FALSE	41.82182	-71.41645	2017	December	Downtown
1454	2017-12-05	661394	18:35:00	Pedestrian	1	NA	FALSE	FALSE	1	GEORGE ST	THAYER ST	2017-12-05	Two-Way, Divided, Unprotected (painted>4feet) Medium	Wet	Dark - Lighted	Rain	Not a Collision Between Two Motor Vehicles in Transport	No	No Controls	3	1	Pain Reported	NA	41.82553	-71.40045	FALSE	FALSE	George Street and Thayer Street, Providence, RI, USA	Med	Raw	NA	FALSE	41.82553	-71.40045	2017	December	College Hill
1449	2017-12-06	661527	07:00:00	Pedestrian	1	NA	FALSE	FALSE	1	Manton Ave	NA	2017-12-06	Two-Way , Not Divided	Wet	Dawn	Cloudy	Not a Collision Between Two Motor Vehicles in Transport	Yes	Traffic Control Signal	3	1	Pain Reported	3	41.82537	-71.45463	FALSE	TRUE	Manton Ave, Providence, RI, USA	Inaccurate	Raw	distance greater than 100m	TRUE	41.82537	-71.45463	2017	December	Olneyville
1450	2017-12-06	661779	17:48:00	Pedestrian	1	NA	FALSE	FALSE	1	SMITH ST	COMMON ST	2017-12-06	Two-Way , Not Divided	Dry	Dark - Lighted	Cloudy	Not a Collision Between Two Motor Vehicles in Transport	No	Stop Signs	3	1	Pain Reported	NA	41.83266	-71.4192	FALSE	FALSE	Smith Street and Common Street, Providence, RI, USA	Med High	Raw	NA	FALSE	41.83266	-71.4192	2017	December	Smith Hill
1447	2017-12-10	664475	19:40:00	Pedestrian	1	NA	FALSE	FALSE	1	CHALKSTONE AVE	OAKWOOD AVE	2017-12-11	Two-Way , Not Divided	Dry	Dark - Lighted	Clear	Other	No	No Controls	3	1	Non-Incapacitating	2	41.83316	-71.45967	FALSE	FALSE	Chalkstone Ave and Oakwood Ave, Providence, RI, USA	Med High	Raw	NA	FALSE	41.83316	-71.45967	2017	December	Manton
1448	2017-12-10	665445	21:51:00	Pedestrian	1	NA	FALSE	FALSE	1	Westminster St	WESTMINSTER ST EXIT	2017-12-10	Two-Way , Not Divided	Dry	Daylight	Clear	Not a Collision Between Two Motor Vehicles in Transport	Yes	No Controls	1	1	Pain Reported	NA	41.81578	-71.43823	FALSE	FALSE	Westminster Street and Westminster St Exit, Providence, RI, USA	Med	Raw	distance greater than 100m	TRUE	41.81578	-71.43823	2017	December	West End
1443	2017-12-12	665496	17:28:00	Bicycle	NA	1	FALSE	FALSE	1	BATTEY ST	W FOUNTAIN ST	2017-12-12	Two-Way, Divided, Unprotected (painted>4feet) Medium	Wet	Dark - Lighted	Cloudy	Head-On (Front - to - Front)	Yes	Stop Signs	1	1	Non-Incapacitating	NA	41.81861	-71.4248	FALSE	FALSE	Battey Street and W Fountain Street, Providence, RI, USA	Med High	Raw	NA	FALSE	41.81861	-71.4248	2017	December	Federal Hill
1444	2017-12-12	665756	21:01:00	Pedestrian	1	NA	FALSE	FALSE	1	GEORGE ST	BROWN ST	2017-12-12	Two-Way , Not Divided	Dry	Dark - Lighted	Clear	Not a Collision Between Two Motor Vehicles in Transport	No	No Controls	2	1	Pain Reported	NA	41.82535	-71.40283	FALSE	FALSE	George Street and Brown Street, Providence, RI, USA	Med	Raw	NA	FALSE	41.82535	-71.40283	2017	December	College Hill
1445	2017-12-12	665912	19:50:00	Pedestrian	1	NA	FALSE	FALSE	1	Atwells Ave	DEAN ST	2017-12-13	Two-Way , Not Divided	Dry	Dark - Lighted	Clear	Not a Collision Between Two Motor Vehicles in Transport	Yes	Traffic Control Signal	2	1	Pain Reported	NA	41.82339	-71.4242	FALSE	FALSE	Atwells Ave and Dean Street, Providence, RI, USA	Med High	Raw	NA	FALSE	41.82339	-71.4242	2017	December	Federal Hill
1446	2017-12-12	666156	18:22:00	Pedestrian	1	NA	FALSE	FALSE	1	50 KENNEDY PLZ	DORRANCE ST	2017-12-13	Two-Way, Divided, Unprotected (painted>4feet) Medium	Dry	Dark - Not Lighted	Clear	Not a Collision Between Two Motor Vehicles in Transport	Yes	No Controls	1	0	No Injury	2	41.82425	-71.4122	TRUE	FALSE	50 Kennedy Plz, Providence, RI, USA	High	Raw	distance greater than 100m	TRUE	41.82425	-71.4122	2017	December	Downtown
1442	2017-12-14	666520	11:07:00	Pedestrian	1	NA	FALSE	FALSE	1	10 PARK ROW	NA	2017-12-14	Two-Way , Not Divided	Snow	Daylight	Snow	Other	No	No Controls	3	1	Non-Incapacitating	NA	41.83618	-71.41545	TRUE	TRUE	10 Park Row, Providence, RI, USA	High	Raw	distance greater than 100m	TRUE	41.83618	-71.41545	2017	December	Smith Hill
1440	2017-12-18	668981	11:55:00	Pedestrian	1	NA	FALSE	FALSE	1	Trask Street	EDDY ST	2017-12-18	Two-Way , Not Divided	Dry	Daylight	Clear	Not a Collision Between Two Motor Vehicles in Transport	No	Stop Signs	4	0	No Injury	NA	41.8052	-71.40714	FALSE	FALSE	Trask Street and Eddy Street, Providence, RI, USA	Med High	Raw	NA	FALSE	41.8052	-71.40714	2017	December	Lower South Providence
1441	2017-12-18	669271	20:40:00	Pedestrian	1	NA	FALSE	FALSE	1	STAR ST	North Main Street	2017-12-18	One-Way Trafficway	Wet	Dark - Lighted	Clear	Not a Collision Between Two Motor Vehicles in Transport	No	Stop Signs	2	1	Pain Reported	NA	41.83195	-71.41052	FALSE	FALSE	Star Street and North Main Street, Providence, RI, USA	Med	Raw	NA	FALSE	41.83195	-71.41052	2017	December	College Hill
1439	2017-12-19	669669	17:20:00	Pedestrian	1	NA	FALSE	FALSE	1	711 Broad Street	PUBLIC ST	2017-12-19	Two-Way , Not Divided	Dry	Dark - Lighted	Clear	Not a Collision Between Two Motor Vehicles in Transport	No	No Controls	2	1	Pain Reported	NA	41.80448	-71.41937	TRUE	FALSE	711 Broad Street, Providence, RI, USA	High	Raw	NA	FALSE	41.80448	-71.41937	2017	December	Elmwood
1438	2017-12-21	670891	16:57:00	Bicycle	NA	1	FALSE	FALSE	1	HARRIS AVE	ATWELLS AVE	2017-12-21	Two-Way, Divided, Positive Median Barrier	Dry	Dark - Lighted	Clear	Not a Collision Between Two Motor Vehicles in Transport	No	Traffic Control Signal	3	1	Non-Incapacitating	2	41.82451	-71.43532	FALSE	FALSE	Harris Ave and Atwells Ave, Providence, RI, USA	Med High	Raw	NA	FALSE	41.82451	-71.43532	2017	December	Olneyville
1437	2017-12-27	673142	19:01:00	Pedestrian	1	NA	FALSE	FALSE	1	KENNEDY PLZ	ARCADE ST	2017-12-27	Two-Way, Divided, Unprotected (painted>4feet) Medium	Dry	Dark - Lighted	Clear	Not a Collision Between Two Motor Vehicles in Transport	Yes	Pavement Markings	1	1	Non-Incapacitating	2	41.82481	-71.41146	FALSE	FALSE	Kennedy Plz and Arcade Street, Providence, RI, USA	Med High	Raw	NA	FALSE	41.82481	-71.41146	2017	December	Downtown
1436	2018-01-02	675267	16:59:00	Pedestrian	2	NA	FALSE	FALSE	1	HARRIS AVE	PROVIDENCE PLACE	2018-01-02	One-Way Trafficway	Snow	Dark - Lighted	Clear	Not a Collision Between Two Motor Vehicles in Transport	No	No Controls	3	2	Pain Reported	1	41.82779	-71.41904	FALSE	FALSE	Harris Ave and Providence Place, Providence, RI, USA	Med High	Raw	NA	FALSE	41.82779	-71.41904	2018	January	Smith Hill
1434	2018-01-03	675451	08:24:00	Pedestrian	1	NA	FALSE	FALSE	1	CROMWELL ST	BUCKLIN ST	2018-01-03	Two-Way, Divided, Unprotected (painted>4feet) Medium	Dry	Daylight	Clear	Other	No	Stop Signs	3	0	No Injury	NA	41.80878	-71.42463	FALSE	FALSE	Cromwell Street and Bucklin Street, Providence, RI, USA	Med High	Geocoded	distance greater than 100m	TRUE	41.8090645	-71.4280139	2018	January	West End
1435	2018-01-03	675559	14:31:00	Pedestrian	1	NA	FALSE	FALSE	1	48 BRIDGHAM ST	NA	2018-01-03	Two-Way , Not Divided	Dry	Daylight	Clear	Not a Collision Between Two Motor Vehicles in Transport	Yes	No Controls	1	1	Pain Reported	NA	41.81274	-71.42542	TRUE	TRUE	48 Bridgham Street, Providence, RI, USA	High	Raw	NA	FALSE	41.81274	-71.42542	2018	January	West End
1433	2018-01-05	676180	12:14:00	Pedestrian	1	NA	FALSE	FALSE	1	HARTFORD AVE	BOWLETT ST	2018-01-05	Two-Way , Not Divided	Dry	Daylight	Clear	Not a Collision Between Two Motor Vehicles in Transport	No	No Controls	3	1	Pain Reported	NA	41.81911	-71.46252	FALSE	FALSE	Hartford Ave and Bowlett Street, Providence, RI, USA	Med High	Raw	NA	FALSE	41.81911	-71.46252	2018	January	Hartford
1431	2018-01-08	678070	11:45:00	Pedestrian	1	NA	FALSE	FALSE	1	EXCHANGE TER	EXCHANGE ST	2018-01-08	Two-Way , Not Divided	Wet	Daylight	Clear	Other	No	No Controls	3	1	Pain Reported	NA	41.82581	-71.41246	FALSE	FALSE	Exchange Ter and Exchange Street, Providence, RI, USA	Med High	Raw	distance greater than 100m	TRUE	41.82581	-71.41246	2018	January	Downtown
1432	2018-01-08	678239	17:13:00	Pedestrian	1	NA	FALSE	FALSE	1	Bridgham Street	WESTMINSTER ST	2018-01-08	Two-Way, Divided, Unprotected (painted>4feet) Medium	Wet	Daylight	Clear	Not a Collision Between Two Motor Vehicles in Transport	Yes	Stop Signs	1	1	Pain Reported	NA	41.81693	-71.42849	FALSE	FALSE	Bridgham Street and Westminster Street, Providence, RI, USA	Med High	Raw	NA	FALSE	41.81693	-71.42849	2018	January	West End
1429	2018-01-11	680330	17:23:00	Pedestrian	1	NA	FALSE	FALSE	1	WESTMINSTER ST	DEXTER ST	2018-01-11	Two-Way , Not Divided	Wet	Dark - Lighted	Clear	Not a Collision Between Two Motor Vehicles in Transport	Yes	No Controls	3	1	Incapacitating	NA	41.81659	-71.43134	FALSE	FALSE	Westminster Street and Dexter Street, Providence, RI, USA	Med High	Raw	NA	FALSE	41.81659	-71.43134	2018	January	West End
1430	2018-01-11	680386	16:33:00	Pedestrian	1	NA	FALSE	FALSE	1	67 glenbridge ave	RICHLAND ST	2018-01-11	Two-Way , Not Divided	Wet	Dark - Lighted	Clear	Not a Collision Between Two Motor Vehicles in Transport	No	No Controls	4	1	Pain Reported	NA	41.824	-71.45978	TRUE	FALSE	67 Glenbridge Ave, Providence, RI, USA	High	Raw	NA	FALSE	41.824	-71.45978	2018	January	Manton
1427	2018-01-12	680963	18:34:00	Pedestrian	1	NA	FALSE	FALSE	1	POTTERS AVE	CRANSTON ST	2018-01-12	Two-Way , Not Divided	Wet	Dark - Lighted	Rain	Not a Collision Between Two Motor Vehicles in Transport	Yes	No Controls	1	1	Pain Reported	2	41.80496	-71.43755	FALSE	FALSE	Potters Ave and Cranston Street, Providence, RI, USA	Med High	Raw	NA	FALSE	41.80496	-71.43755	2018	January	West End