row_number	crash_date	crash_report_id	crash_time	collision_type	count_pedestrian	count_bicycle	scooter	wheel_chair	number_of_vehicles	street_or_highway	nearest_intersection	report_date	type_of_roadway	road_surface_condition	light_condition	weather_condition	manner_of_impact	hit_and_run	traffic_control	person_count	injury_count	most_serious_injury	number_of_lanes	lat_raw	lon_raw	has_st_number	is_intersection_null	address_sent_to_geocoder	api_coord_conf	best_coordinate_set	reason_for_qa	manually_qaed_record	final_lat	final_lon	year	month	pvd_nhood
1428	2018-01-12	681016	18:57:00	Pedestrian	1	NA	FALSE	FALSE	1	BROAD ST	BROAD ST	2018-01-12	Two-Way, Divided, Unprotected (painted>4feet) Medium	Wet	Dark - Lighted	Rain	Not a Collision Between Two Motor Vehicles in Transport	No	No Controls	2	1	Non-Incapacitating	NA	41.81348	-71.42158	FALSE	FALSE	Broad Street and Broad Street, Providence, RI, USA	Med	Raw	distance greater than 100m	TRUE	41.81348	-71.42158	2018	January	West End
1426	2018-01-13	681247	13:06:00	Pedestrian	1	NA	FALSE	FALSE	1	TERRACE AVE	WALLACE ST	2018-01-13	Two-Way , Not Divided	Dry	Daylight	Clear	Not a Collision Between Two Motor Vehicles in Transport	No	Stop Signs	3	1	Pain Reported	NA	41.80845	-71.45217	FALSE	FALSE	Terrace Ave and Wallace Street, Providence, RI, USA	Med High	Raw	NA	FALSE	41.80845	-71.45217	2018	January	Silver Lake
1425	2018-01-14	681838	11:44:00	Pedestrian	1	NA	FALSE	FALSE	1	WESTMINSTER ST	EMPIRE ST	2018-01-14	Two-Way , Not Divided	Dry	Daylight	Clear	Not a Collision Between Two Motor Vehicles in Transport	No	Traffic Control Signal	2	1	Pain Reported	NA	41.82097	-71.41532	FALSE	FALSE	Westminster Street and Empire Street, Providence, RI, USA	Med High	Raw	NA	FALSE	41.82097	-71.41532	2018	January	Downtown
1424	2018-01-18	683327	17:57:00	Pedestrian	1	NA	FALSE	FALSE	1	manton ave	pelham st	2018-01-18	Two-Way , Not Divided	Dry	Dark - Lighted	Cloudy	Not a Collision Between Two Motor Vehicles in Transport	No	No Controls	2	1	Incapacitating	NA	41.8209	-71.44776	FALSE	FALSE	Manton Ave and Pelham Street, Providence, RI, USA	Med High	Raw	NA	FALSE	41.8209	-71.44776	2018	January	Olneyville
1423	2018-01-21	684438	17:59:00	Pedestrian	1	NA	FALSE	FALSE	1	POCASSET AVE	MAGNOLIA ST	2018-01-21	Two-Way , Not Divided	Dry	Dark - Lighted	Clear	Not a Collision Between Two Motor Vehicles in Transport	No	No Controls	5	0	No Injury	NA	41.81191	-71.44996	FALSE	FALSE	Pocasset Ave and Magnolia Street, Providence, RI, USA	Med High	Raw	NA	FALSE	41.81191	-71.44996	2018	January	Silver Lake
1422	2018-01-23	685030	08:36:00	Pedestrian	1	NA	FALSE	FALSE	1	ROANOKE ST	MOUNT PLEASANT AVE	2018-01-23	Two-Way, Divided, Unprotected (painted>4feet) Medium	Wet	Daylight	Sleet, Hail (Freezing Rain or Drizzle)	Not a Collision Between Two Motor Vehicles in Transport	No	No Controls	2	1	Pain Reported	NA	41.83124	-71.44948	FALSE	FALSE	Roanoke Street and Mount Pleasant Ave, Providence, RI, USA	Med High	Raw	NA	FALSE	41.83124	-71.44948	2018	January	Mount Pleasant
1421	2018-01-25	686787	19:30:00	Bicycle	NA	1	FALSE	FALSE	1	MEETING ST	BROWN ST	2018-01-26	Two-Way , Not Divided	Dry	Dark - Lighted	Clear	Not a Collision Between Two Motor Vehicles in Transport	No	No Controls	2	0	No Injury	NA	41.82898	-71.40341	FALSE	FALSE	Meeting Street and Brown Street, Providence, RI, USA	Med High	Raw	NA	FALSE	41.82898	-71.40341	2018	January	College Hill
1420	2018-01-26	687173	17:22:00	Pedestrian	1	NA	FALSE	FALSE	1	S MAIN ST	TRANSIT ST	2018-01-26	Two-Way , Not Divided	Dry	Daylight	Clear	Not a Collision Between Two Motor Vehicles in Transport	No	Stop Signs	4	1	Pain Reported	NA	41.82011	-71.40298	FALSE	FALSE	S Main Street and Transit Street, Providence, RI, USA	Med High	Raw	NA	FALSE	41.82011	-71.40298	2018	January	Fox Point
1419	2018-01-28	687837	18:30:00	Pedestrian	1	NA	FALSE	FALSE	1	HARTFORD AVE	MANTON AVE	2018-01-28	One-Way Trafficway	Wet	Dark - Lighted	Clear	Not a Collision Between Two Motor Vehicles in Transport	Yes	Traffic Control Signal	3	1	Pain Reported	NA	41.81685	-71.44356	FALSE	FALSE	Hartford Ave and Manton Ave, Providence, RI, USA	Med	Raw	distance greater than 100m	TRUE	41.81685	-71.44356	2018	January	Olneyville
1418	2018-01-29	688324	17:54:00	Pedestrian	1	NA	FALSE	FALSE	1	Brook St	Manning Walk	2018-01-29	Two-Way , Not Divided	Dry	Dark - Lighted	Cloudy	Not a Collision Between Two Motor Vehicles in Transport	No	Warning Signs	4	1	Incapacitating	2	41.82653	-71.39919	FALSE	FALSE	Brook Street and Manning Walk, Providence, RI, USA	Med High	Raw	NA	FALSE	41.82653	-71.39919	2018	January	College Hill
1417	2018-02-01	690041	20:45:00	Bicycle	NA	1	FALSE	FALSE	1	WASHINGTON ST	GREENE ST	2018-02-01	Two-Way, Divided, Unprotected (painted>4feet) Medium	Dry	Dark - Lighted	Clear	Not a Collision Between Two Motor Vehicles in Transport	Yes	Traffic Control Signal	1	1	Non-Incapacitating	2	41.82126	-71.4172	FALSE	FALSE	Washington Street and Greene Street, Providence, RI, USA	Med	Raw	NA	FALSE	41.82126	-71.4172	2018	February	Downtown
1416	2018-02-05	691126	09:51:00	Pedestrian	1	NA	FALSE	FALSE	1	DORRANCE ST	FULTON ST	2018-02-05	Two-Way , Not Divided	Wet	Daylight	Clear	Not a Collision Between Two Motor Vehicles in Transport	Yes	Traffic Control Signal	1	1	Pain Reported	2	41.82411	-71.41234	FALSE	FALSE	Dorrance Street and Fulton Street, Providence, RI, USA	Med High	Raw	NA	FALSE	41.82411	-71.41234	2018	February	Downtown
1415	2018-02-06	691958	17:33:00	Pedestrian	1	NA	FALSE	FALSE	1	HOPE ST	5TH ST	2018-02-06	Two-Way, Divided, Unprotected (painted>4feet) Medium	Dry	Dark - Lighted	Clear	Not a Collision Between Two Motor Vehicles in Transport	No	Pavement Markings	3	1	Non-Incapacitating	2	41.84993	-71.39458	FALSE	FALSE	Hope Street and 5th Street, Providence, RI, USA	Med High	Raw	NA	FALSE	41.84993	-71.39458	2018	February	Hope
1414	2018-02-07	692247	20:53:00	Pedestrian	1	NA	FALSE	FALSE	1	Admiral Street	BERKSHIRE ST	2018-02-08	Two-Way, Divided, Unprotected (painted>4feet) Medium	Wet	Dark - Lighted	Rain	Not a Collision Between Two Motor Vehicles in Transport	No	Stop Signs	2	1	Pain Reported	NA	41.84417	-71.4237	FALSE	FALSE	Admiral Street and Berkshire Street, Providence, RI, USA	Med High	Raw	NA	FALSE	41.84417	-71.4237	2018	February	Wanskuck
1412	2018-02-09	692603	08:34:00	Pedestrian	1	NA	FALSE	FALSE	1	EXCHANGE ST	EXCHANGE TER	2018-02-09	Two-Way , Not Divided	Dry	Daylight	Clear	Not a Collision Between Two Motor Vehicles in Transport	No	Pavement Markings	2	1	Pain Reported	NA	41.82621	-71.41169	FALSE	FALSE	Exchange Street and Exchange Ter, Providence, RI, USA	Med High	Raw	NA	FALSE	41.82621	-71.41169	2018	February	Downtown
1413	2018-02-09	692872	19:18:00	Pedestrian	1	NA	FALSE	FALSE	1	150 Eaton Street	HUXLEY AVE	2018-02-09	Two-Way, Divided, Unprotected (painted>4feet) Medium	Dry	Dark - Lighted	Clear	Not a Collision Between Two Motor Vehicles in Transport	Yes	No Controls	2	1	Pain Reported	NA	41.84143	-71.43306	TRUE	FALSE	150 Eaton Street, Providence, RI, USA	High	Raw	NA	FALSE	41.84143	-71.43306	2018	February	Elmhurst
1411	2018-02-11	693419	02:06:00	Pedestrian	1	NA	FALSE	FALSE	1	Fountain Street	EMPIRE ST	2018-02-11	One-Way Trafficway	Wet	Dark - Lighted	Rain	Not a Collision Between Two Motor Vehicles in Transport	Yes	Traffic Control Signal	1	1	Pain Reported	NA	41.82237	-71.41709	FALSE	FALSE	Fountain Street and Empire Street, Providence, RI, USA	Med High	Raw	NA	FALSE	41.82237	-71.41709	2018	February	Downtown
1410	2018-02-13	694544	15:50:00	Pedestrian	1	NA	FALSE	FALSE	1	BLACKSTONE BLVD	ROCHAMBEAU AVE	2018-02-13	Two-Way , Not Divided	Dry	Daylight	Clear	Not a Collision Between Two Motor Vehicles in Transport	No	No Controls	5	1	Pain Reported	NA	41.84554	-71.38722	FALSE	FALSE	Blackstone Blvd and Rochambeau Ave, Providence, RI, USA	Med High	Raw	NA	FALSE	41.84554	-71.38722	2018	February	Blackstone
1407	2018-02-16	695805	12:34:00	Bicycle	NA	1	FALSE	FALSE	1	ADMIRAL ST	DOUGLAS AVE	2018-02-16	Two-Way , Not Divided	Dry	Daylight	Cloudy	Not a Collision Between Two Motor Vehicles in Transport	No	No Controls	4	1	Pain Reported	NA	41.84607	-71.42907	FALSE	FALSE	Admiral Street and Douglas Ave, Providence, RI, USA	Med High	Raw	NA	FALSE	41.84607	-71.42907	2018	February	Wanskuck
1408	2018-02-16	695811	13:33:00	Pedestrian	1	NA	FALSE	FALSE	1	877 Chalkstone Ave	LISBON ST	2018-02-16	Two-Way , Not Divided	Dry	Daylight	Clear	Not a Collision Between Two Motor Vehicles in Transport	No	No Controls	4	1	Pain Reported	2	41.83331	-71.43655	TRUE	FALSE	877 Chalkstone Ave, Providence, RI, USA	High	Raw	NA	FALSE	41.83331	-71.43655	2018	February	Elmhurst
1409	2018-02-16	696187	18:46:00	Bicycle	NA	1	FALSE	FALSE	1	EMPIRE ST	BROADWAY	2018-02-16	Two-Way , Not Divided	Dry	Dark - Lighted	Clear	Not a Collision Between Two Motor Vehicles in Transport	No	Traffic Control Signal	2	0	No Injury	NA	41.82272	-71.41751	FALSE	FALSE	Empire Street and Broadway, Providence, RI, USA	Med High	Raw	NA	FALSE	41.82272	-71.41751	2018	February	Downtown
1405	2018-02-17	696306	15:38:00	Pedestrian	1	NA	FALSE	FALSE	1	Cranston Street	DEXTER ST	2018-02-17	Two-Way, Divided, Unprotected (painted>4feet) Medium	Dry	Daylight	Clear	Not a Collision Between Two Motor Vehicles in Transport	Yes	No Controls	1	1	Pain Reported	NA	41.8126	-71.42959	FALSE	FALSE	Cranston Street and Dexter Street, Providence, RI, USA	Med High	Raw	NA	FALSE	41.8126	-71.42959	2018	February	West End
1406	2018-02-17	696381	19:14:00	Pedestrian	1	NA	FALSE	FALSE	1	BORDEN ST	PLAIN ST	2018-02-17	Two-Way , Not Divided	Snow	Dark - Lighted	Snow	Not a Collision Between Two Motor Vehicles in Transport	No	No Controls	2	1	Pain Reported	NA	41.81332	-71.41151	FALSE	FALSE	Borden Street and Plain Street, Providence, RI, USA	Med High	Raw	NA	FALSE	41.81332	-71.41151	2018	February	Upper South Providence
1404	2018-02-20	697438	18:08:00	Pedestrian	3	NA	FALSE	FALSE	1	VIRGINIA LN	FERNANDO ST	2018-02-20	Two-Way , Not Divided	Dry	Dark - Lighted	Clear	Not a Collision Between Two Motor Vehicles in Transport	Yes	No Controls	3	1	Pain Reported	NA	41.84767	-71.43076	FALSE	FALSE	Virginia Ln and Fernando Street, Providence, RI, USA	Med High	Raw	NA	FALSE	41.84767	-71.43076	2018	February	Wanskuck
1403	2018-02-21	697810	18:03:00	Pedestrian	1	NA	FALSE	FALSE	1	BROADWAY	HARRIS AVE	2018-02-21	Two-Way, Divided, Unprotected (painted>4feet) Medium	Dry	Dark - Lighted	Clear	Other	No	Stop Signs	4	1	Pain Reported	NA	41.81705	-71.44029	FALSE	FALSE	Broadway and Harris Ave, Providence, RI, USA	Med	Raw	NA	FALSE	41.81705	-71.44029	2018	February	Olneyville
1402	2018-02-22	698399	19:51:00	Pedestrian	1	NA	FALSE	FALSE	1	CHARLES ST	CHARLES ST	2018-02-22	Two-Way , Not Divided	Dry	Dark - Lighted	Clear	Not a Collision Between Two Motor Vehicles in Transport	No	No Controls	3	1	Pain Reported	NA	41.85245	-71.42032	FALSE	FALSE	Charles Street and Charles Street, Providence, RI, USA	Med	Raw	distance greater than 100m	TRUE	41.85245	-71.42032	2018	February	Charles
1400	2018-02-23	698978	18:00:00	Pedestrian	1	NA	FALSE	FALSE	1	SMITHFIELD AVE	SMITHFIELD AVE	2018-02-23	Two-Way, Divided, Unprotected (painted>4feet) Medium	Wet	Dark - Lighted	Rain	Not a Collision Between Two Motor Vehicles in Transport	No	No Controls	6	1	Fatal	2	41.85868	-71.41096	FALSE	FALSE	Smithfield Ave and Smithfield Ave, Providence, RI, USA	Med High	Raw	distance greater than 100m	TRUE	41.85868	-71.41096	2018	February	Charles
1401	2018-02-23	699129	11:00:00	Bicycle	NA	1	FALSE	FALSE	1	ACADEMY AVE	ATWELLS AVE	2018-02-24	Two-Way , Not Divided	Wet	Daylight	Rain	Angle (Front - to - Side) Right Angle (Includes Broadside)	No	Traffic Control Signal	2	0	No Injury	NA	41.82479	-71.4434	FALSE	FALSE	Academy Ave and Atwells Ave, Providence, RI, USA	Med High	Raw	NA	FALSE	41.82479	-71.4434	2018	February	Olneyville
1396	2018-02-24	699498	17:31:00	Pedestrian	1	NA	FALSE	FALSE	1	1297 BROAD ST	NA	2018-02-24	Two-Way , Not Divided	Wet	Dark - Lighted	Rain	Not a Collision Between Two Motor Vehicles in Transport	No	No Controls	4	1	Pain Reported	NA	41.79108	-71.40593	TRUE	TRUE	1297 Broad Street, Providence, RI, USA	High	Raw	NA	FALSE	41.79108	-71.40593	2018	February	Washington Park
1397	2018-02-24	699513	17:48:00	Pedestrian	1	NA	FALSE	FALSE	1	LINWOOD AVE	CRANSTON ST	2018-02-24	Two-Way , Not Divided	Wet	Dark - Lighted	Rain	Not a Collision Between Two Motor Vehicles in Transport	No	Traffic Control Signal	2	1	Pain Reported	NA	41.80708	-71.43585	FALSE	FALSE	Linwood Ave and Cranston Street, Providence, RI, USA	Med High	Raw	NA	FALSE	41.80708	-71.43585	2018	February	West End
1398	2018-02-24	699654	15:38:00	Bicycle	NA	1	FALSE	FALSE	1	MANTON AVE	HYAT ST	2018-02-24	Two-Way, Divided, Unprotected (painted>4feet) Medium	Dry	Daylight	Rain	Not a Collision Between Two Motor Vehicles in Transport	Yes	Pavement Markings	1	0	No Injury	2	41.82139	-71.44843	FALSE	FALSE	Manton Ave and Hyat Street, Providence, RI, USA	Med High	Raw	NA	FALSE	41.82139	-71.44843	2018	February	Olneyville
1399	2018-02-24	704133	17:42:00	Pedestrian	1	NA	FALSE	FALSE	1	DOUGLAS AVENUE	EATON STREET	2018-03-07	Two-Way , Not Divided	Dry	Dark - Lighted	Clear	Other	Yes	Traffic Control Signal	1	0	Unknown	NA	41.83457	-71.41644	FALSE	FALSE	Douglas Avenue and Eaton Street, Providence, RI, USA	Med High	Geocoded	distance greater than 100m	TRUE	41.8410051	-71.4273088	2018	February	Smith Hill
1394	2018-02-25	699965	02:48:00	Pedestrian	1	NA	FALSE	FALSE	1	BROAD ST	BROAD ST	2018-02-25	Two-Way , Not Divided	Dry	Dark - Lighted	Clear	Head-On (Front - to - Front)	Yes	No Controls	4	1	Pain Reported	NA	41.79215	-71.40714	FALSE	FALSE	Broad Street and Broad Street, Providence, RI, USA	Med	Raw	distance greater than 100m	TRUE	41.79215	-71.40714	2018	February	Washington Park
1395	2018-02-25	700132	16:14:00	Pedestrian	1	NA	FALSE	FALSE	1	CHALKSTONE AVE	BERLIN ST	2018-02-25	Two-Way , Not Divided	Wet	Daylight	Rain	Not a Collision Between Two Motor Vehicles in Transport	Yes	No Controls	1	1	Pain Reported	2	41.83227	-71.44158	FALSE	FALSE	Chalkstone Ave and Berlin Street, Providence, RI, USA	Med High	Raw	NA	FALSE	41.83227	-71.44158	2018	February	Valley
1393	2018-02-27	700739	14:20:00	Pedestrian	1	NA	FALSE	FALSE	1	DORRANCE ST	WESTMINSTER ST	2018-02-27	Two-Way , Not Divided	Dry	Daylight	Clear	Not a Collision Between Two Motor Vehicles in Transport	No	Traffic Control Signal	2	1	Pain Reported	NA	41.8236	-71.41165	FALSE	FALSE	Dorrance Street and Westminster Street, Providence, RI, USA	Med High	Raw	NA	FALSE	41.8236	-71.41165	2018	February	Downtown
1392	2018-03-01	701370	08:05:00	Pedestrian	1	NA	FALSE	FALSE	1	BROADWAY	KNIGHT ST	2018-03-01	Two-Way , Not Divided	Dry	Daylight	Clear	Not a Collision Between Two Motor Vehicles in Transport	No	Pavement Markings	3	1	Pain Reported	NA	41.8198	-71.42936	FALSE	FALSE	Broadway and Knight Street, Providence, RI, USA	Med	Raw	NA	FALSE	41.8198	-71.42936	2018	March	Federal Hill
1389	2018-03-02	702124	13:20:00	Pedestrian	1	NA	FALSE	FALSE	1	BROAD ST	BROAD ST	2018-03-02	Two-Way , Not Divided	Wet	Daylight	Rain	Not a Collision Between Two Motor Vehicles in Transport	No	No Controls	3	1	Non-Incapacitating	NA	41.79692	-71.41307	FALSE	FALSE	Broad Street and Broad Street, Providence, RI, USA	Med	Raw	distance greater than 100m	TRUE	41.79692	-71.41307	2018	March	Elmwood
1390	2018-03-02	702183	19:07:00	Pedestrian	1	NA	FALSE	FALSE	1	BROADWAY	HARKNESS ST	2018-03-02	Two-Way , Not Divided	Wet	Dark - Lighted	Clear	Not a Collision Between Two Motor Vehicles in Transport	No	No Controls	3	1	Pain Reported	NA	41.81862	-71.43441	FALSE	FALSE	Broadway and Harkness Street, Providence, RI, USA	Med	Raw	NA	FALSE	41.81862	-71.43441	2018	March	Federal Hill
1391	2018-03-02	702324	21:16:00	Pedestrian	1	NA	FALSE	FALSE	1	Cranston St	DEXTER ST	2018-03-02	Two-Way , Not Divided	Wet	Dark - Lighted	Rain	Not a Collision Between Two Motor Vehicles in Transport	Yes	No Controls	1	1	Pain Reported	NA	41.81259	-71.42961	FALSE	FALSE	Cranston Street and Dexter Street, Providence, RI, USA	Med High	Raw	NA	FALSE	41.81259	-71.42961	2018	March	West End
1388	2018-03-03	702484	13:09:00	Pedestrian	1	NA	FALSE	FALSE	1	Angel St	BENEFIT ST	2018-03-03	Two-Way , Not Divided	Dry	Daylight	Clear	Not a Collision Between Two Motor Vehicles in Transport	Yes	Traffic Control Signal	3	1	Pain Reported	2	41.82725	-71.40751	FALSE	FALSE	Angel Street and Benefit Street, Providence, RI, USA	Med High	Raw	NA	FALSE	41.82725	-71.40751	2018	March	College Hill
1386	2018-03-04	702707	02:48:00	Pedestrian	2	NA	FALSE	FALSE	1	MESSER ST	CRANSTON ST	2018-03-04	Two-Way , Not Divided	Dry	Dark - Lighted	Cloudy	Not a Collision Between Two Motor Vehicles in Transport	Yes	No Controls	2	0	No Injury	NA	41.80963	-71.43345	FALSE	FALSE	Messer Street and Cranston Street, Providence, RI, USA	Med High	Raw	NA	FALSE	41.80963	-71.43345	2018	March	West End
1387	2018-03-04	702989	19:10:00	Pedestrian	1	NA	FALSE	FALSE	1	Parade St	HOLLYWOOD RD	2018-03-04	Two-Way , Not Divided	Dry	Dark - Lighted	Clear	Not a Collision Between Two Motor Vehicles in Transport	No	Pavement Markings	4	1	Incapacitating	NA	41.81576	-71.433090000000007	FALSE	FALSE	Parade Street and Hollywood Rd, Providence, RI, USA	Med High	Raw	NA	FALSE	41.81576	-71.433090000000007	2018	March	West End
1385	2018-03-06	703644	15:50:00	Pedestrian	1	NA	FALSE	FALSE	1	REGENT AVE	HAROLD ST	2018-03-06	Two-Way , Not Divided	Dry	Daylight	Clear	Not a Collision Between Two Motor Vehicles in Transport	Yes	Stop Signs	1	1	Pain Reported	NA	41.82972	-71.4387	FALSE	FALSE	Regent Ave and Harold Street, Providence, RI, USA	Med High	Raw	NA	FALSE	41.82972	-71.4387	2018	March	Valley
1383	2018-03-07	704051	13:21:00	Pedestrian	1	NA	FALSE	FALSE	1	NARRAGANSETT BLVD	WASHINGTON AVE	2018-03-07	Two-Way , Not Divided	Wet	Daylight	Rain	Not a Collision Between Two Motor Vehicles in Transport	No	No Controls	3	1	Pain Reported	NA	41.78823	-71.39574	FALSE	FALSE	Narragansett Blvd and Washington Ave, Providence, RI, USA	Med High	Raw	NA	FALSE	41.78823	-71.39574	2018	March	Washington Park
1384	2018-03-07	704252	19:48:00	Pedestrian	1	NA	FALSE	FALSE	1	THURBERS AVE	BROAD ST	2018-03-07	Two-Way , Not Divided	Snow	Dark - Lighted	Snow	Other	No	No Controls	2	1	Pain Reported	NA	41.79822	-71.41453	FALSE	FALSE	Thurbers Ave and Broad Street, Providence, RI, USA	Med High	Raw	NA	FALSE	41.79822	-71.41453	2018	March	Elmwood
1382	2018-03-08	704642	18:04:00	Pedestrian	1	NA	FALSE	FALSE	1	COLLEGE ST	BENEFIT ST	2018-03-08	Two-Way , Not Divided	Dry	Dusk	Cloudy	Other	Yes	Pavement Markings	4	1	Pain Reported	NA	41.826	-71.40683	FALSE	FALSE	College Street and Benefit Street, Providence, RI, USA	Med	Raw	NA	FALSE	41.826	-71.40683	2018	March	College Hill
1381	2018-03-10	705343	20:10:00	Pedestrian	1	NA	FALSE	FALSE	1	atwells ave	STEUBEN ST	2018-03-10	Two-Way, Divided, Unprotected (painted>4feet) Medium	Dry	Dark - Lighted	Clear	Other	Yes	Person	1	1	Pain Reported	NA	41.82508	-71.44905	FALSE	FALSE	Atwells Ave and Steuben Street, Providence, RI, USA	Med High	Raw	NA	FALSE	41.82508	-71.44905	2018	March	Olneyville
1378	2018-03-12	705961	00:14:00	Other	NA	NA	FALSE	FALSE	1	BROADWAY	DEAN ST	2018-03-12	Two-Way , Not Divided	Dry	Dark - Lighted	Clear	Other	No	Flashing Traffic Control Signal	2	1	Non-Incapacitating	2	41.82139	-71.42258	FALSE	FALSE	Broadway and Dean Street, Providence, RI, USA	Med	Raw	NA	FALSE	41.82139	-71.42258	2018	March	Federal Hill
1379	2018-03-12	706008	07:31:00	Pedestrian	1	NA	FALSE	FALSE	1	CHARLES ST	LEDGE ST	2018-03-12	Two-Way , Not Divided	Dry	Daylight	Clear	Not a Collision Between Two Motor Vehicles in Transport	No	No Controls	5	1	Pain Reported	NA	41.85335	-71.42046	FALSE	FALSE	Charles Street and Ledge Street, Providence, RI, USA	Med	Raw	NA	FALSE	41.85335	-71.42046	2018	March	Charles
1380	2018-03-12	706159	13:54:00	Pedestrian	1	NA	FALSE	FALSE	1	ATLANTIC AVE	NIAGARA ST	2018-03-12	Two-Way , Not Divided	Dry	Daylight	Clear	Not a Collision Between Two Motor Vehicles in Transport	Yes	No Controls	2	1	Pain Reported	NA	41.79925	-71.41661	FALSE	FALSE	Atlantic Ave and Niagara Street, Providence, RI, USA	Med High	Geocoded	distance greater than 100m	TRUE	41.7986319	-71.4186449	2018	March	Elmwood
1377	2018-03-14	707593	23:55:00	Pedestrian	1	NA	FALSE	FALSE	1	SOMERSET ST	BROAD ST	2018-03-15	Two-Way , Not Divided	Wet	Dark - Lighted	Cloudy	Other	No	No Controls	4	1	Incapacitating	2	41.81332	-71.42129	FALSE	FALSE	Somerset Street and Broad Street, Providence, RI, USA	Med	Raw	NA	FALSE	41.81332	-71.42129	2018	March	Upper South Providence
1376	2018-03-17	709180	01:53:00	Pedestrian	1	NA	FALSE	FALSE	1	ACORN ST	ATWELLS AVE	2018-03-17	Two-Way , Not Divided	Dry	Dark - Lighted	Clear	Other	Yes	No Controls	4	1	Pain Reported	2	41.82385	-71.42801	FALSE	FALSE	Acorn Street and Atwells Ave, Providence, RI, USA	Med High	Raw	NA	FALSE	41.82385	-71.42801	2018	March	Federal Hill
1375	2018-03-20	711110	18:15:00	Bicycle	NA	1	FALSE	FALSE	1	BERGEN ST	ANDEM ST	2018-03-21	Two-Way , Not Divided	Dry	Dark - Lighted	Clear	Not a Collision Between Two Motor Vehicles in Transport	Yes	Stop Signs	1	1	Pain Reported	NA	41.83078	-71.43984	FALSE	FALSE	Bergen Street and Andem Street, Providence, RI, USA	Med High	Raw	NA	FALSE	41.83078	-71.43984	2018	March	Valley
1374	2018-03-21	711316	16:26:00	Pedestrian	1	NA	FALSE	FALSE	1	881 WESTMINSTER ST	NA	2018-03-21	Two-Way , Not Divided	Wet	Daylight	Snow	Not a Collision Between Two Motor Vehicles in Transport	No	No Controls	4	1	Pain Reported	2	41.81737	-71.42278	TRUE	TRUE	881 Westminster Street, Providence, RI, USA	High	Raw	NA	FALSE	41.81737	-71.42278	2018	March	West End
1373	2018-03-26	713019	18:01:00	Bicycle	NA	1	FALSE	FALSE	1	159 WEYBOSSET ST	NA	2018-03-26	Two-Way , Not Divided	Dry	Daylight	Clear	Not a Collision Between Two Motor Vehicles in Transport	No	No Controls	5	1	Pain Reported	2	41.82249	-71.41157	TRUE	TRUE	159 Weybosset Street, Providence, RI, USA	High	Raw	NA	FALSE	41.82249	-71.41157	2018	March	Downtown
1372	2018-03-27	713626	17:39:00	Pedestrian	1	NA	FALSE	FALSE	1	Dean Street	BROADWAY	2018-03-27	Two-Way, Divided, Unprotected (painted>4feet) Medium	Dry	Daylight	Clear	Not a Collision Between Two Motor Vehicles in Transport	No	No Controls	2	1	Non-Incapacitating	2	41.82133	-71.42247	FALSE	FALSE	Dean Street and Broadway, Providence, RI, USA	Med High	Raw	NA	FALSE	41.82133	-71.42247	2018	March	Federal Hill
1371	2018-03-30	714851	12:53:00	Pedestrian	1	NA	FALSE	FALSE	1	SALMON ST	MANTON AVE	2018-03-30	Two-Way , Not Divided	Dry	Daylight	Clear	Not a Collision Between Two Motor Vehicles in Transport	No	Pavement Markings	3	1	Pain Reported	NA	41.82521	-71.45405	FALSE	FALSE	Salmon Street and Manton Ave, Providence, RI, USA	Med High	Raw	NA	FALSE	41.82521	-71.45405	2018	March	Olneyville
1369	2018-04-02	715753	12:00:00	Pedestrian	1	NA	FALSE	FALSE	1	ELM ST	EDDY ST	2018-04-02	Two-Way , Not Divided	Wet	Daylight	Sleet, Hail (Freezing Rain or Drizzle)	Other	No	No Controls	4	1	Non-Incapacitating	NA	41.81825	-71.40748	FALSE	FALSE	Elm Street and Eddy Street, Providence, RI, USA	Med	Raw	NA	FALSE	41.81825	-71.40748	2018	April	Downtown
1370	2018-04-02	715886	15:11:00	Pedestrian	1	NA	FALSE	FALSE	1	BROADWAY	SERVICE ROAD 8	2018-04-02	Two-Way , Not Divided	Dry	Daylight	Clear	Not a Collision Between Two Motor Vehicles in Transport	No	Traffic Control Signal	3	1	Pain Reported	NA	41.82212	-71.41976	FALSE	FALSE	Broadway and Service Road 8, Providence, RI, USA	Med High	Raw	distance greater than 100m	TRUE	41.82212	-71.41976	2018	April	Federal Hill
1368	2018-04-03	716182	13:01:00	Pedestrian	1	NA	FALSE	FALSE	1	S MAIN ST	COLLEGE ST	2018-04-03	One-Way Trafficway	Dry	Daylight	Cloudy	Not a Collision Between Two Motor Vehicles in Transport	No	Pavement Markings	2	1	Pain Reported	NA	41.82528	-71.40756	FALSE	FALSE	S Main Street and College Street, Providence, RI, USA	Med High	Raw	NA	FALSE	41.82528	-71.40756	2018	April	Downtown
1366	2018-04-06	717576	14:55:00	Pedestrian	1	NA	FALSE	FALSE	1	BROAD ST	BROAD ST	2018-04-06	Two-Way, Divided, Unprotected (painted>4feet) Medium	Wet	Daylight	Snow	Not a Collision Between Two Motor Vehicles in Transport	Yes	Pavement Markings	2	1	Pain Reported	NA	41.80572	-71.41978	FALSE	FALSE	Broad Street and Broad Street, Providence, RI, USA	Med	Raw	distance greater than 100m	TRUE	41.80572	-71.41978	2018	April	Elmwood