row_number	crash_date	crash_report_id	crash_time	collision_type	count_pedestrian	count_bicycle	scooter	wheel_chair	number_of_vehicles	street_or_highway	nearest_intersection	report_date	type_of_roadway	road_surface_condition	light_condition	weather_condition	manner_of_impact	hit_and_run	traffic_control	person_count	injury_count	most_serious_injury	number_of_lanes	lat_raw	lon_raw	has_st_number	is_intersection_null	address_sent_to_geocoder	api_coord_conf	best_coordinate_set	reason_for_qa	manually_qaed_record	final_lat	final_lon	year	month	pvd_nhood
1367	2018-04-06	717770	20:09:00	Pedestrian	1	NA	FALSE	FALSE	1	DOUGLAS AVE	DOUGLAS AVE	2018-04-06	Two-Way , Not Divided	Wet	Dark - Lighted	Cloudy	Not a Collision Between Two Motor Vehicles in Transport	No	No Controls	2	1	Pain Reported	NA	41.83567	-71.41871	FALSE	FALSE	Douglas Ave and Douglas Ave, Providence, RI, USA	Med High	Raw	distance greater than 100m	TRUE	41.83567	-71.41871	2018	April	Smith Hill
1365	2018-04-11	720016	21:46:00	Pedestrian	1	NA	FALSE	FALSE	1	HAGAN ST	Charles St	2018-04-11	Two-Way , Not Divided	Dry	Dark - Lighted	Clear	Not a Collision Between Two Motor Vehicles in Transport	No	Stop Signs	3	1	Pain Reported	NA	41.85707	-71.42112	FALSE	FALSE	Hagan Street and Charles Street, Providence, RI, USA	Med High	Raw	NA	FALSE	41.85707	-71.42112	2018	April	Charles
1364	2018-04-12	720530	15:29:00	Pedestrian	1	NA	FALSE	FALSE	1	Althea St	Union Ave	2018-04-12	Two-Way, Divided, Unprotected (painted>4feet) Medium	Dry	Daylight	Clear	Not a Collision Between Two Motor Vehicles in Transport	No	No Controls	2	1	Pain Reported	NA	41.80934	-71.43873	FALSE	FALSE	Althea Street and Union Ave, Providence, RI, USA	Med High	Raw	NA	FALSE	41.80934	-71.43873	2018	April	West End
1363	2018-04-14	721313	12:09:00	Pedestrian	1	NA	FALSE	FALSE	1	1010 CHALKSTONE AVENUE	TIFFANY ST	2018-04-14	Two-Way , Not Divided	Dry	Daylight	Clear	Other	No	No Controls	2	1	Pain Reported	NA	41.83226	-71.44098	TRUE	FALSE	1010 Chalkstone Avenue, Providence, RI, USA	High	Raw	NA	FALSE	41.83226	-71.44098	2018	April	Valley
1362	2018-04-17	722323	14:42:00	Pedestrian	1	NA	FALSE	FALSE	1	291 Thayer st	CUSHING ST	2018-04-17	One-Way Trafficway	Dry	Daylight	Clear	Not a Collision Between Two Motor Vehicles in Transport	No	Stop Signs	2	1	Pain Reported	NA	41.83	-71.4009	TRUE	FALSE	291 Thayer Street, Providence, RI, USA	High	Raw	NA	FALSE	41.83	-71.4009	2018	April	College Hill
1361	2018-04-22	724088	13:23:00	Pedestrian	1	NA	FALSE	FALSE	1	DOUGLAS AVE	WAYNE ST	2018-04-22	Two-Way , Not Divided	Dry	Daylight	Clear	Not a Collision Between Two Motor Vehicles in Transport	No	No Controls	3	1	Non-Incapacitating	NA	41.83594	-71.41935	FALSE	FALSE	Douglas Ave and Wayne Street, Providence, RI, USA	Med High	Raw	NA	FALSE	41.83594	-71.41935	2018	April	Smith Hill
1359	2018-04-23	724379	13:39:00	Pedestrian	1	NA	FALSE	FALSE	1	BROAD ST	ADELAIDE AVE	2018-04-23	Two-Way , Not Divided	Dry	Dark - Lighted	Clear	Not a Collision Between Two Motor Vehicles in Transport	Yes	No Controls	1	1	Pain Reported	NA	41.79874	-71.41534	FALSE	FALSE	Broad Street and Adelaide Ave, Providence, RI, USA	Med	Raw	NA	FALSE	41.79874	-71.41534	2018	April	Elmwood
1360	2018-04-23	724398	15:19:00	Pedestrian	1	NA	FALSE	FALSE	1	235 Eaton St	RADCLIFFE AVE	2018-04-23	Two-Way , Not Divided	Dry	Daylight	Clear	Not a Collision Between Two Motor Vehicles in Transport	No	No Controls	3	1	Pain Reported	NA	41.84115	-71.43001	TRUE	FALSE	235 Eaton Street, Providence, RI, USA	High	Raw	distance greater than 100m	TRUE	41.84115	-71.43001	2018	April	Elmhurst
1358	2018-04-24	724893	07:23:00	Pedestrian	1	NA	FALSE	FALSE	1	POWER ST	THAYER ST	2018-04-24	Two-Way , Not Divided	Dry	Daylight	Clear	Not a Collision Between Two Motor Vehicles in Transport	No	Pavement Markings	3	1	Pain Reported	NA	41.82296	-71.39996	FALSE	FALSE	Power Street and Thayer Street, Providence, RI, USA	Med High	Raw	NA	FALSE	41.82296	-71.39996	2018	April	College Hill
1355	2018-04-26	725871	11:15:00	Pedestrian	1	NA	FALSE	FALSE	1	PLAINFIELD ST	EDNA ST	2018-04-26	Two-Way, Divided, Positive Median Barrier	Dry	Daylight	Clear	Other	No	Traffic Control Signal	3	1	Pain Reported	NA	41.81592	-71.44513	FALSE	FALSE	Plainfield Street and Edna Street, Providence, RI, USA	Med High	Raw	NA	FALSE	41.81592	-71.44513	2018	April	Olneyville
1356	2018-04-26	725895	16:13:00	Bicycle	NA	1	FALSE	FALSE	1	718 PLAINFIELD ST	NA	2018-04-26	Two-Way , Not Divided	Dry	Daylight	Clear	Not a Collision Between Two Motor Vehicles in Transport	No	No Controls	2	1	Pain Reported	2	41.81124	-71.46197	TRUE	TRUE	718 Plainfield Street, Providence, RI, USA	High	Raw	NA	FALSE	41.81124	-71.46197	2018	April	Silver Lake
1357	2018-04-26	726183	19:34:00	Bicycle	NA	1	FALSE	FALSE	1	EAST DR	GENERAL ST	2018-04-26	Two-Way , Not Divided	Dry	Dark - Lighted	Clear	Not a Collision Between Two Motor Vehicles in Transport	Yes	No Controls	2	1	Pain Reported	NA	41.85324	-71.44271	FALSE	FALSE	East Dr and General Street, Providence, RI, USA	Med	Raw	NA	FALSE	41.85324	-71.44271	2018	April	Wanskuck
1354	2018-04-27	726283	11:00:00	Pedestrian	1	NA	FALSE	FALSE	1	FULTON ST	DORRANCE ST	2018-04-27	Two-Way , Not Divided	Dry	Daylight	Clear	Not a Collision Between Two Motor Vehicles in Transport	No	Traffic Control Signal	5	1	Pain Reported	NA	41.82413	-71.41236	FALSE	FALSE	Fulton Street and Dorrance Street, Providence, RI, USA	Med	Raw	NA	FALSE	41.82413	-71.41236	2018	April	Downtown
1353	2018-04-28	726550	12:37:00	Pedestrian	1	NA	FALSE	FALSE	1	BROAD ST	OXFORD ST	2018-04-29	Two-Way , Not Divided	Dry	Daylight	Clear	Not a Collision Between Two Motor Vehicles in Transport	No	No Controls	3	1	Pain Reported	NA	41.79962	-71.41642	FALSE	FALSE	Broad Street and Oxford Street, Providence, RI, USA	Med	Geocoded	distance greater than 100m	TRUE	41.8004502	-71.417447	2018	April	Elmwood
1352	2018-04-30	726621	12:42:00	Pedestrian	1	NA	FALSE	FALSE	1	62 DUDLEY ST	NA	2018-04-30	Unknown	Dry	Daylight	Clear	Not a Collision Between Two Motor Vehicles in Transport	No	No Controls	3	1	Pain Reported	NA	41.80731	-71.40725	TRUE	TRUE	62 Dudley Street, Providence, RI, USA	High	Geocoded	distance greater than 100m	TRUE	41.8101086	-71.40962	2018	April	Upper South Providence
1351	2018-05-01	726741	11:45:00	Pedestrian	1	NA	FALSE	FALSE	1	CHARLES ST	CHARLES ST	2018-05-01	Unknown	Dry	Daylight	Clear	Not a Collision Between Two Motor Vehicles in Transport	Yes	No Controls	1	1	Pain Reported	NA	41.84688	-71.41936	FALSE	FALSE	Charles Street and Charles Street, Providence, RI, USA	Med	Raw	NA	FALSE	41.84688	-71.41936	2018	May	Charles
1350	2018-05-03	726983	15:16:00	Pedestrian	1	NA	FALSE	FALSE	1	S MAIN ST	COLLEGE ST	2018-05-03	One-Way Trafficway	Dry	Daylight	Clear	Not a Collision Between Two Motor Vehicles in Transport	No	Traffic Control Signal	4	1	Non-Incapacitating	2	41.82568	-71.40787	FALSE	FALSE	S Main Street and College Street, Providence, RI, USA	Med High	Raw	NA	FALSE	41.82568	-71.40787	2018	May	Downtown
1348	2018-05-04	727129	09:01:00	Pedestrian	1	NA	FALSE	FALSE	1	STEPHEN HOPKINS COURT	WILLIAM ELLERY PL	2018-05-04	Two-Way , Not Divided	Dry	Daylight	Clear	Not a Collision Between Two Motor Vehicles in Transport	Yes	No Controls	1	1	Pain Reported	NA	41.83745	-71.40714	FALSE	FALSE	Stephen Hopkins Court and William Ellery Pl, Providence, RI, USA	Med High	Raw	NA	FALSE	41.83745	-71.40714	2018	May	Mount Hope
1349	2018-05-04	727577	16:19:00	Pedestrian	1	NA	TRUE	FALSE	1	CHARLES ST	CORLISS ST	2018-05-04	Two-Way, Divided, Unprotected (painted>4feet) Medium	Dry	Daylight	Clear	Not a Collision Between Two Motor Vehicles in Transport	No	Stop Signs	2	1	Pain Reported	NA	41.83806	-71.41452	FALSE	FALSE	Charles Street and Corliss Street, Providence, RI, USA	Med	Raw	NA	FALSE	41.83806	-71.41452	2018	May	Mount Hope
1346	2018-05-05	727635	14:15:00	Pedestrian	1	NA	FALSE	FALSE	1	HOSPITAL ST	POINT ST	2018-05-05	Two-Way , Not Divided	Dry	Daylight	Clear	Other	No	No Controls	3	1	Pain Reported	NA	41.81583	-71.40961	FALSE	FALSE	Hospital Street and Point Street, Providence, RI, USA	Med High	Raw	NA	FALSE	41.81583	-71.40961	2018	May	Downtown
1347	2018-05-05	727662	21:55:00	Pedestrian	1	NA	FALSE	FALSE	1	MANTON AVE	LYNCH ST	2018-05-05	Two-Way , Not Divided	Dry	Dark - Lighted	Clear	Not a Collision Between Two Motor Vehicles in Transport	Yes	No Controls	1	1	Pain Reported	NA	41.82415	-71.4522	FALSE	FALSE	Manton Ave and Lynch Street, Providence, RI, USA	Med High	Raw	NA	FALSE	41.82415	-71.4522	2018	May	Olneyville
1345	2018-05-09	728178	15:59:00	Other	NA	1	FALSE	FALSE	1	601 N MAIN ST	NA	2018-05-09	Two-Way , Not Divided	Dry	Daylight	Clear	Not a Collision Between Two Motor Vehicles in Transport	No	No Controls	2	0	No Injury	NA	41.83825	-71.40925	TRUE	TRUE	601 N Main Street, Providence, RI, USA	High	Raw	distance greater than 100m	TRUE	41.83825	-71.40925	2018	May	Mount Hope
1344	2018-05-10	728408	12:40:00	Bicycle	NA	1	FALSE	FALSE	1	FEDERAL ST	DEAN ST	2018-05-10	Two-Way , Not Divided	Dry	Daylight	Clear	Not a Collision Between Two Motor Vehicles in Transport	No	No Controls	3	1	Pain Reported	NA	41.82228	-71.42327	FALSE	FALSE	Federal Street and Dean Street, Providence, RI, USA	Med High	Raw	NA	FALSE	41.82228	-71.42327	2018	May	Federal Hill
1342	2018-05-11	728771	13:45:00	Pedestrian	1	NA	FALSE	FALSE	1	VALLEY ST	RIVER AVE	2018-05-11	Two-Way , Not Divided	Dry	Daylight	Clear	Not a Collision Between Two Motor Vehicles in Transport	No	Traffic Control Signal	4	1	Pain Reported	2	41.82796	-71.43516	FALSE	FALSE	Valley Street and River Ave, Providence, RI, USA	Med High	Raw	NA	FALSE	41.82796	-71.43516	2018	May	Valley
1343	2018-05-11	728778	19:28:00	Pedestrian	1	NA	FALSE	FALSE	1	SMITH ST	CHALKSTONE AVE	2018-05-11	Two-Way , Not Divided	Dry	Dark - Lighted	Clear	Not a Collision Between Two Motor Vehicles in Transport	No	No Controls	3	1	Pain Reported	NA	41.83542	-71.42616	FALSE	FALSE	Smith Street and Chalkstone Ave, Providence, RI, USA	Med High	Raw	NA	FALSE	41.83542	-71.42616	2018	May	Smith Hill
1341	2018-05-14	729290	16:56:00	Pedestrian	1	NA	FALSE	FALSE	1	PACKET ST	S MAIN ST	2018-05-14	Two-Way , Not Divided	Dry	Daylight	Clear	Not a Collision Between Two Motor Vehicles in Transport	No	Stop Signs	2	1	Pain Reported	NA	41.8235	-71.40617	FALSE	FALSE	Packet Street and S Main Street, Providence, RI, USA	Med	Raw	distance greater than 100m	TRUE	41.8235	-71.40617	2018	May	Downtown
1339	2018-05-17	730033	00:58:00	Pedestrian	2	NA	FALSE	FALSE	1	S WATER ST	POINT ST	2018-05-17	One-Way Trafficway	Wet	Dark - Lighted	Rain	Angle (Front - to - Side) Right Angle (Includes Broadside)	No	Traffic Control Signal	4	2	Non-Incapacitating	NA	41.81869	-71.40178	FALSE	FALSE	S Water Street and Point Street, Providence, RI, USA	Med High	Raw	NA	FALSE	41.81869	-71.40178	2018	May	Fox Point
1340	2018-05-17	730101	11:37:00	Pedestrian	1	NA	FALSE	FALSE	1	SILVER SPRING ST	TOURO ST	2018-05-17	Two-Way , Not Divided	Dry	Daylight	Cloudy	Not a Collision Between Two Motor Vehicles in Transport	No	No Controls	2	1	Non-Incapacitating	NA	41.84516	-71.41822	FALSE	FALSE	Silver Spring Street and Touro Street, Providence, RI, USA	Med High	Raw	NA	FALSE	41.84516	-71.41822	2018	May	Charles
1337	2018-05-19	730637	01:17:00	Pedestrian	1	NA	FALSE	FALSE	1	GASPEE ST	SMITH ST	2018-05-19	Two-Way , Not Divided	Dry	Dark - Lighted	Clear	Not a Collision Between Two Motor Vehicles in Transport	No	Traffic Control Signal	2	1	Pain Reported	NA	41.83152	-71.41281	FALSE	FALSE	Gaspee Street and Smith Street, Providence, RI, USA	Med High	Raw	NA	FALSE	41.83152	-71.41281	2018	May	Downtown
1338	2018-05-19	730662	13:16:00	Bicycle	NA	1	FALSE	FALSE	1	LUBEC ST	DOUGLAS AVE	2018-05-19	Two-Way, Divided, Unprotected (painted>4feet) Medium	Wet	Daylight	Rain	Not a Collision Between Two Motor Vehicles in Transport	No	Pavement Markings	2	1	Pain Reported	NA	41.85573	-71.4417	FALSE	FALSE	Lubec Street and Douglas Ave, Providence, RI, USA	Med High	Raw	NA	FALSE	41.85573	-71.4417	2018	May	Wanskuck
1335	2018-05-20	731175	13:00:00	Bicycle	NA	1	FALSE	FALSE	1	Earl St	ELMWOOD AVE	2018-05-20	Two-Way, Divided, Positive Median Barrier	Dry	Daylight	Clear	Angle (Front - to - Side) Right Angle (Includes Broadside)	No	No Controls	2	1	Pain Reported	NA	41.79809	-71.42618	FALSE	FALSE	Earl Street and Elmwood Ave, Providence, RI, USA	Med High	Raw	NA	FALSE	41.79809	-71.42618	2018	May	West End
1336	2018-05-20	732229	13:57:00	Bicycle	NA	1	FALSE	FALSE	1	7TH ST	HIGHLAND AVE	2018-05-24	Two-Way , Not Divided	Dry	Daylight	Clear	Other	No	Stop Signs	2	1	Pain Reported	NA	41.83793	-71.42404	FALSE	FALSE	7th Street and Highland Ave, Providence, RI, USA	Med High	Geocoded	distance greater than 100m	TRUE	41.8529679	-71.3990119	2018	May	Hope
1333	2018-05-21	731274	11:53:00	Pedestrian	2	NA	FALSE	FALSE	1	E GEORGE ST	GANO ST	2018-05-21	Two-Way , Not Divided	Dry	Daylight	Clear	Not a Collision Between Two Motor Vehicles in Transport	No	Pavement Markings	5	2	Incapacitating	NA	41.82587	-71.3904	FALSE	FALSE	E George Street and Gano Street, Providence, RI, USA	Med High	Raw	NA	FALSE	41.82587	-71.3904	2018	May	Fox Point
1334	2018-05-21	731291	17:04:00	Pedestrian	1	NA	FALSE	FALSE	1	ACADEMY AVE	MAPLEHURST AVE	2018-05-21	Two-Way , Not Divided	Dry	Daylight	Clear	Not a Collision Between Two Motor Vehicles in Transport	Yes	No Controls	5	1	Pain Reported	2	41.82681	-71.44364	FALSE	FALSE	Academy Ave and Maplehurst Ave, Providence, RI, USA	Med High	Raw	NA	FALSE	41.82681	-71.44364	2018	May	Mount Pleasant
1330	2018-05-22	731369	12:11:00	Pedestrian	1	NA	FALSE	FALSE	1	WHITE ST	10TH ST	2018-05-22	Two-Way , Not Divided	Dry	Daylight	Clear	Not a Collision Between Two Motor Vehicles in Transport	No	Traffic Control Signal	3	1	Pain Reported	NA	41.85546	-71.40009	FALSE	FALSE	White Street and 10th Street, Providence, RI, USA	Med	Raw	NA	FALSE	41.85546	-71.40009	2018	May	Hope
1331	2018-05-22	731402	15:19:00	Pedestrian	2	NA	FALSE	FALSE	1	WICKENDEN ST	SOUTH MAIN ST	2018-05-22	Two-Way, Divided, Positive Median Barrier	Dry	Daylight	Clear	Not a Collision Between Two Motor Vehicles in Transport	No	Traffic Control Signal	4	2	Pain Reported	4	41.81905	-71.4009	FALSE	FALSE	Wickenden Street and South Main Street, Providence, RI, USA	Med High	Raw	NA	FALSE	41.81905	-71.4009	2018	May	Fox Point
1332	2018-05-22	731611	18:33:00	Pedestrian	1	NA	FALSE	FALSE	1	KENNEDY PLZ	ARCADE ST	2018-05-22	One-Way Trafficway	Wet	Daylight	Clear	Head-On (Front - to - Front)	Yes	No Controls	1	1	Pain Reported	NA	41.82451	-71.41186	FALSE	FALSE	Kennedy Plz and Arcade Street, Providence, RI, USA	Med High	Raw	NA	FALSE	41.82451	-71.41186	2018	May	Downtown
1329	2018-05-23	731739	12:48:00	Pedestrian	1	NA	FALSE	FALSE	1	RESERVOIR AVE	ELMWOOD AVE	2018-05-23	Two-Way , Not Divided	Dry	Daylight	Clear	Not a Collision Between Two Motor Vehicles in Transport	Yes	No Controls	1	1	Pain Reported	NA	41.7978	-71.4261	FALSE	FALSE	Reservoir Ave and Elmwood Ave, Providence, RI, USA	Med High	Raw	NA	FALSE	41.7978	-71.4261	2018	May	West End
1328	2018-05-24	732683	18:13:00	Pedestrian	1	NA	FALSE	FALSE	1	ADELAIDE AVE	BROAD ST	2018-05-24	Two-Way, Divided, Unprotected (painted>4feet) Medium	Dry	Daylight	Clear	Not a Collision Between Two Motor Vehicles in Transport	No	Traffic Control Signal	3	1	Incapacitating	1	41.79885	-71.41547	FALSE	FALSE	Adelaide Ave and Broad Street, Providence, RI, USA	Med High	Raw	NA	FALSE	41.79885	-71.41547	2018	May	Elmwood
1327	2018-05-25	732689	01:00:00	Pedestrian	1	NA	FALSE	FALSE	1	WESTMINSTER ST	CAHIR ST	2018-05-25	Two-Way , Not Divided	Dry	Dark - Lighted	Clear	Not a Collision Between Two Motor Vehicles in Transport	Yes	Traffic Control Signal	1	1	Pain Reported	NA	41.81822	-71.42018	FALSE	FALSE	Westminster Street and Cahir Street, Providence, RI, USA	Med High	Raw	NA	FALSE	41.81822	-71.42018	2018	May	Federal Hill
1324	2018-05-26	733061	15:35:00	Pedestrian	1	NA	FALSE	FALSE	1	VALLEY ST	ATWELLS AVE	2018-05-26	Two-Way , Not Divided	Dry	Daylight	Clear	Not a Collision Between Two Motor Vehicles in Transport	Yes	Traffic Control Signal	2	1	Pain Reported	NA	41.82469	-71.43945	FALSE	FALSE	Valley Street and Atwells Ave, Providence, RI, USA	Med High	Raw	NA	FALSE	41.82469	-71.43945	2018	May	Valley
1325	2018-05-26	733161	12:29:00	Bicycle	NA	1	FALSE	FALSE	1	387 CHARLES ST	EXIT  (RT )	2018-05-27	Two-Way , Not Divided	Dry	Daylight	Clear	Not a Collision Between Two Motor Vehicles in Transport	Yes	Traffic Control Signal	1	1	Pain Reported	NA	41.84224	-71.41786	TRUE	FALSE	387 Charles Street, Providence, RI, USA	High	Raw	distance greater than 100m	TRUE	41.84224	-71.41786	2018	May	Charles
1326	2018-05-26	733233	10:25:00	Pedestrian	2	NA	FALSE	FALSE	1	DEXTERDALE RD	CAMP ST	2018-05-28	Two-Way , Not Divided	Dry	Daylight	Cloudy	Other	Yes	No Controls	4	1	Pain Reported	NA	41.84786	-71.40251	FALSE	FALSE	Dexterdale Rd and Camp Street, Providence, RI, USA	Med High	Raw	distance greater than 100m	TRUE	41.84786	-71.40251	2018	May	Hope
1321	2018-05-28	733252	17:13:00	Pedestrian	3	NA	FALSE	FALSE	1	Pavilion Ave	PRAIRIE AVE	2018-05-28	Two-Way , Not Divided	Dry	Daylight	Clear	Not a Collision Between Two Motor Vehicles in Transport	No	No Controls	6	3	Non-Incapacitating	NA	41.79519	-71.41005	FALSE	FALSE	Pavilion Ave and Prairie Ave, Providence, RI, USA	Med High	Raw	NA	FALSE	41.79519	-71.41005	2018	May	Lower South Providence
1322	2018-05-28	733270	19:42:00	Bicycle	NA	1	FALSE	FALSE	1	SMITH ST	ORMS ST	2018-05-28	Two-Way , Not Divided	Dry	Dusk	Clear	Not a Collision Between Two Motor Vehicles in Transport	No	Traffic Control Signal	4	1	Non-Incapacitating	NA	41.83377	-71.42198	FALSE	FALSE	Smith Street and Orms Street, Providence, RI, USA	Med High	Raw	NA	FALSE	41.83377	-71.42198	2018	May	Smith Hill
1323	2018-05-28	733290	23:09:00	Pedestrian	1	NA	FALSE	FALSE	1	WEST FRANKLIN STREET	FRIENDSHIP ST	2018-05-29	One-Way Trafficway	Dry	Dark - Lighted	Clear	Not a Collision Between Two Motor Vehicles in Transport	No	Traffic Control Signal	3	2	Incapacitating	NA	41.81638	-71.41587	FALSE	FALSE	West Franklin Street and Friendship Street, Providence, RI, USA	Med	Raw	NA	FALSE	41.81638	-71.41587	2018	May	Upper South Providence
1320	2018-05-30	733789	15:58:00	Pedestrian	1	NA	FALSE	FALSE	1	POINT ST	GLOBE ST	2018-05-30	Two-Way, Divided, Unprotected (painted>4feet) Medium	Dry	Daylight	Clear	Not a Collision Between Two Motor Vehicles in Transport	No	Stop Signs	2	0	No Injury	NA	41.81566	-71.4095	FALSE	FALSE	Point Street and Globe Street, Providence, RI, USA	Med	Raw	distance greater than 100m	TRUE	41.81566	-71.4095	2018	May	Downtown
1319	2018-05-31	734588	15:57:00	Pedestrian	1	NA	FALSE	FALSE	1	135 Harris Avenue	135 Harris Avenue	2018-05-31	Two-Way, Divided, Positive Median Barrier	Dry	Daylight	Clear	Not a Collision Between Two Motor Vehicles in Transport	Yes	No Controls	2	1	Non-Incapacitating	2	41.82687	-71.42475	TRUE	FALSE	135 Harris Avenue, Providence, RI, USA	High	Raw	NA	FALSE	41.82687	-71.42475	2018	May	Smith Hill
1318	2018-06-05	735788	19:48:00	Bicycle	NA	1	FALSE	FALSE	1	MANTON AVE	DELAINE ST	2018-06-05	Two-Way , Not Divided	Dry	Dark - Lighted	Cloudy	Not a Collision Between Two Motor Vehicles in Transport	Yes	Traffic Control Signal	1	1	Pain Reported	NA	41.81795	-71.44465	FALSE	FALSE	Manton Ave and Delaine Street, Providence, RI, USA	Med High	Raw	NA	FALSE	41.81795	-71.44465	2018	June	Olneyville
1316	2018-06-06	735975	18:00:00	Pedestrian	1	NA	FALSE	FALSE	1	BROOM ST	EDDY ST	2018-06-06	Two-Way, Not Divided With a Continuous Left Turn Lane	Dry	Daylight	Cloudy	Not a Collision Between Two Motor Vehicles in Transport	Yes	Stop Signs	2	1	Pain Reported	NA	41.79052	-71.40477	FALSE	FALSE	Broom Street and Eddy Street, Providence, RI, USA	Med High	Raw	distance greater than 100m	TRUE	41.79052	-71.40477	2018	June	Washington Park
1317	2018-06-06	735982	14:45:00	Pedestrian	1	NA	FALSE	FALSE	1	Dexter Street	WALDO ST	2018-06-06	Two-Way, Divided, Unprotected (painted>4feet) Medium	Dry	Daylight	Clear	Not a Collision Between Two Motor Vehicles in Transport	No	No Controls	4	1	Non-Incapacitating	1	41.80467	-71.4299	FALSE	FALSE	Dexter Street and Waldo Street, Providence, RI, USA	Med High	Raw	NA	FALSE	41.80467	-71.4299	2018	June	West End
1315	2018-06-07	736163	23:36:00	Bicycle	NA	1	FALSE	FALSE	1	ELMWOOD AVE	BISSELL ST	2018-06-08	Two-Way, Divided, Unprotected (painted>4feet) Medium	Dry	Dark - Lighted	Clear	Angle - Direction Not Specified	No	No Controls	3	1	Pain Reported	4	41.77744	-71.42118	FALSE	FALSE	Elmwood Ave and Bissell Street, Providence, RI, USA	Med High	Raw	NA	FALSE	41.77744	-71.42118	2018	June	South Elmwood
1314	2018-06-09	736288	08:45:00	Pedestrian	1	NA	FALSE	FALSE	1	195 EAST ON-RAMP	SOUTH MAIN ST	2018-06-09	One-Way Trafficway	Dry	Daylight	Clear	Not a Collision Between Two Motor Vehicles in Transport	No	Other	3	1	Pain Reported	NA	41.81686	-71.39849	TRUE	FALSE	195 East On-Ramp, Providence, RI, USA	High	Raw	distance greater than 100m	TRUE	41.81686	-71.39849	2018	June	Fox Point
1313	2018-06-10	736400	12:16:00	Pedestrian	1	NA	FALSE	FALSE	1	EDDY ST	BAY ST	2018-06-10	Two-Way , Not Divided	Dry	Daylight	Clear	Not a Collision Between Two Motor Vehicles in Transport	No	No Controls	5	1	Pain Reported	NA	41.8062	-71.40724	FALSE	FALSE	Eddy Street and Bay Street, Providence, RI, USA	Med High	Raw	NA	FALSE	41.8062	-71.40724	2018	June	Lower South Providence
1311	2018-06-13	737003	10:06:00	Pedestrian	1	NA	FALSE	FALSE	1	N MAIN ST	WASHINGTON PL	2018-06-13	One-Way Trafficway	Dry	Daylight	Cloudy	Not a Collision Between Two Motor Vehicles in Transport	No	Traffic Control Signal	2	1	Pain Reported	NA	41.82688	-71.4087	FALSE	FALSE	N Main Street and Washington Pl, Providence, RI, USA	Med	Raw	NA	FALSE	41.82688	-71.4087	2018	June	Downtown
1312	2018-06-13	737021	14:18:00	Bicycle	NA	1	FALSE	FALSE	1	Broad St	BROAD ST	2018-06-13	Two-Way , Not Divided	Wet	Daylight	Clear	Not a Collision Between Two Motor Vehicles in Transport	No	No Controls	3	1	Pain Reported	NA	41.80158	-71.41841	FALSE	FALSE	Broad Street and Broad Street, Providence, RI, USA	Med	Raw	distance greater than 100m	TRUE	41.80158	-71.41841	2018	June	Elmwood
1308	2018-06-14	737096	00:24:00	Pedestrian	1	NA	FALSE	FALSE	1	SMITH ST	YOUNG AVE	2018-06-14	Two-Way , Not Divided	Dry	Dark - Lighted	Clear	Other	No	No Controls	4	2	Incapacitating	2	41.83575	-71.42697	FALSE	FALSE	Smith Street and Young Ave, Providence, RI, USA	Med	Raw	NA	FALSE	41.83575	-71.42697	2018	June	Smith Hill
1309	2018-06-14	737147	17:04:00	Bicycle	NA	1	FALSE	FALSE	1	salmon st	MANTON AVE	2018-06-14	Two-Way , Not Divided	Dry	Daylight	Clear	Not a Collision Between Two Motor Vehicles in Transport	No	Stop Signs	2	1	Pain Reported	NA	41.82509	-71.45394	FALSE	FALSE	Salmon Street and Manton Ave, Providence, RI, USA	Med High	Raw	NA	FALSE	41.82509	-71.45394	2018	June	Olneyville
1310	2018-06-14	737157	22:57:00	Bicycle	NA	1	FALSE	FALSE	1	WESTMINSTER ST	CAHIR ST	2018-06-14	Two-Way , Not Divided	Dry	Dark - Lighted	Clear	Not a Collision Between Two Motor Vehicles in Transport	No	Traffic Control Signal	2	0	No Injury	NA	41.81822	-71.42018	FALSE	FALSE	Westminster Street and Cahir Street, Providence, RI, USA	Med High	Raw	NA	FALSE	41.81822	-71.42018	2018	June	Federal Hill
1307	2018-06-16	737250	11:51:00	Bicycle	NA	1	FALSE	FALSE	1	HOPE ST	OVERHILL RD	2018-06-16	Two-Way , Not Divided	Dry	Daylight	Clear	Not a Collision Between Two Motor Vehicles in Transport	No	No Controls	2	1	Pain Reported	NA	41.8512	-71.39396	FALSE	FALSE	Hope Street and Overhill Rd, Providence, RI, USA	Med High	Raw	NA	FALSE	41.8512	-71.39396	2018	June	Hope
1306	2018-06-17	737391	16:46:00	Pedestrian	1	NA	FALSE	FALSE	1	Orms St	CANDACE ST	2018-06-17	Two-Way , Not Divided	Dry	Daylight	Clear	Not a Collision Between Two Motor Vehicles in Transport	No	Traffic Control Signal	5	1	Pain Reported	NA	41.83378	-71.42189	FALSE	FALSE	Orms Street and Candace Street, Providence, RI, USA	Med High	Raw	NA	FALSE	41.83378	-71.42189	2018	June	Smith Hill