row_number	crash_date	crash_report_id	crash_time	collision_type	count_pedestrian	count_bicycle	scooter	wheel_chair	number_of_vehicles	street_or_highway	nearest_intersection	report_date	type_of_roadway	road_surface_condition	light_condition	weather_condition	manner_of_impact	hit_and_run	traffic_control	person_count	injury_count	most_serious_injury	number_of_lanes	lat_raw	lon_raw	has_st_number	is_intersection_null	address_sent_to_geocoder	api_coord_conf	best_coordinate_set	reason_for_qa	manually_qaed_record	final_lat	final_lon	year	month	pvd_nhood
1305	2018-06-18	737515	14:59:00	Bicycle	NA	1	FALSE	FALSE	1	Washington Street	Snow Street	2018-06-18	Two-Way, Divided, Unprotected (painted>4feet) Medium	Dry	Daylight	Clear	Not a Collision Between Two Motor Vehicles in Transport	No	Stop Signs	3	1	Non-Incapacitating	1	41.82252	-71.4155	FALSE	FALSE	Washington Street and Snow Street, Providence, RI, USA	Med High	Raw	NA	FALSE	41.82252	-71.4155	2018	June	Downtown
1304	2018-06-19	737593	17:27:00	Bicycle	NA	1	FALSE	FALSE	1	Lowell Avenue	Nye Street	2018-06-19	Two-Way, Divided, Unprotected (painted>4feet) Medium	Dry	Daylight	Clear	Not a Collision Between Two Motor Vehicles in Transport	Yes	No Controls	1	1	Non-Incapacitating	1	41.81703	-71.46038	FALSE	FALSE	Lowell Avenue and Nye Street, Providence, RI, USA	Med High	Raw	NA	FALSE	41.81703	-71.46038	2018	June	Hartford
1303	2018-06-20	737684	17:27:00	Bicycle	NA	1	FALSE	FALSE	1	Wood St	ELLERY ST	2018-06-20	Two-Way , Not Divided	Dry	Daylight	Clear	Not a Collision Between Two Motor Vehicles in Transport	No	No Controls	3	1	Non-Incapacitating	NA	41.81257	-71.43793	FALSE	FALSE	Wood Street and Ellery Street, Providence, RI, USA	Med High	Raw	NA	FALSE	41.81257	-71.43793	2018	June	West End
1301	2018-06-21	737782	15:45:00	Pedestrian	1	NA	FALSE	FALSE	1	PRAIRIE AVE	COLFAX ST	2018-06-21	Two-Way , Not Divided	Dry	Daylight	Clear	Not a Collision Between Two Motor Vehicles in Transport	Yes	Stop Signs	4	1	Incapacitating	NA	41.79959	-71.41228	FALSE	FALSE	Prairie Ave and Colfax Street, Providence, RI, USA	Med High	Raw	NA	FALSE	41.79959	-71.41228	2018	June	Lower South Providence
1302	2018-06-21	737803	19:20:00	Pedestrian	1	NA	FALSE	FALSE	1	ORMS ST	ORMS ST EXIT  / DOUGLAS AVE	2018-06-21	Two-Way , Not Divided	Dry	Daylight	Clear	Other	No	No Controls	3	0	No Injury	2	41.83457	-71.41674	FALSE	FALSE	Orms Street and Orms St Exit  / Douglas Ave, Providence, RI, USA	Med	Raw	distance greater than 100m	TRUE	41.83457	-71.41674	2018	June	Smith Hill
1300	2018-06-23	738248	23:28:00	Pedestrian	1	NA	FALSE	FALSE	1	Allens Ave	Georgia Ave	2018-06-24	Two-Way , Not Divided	Dry	Dark - Lighted	Clear	Not a Collision Between Two Motor Vehicles in Transport	No	No Controls	2	1	Pain Reported	NA	41.79254	-71.39717	FALSE	FALSE	Allens Ave and Georgia Ave, Providence, RI, USA	Med High	Raw	NA	FALSE	41.79254	-71.39717	2018	June	Washington Park
1299	2018-06-25	738376	07:42:00	Bicycle	NA	1	FALSE	FALSE	1	POCASSET AVE	MAGNOLIA ST	2018-06-25	Two-Way , Not Divided	Dry	Daylight	Clear	Not a Collision Between Two Motor Vehicles in Transport	No	Traffic Control Signal	3	1	Pain Reported	NA	41.81192	-71.44995	FALSE	FALSE	Pocasset Ave and Magnolia Street, Providence, RI, USA	Med High	Raw	NA	FALSE	41.81192	-71.44995	2018	June	Silver Lake
1298	2018-06-26	738386	11:43:00	Pedestrian	1	NA	FALSE	FALSE	1	COLFAX ST	BROAD ST	2018-06-25	Two-Way , Not Divided	Dry	Daylight	Clear	Not a Collision Between Two Motor Vehicles in Transport	Yes	Pavement Markings	1	1	Non-Incapacitating	NA	41.79888	-71.4155	FALSE	FALSE	Colfax Street and Broad Street, Providence, RI, USA	Med High	Raw	NA	FALSE	41.79888	-71.4155	2018	June	Elmwood
1296	2018-06-27	738745	13:17:00	Pedestrian	1	NA	FALSE	FALSE	1	HARWOL CT	SHILOH ST	2018-06-27	Two-Way , Not Divided	Dry	Daylight	Clear	Not a Collision Between Two Motor Vehicles in Transport	Yes	No Controls	1	1	Pain Reported	NA	41.85269	-71.43442	FALSE	FALSE	Harwol Ct and Shiloh Street, Providence, RI, USA	Med High	Raw	NA	FALSE	41.85269	-71.43442	2018	June	Wanskuck
1297	2018-06-27	738846	17:21:00	Pedestrian	1	NA	FALSE	FALSE	1	60 Prairie Ave	PROVIDENCE ST	2018-06-27	Two-Way , Not Divided	Dry	Daylight	Clear	Not a Collision Between Two Motor Vehicles in Transport	No	No Controls	3	1	Non-Incapacitating	NA	41.81352	-71.41521	TRUE	FALSE	60 Prairie Ave, Providence, RI, USA	High	Raw	distance greater than 100m	TRUE	41.81352	-71.41521	2018	June	Upper South Providence
1295	2018-06-28	739020	12:56:00	Pedestrian	1	NA	FALSE	FALSE	1	Broad St	Peace St	2018-06-28	Two-Way , Not Divided	Wet	Daylight	Rain	Not a Collision Between Two Motor Vehicles in Transport	No	No Controls	4	1	Pain Reported	NA	41.80662	-71.42009	FALSE	FALSE	Broad Street and Peace Street, Providence, RI, USA	Med	Raw	NA	FALSE	41.80662	-71.42009	2018	June	Elmwood
1293	2018-06-29	739095	11:12:00	Pedestrian	1	NA	FALSE	FALSE	1	eddy Stree	I 195 RELOCATION	2018-06-29	Two-Way , Not Divided	Dry	Daylight	Clear	Not a Collision Between Two Motor Vehicles in Transport	Yes	Traffic Control Signal	1	1	Pain Reported	NA	41.80944	-71.40722	FALSE	FALSE	Eddy Stree and I 195 Relocation, Providence, RI, USA	Med	Raw	distance greater than 100m	TRUE	41.80944	-71.40722	2018	June	Upper South Providence
1294	2018-06-29	739196	17:12:00	Pedestrian	3	NA	FALSE	FALSE	1	Chalkstone Ave	GRAY ST	2018-06-29	Two-Way , Not Divided	Dry	Daylight	Clear	Not a Collision Between Two Motor Vehicles in Transport	No	Stop Signs	5	3	Pain Reported	NA	41.83238	-71.45309	FALSE	FALSE	Chalkstone Ave and Gray Street, Providence, RI, USA	Med High	Raw	NA	FALSE	41.83238	-71.45309	2018	June	Mount Pleasant
1292	2018-07-06	740887	22:30:00	Bicycle	NA	1	FALSE	FALSE	1	MANTON AVE	CHAFFEE ST	2018-07-07	Two-Way , Not Divided	Dry	Dark - Unknown Lighting	Clear	Not a Collision Between Two Motor Vehicles in Transport	Yes	No Controls	1	1	Incapacitating	2	41.81874	-71.44566	FALSE	FALSE	Manton Ave and Chaffee Street, Providence, RI, USA	Med High	Raw	NA	FALSE	41.81874	-71.44566	2018	July	Olneyville
1290	2018-07-07	740924	12:06:00	Bicycle	NA	1	FALSE	FALSE	1	WILLIAMS ST	HOPE ST	2018-07-07	Two-Way , Not Divided	Dry	Daylight	Clear	Not a Collision Between Two Motor Vehicles in Transport	No	Stop Signs	2	1	Pain Reported	2	41.82258	-71.39684	FALSE	FALSE	Williams Street and Hope Street, Providence, RI, USA	Med	Raw	NA	FALSE	41.82258	-71.39684	2018	July	Fox Point
1291	2018-07-07	740986	15:54:00	Pedestrian	1	NA	FALSE	FALSE	1	67 MIDDLE DRIVE	WEST DR	2018-07-07	Two-Way , Not Divided	Dry	Daylight	Clear	Not a Collision Between Two Motor Vehicles in Transport	No	No Controls	3	1	Non-Incapacitating	1	41.85312	-71.44363	TRUE	FALSE	67 Middle Drive, Providence, RI, USA	High	Raw	NA	FALSE	41.85312	-71.44363	2018	July	Wanskuck
1289	2018-07-08	741447	22:34:00	Bicycle	NA	1	FALSE	FALSE	1	PLAINFIELD ST	SILVER LAKE AVE	2018-07-10	Two-Way , Not Divided	Dry	Dark - Lighted	Clear	Not a Collision Between Two Motor Vehicles in Transport	No	No Controls	3	1	Pain Reported	NA	41.80587	-71.46492	FALSE	FALSE	Plainfield Street and Silver Lake Ave, Providence, RI, USA	Med High	Raw	NA	FALSE	41.80587	-71.46492	2018	July	Silver Lake
1286	2018-07-10	741256	00:46:00	Pedestrian	1	NA	FALSE	FALSE	1	BROAD ST	PORTLAND ST	2018-07-10	Two-Way , Not Divided	Dry	Unknown	Clear	Other	Yes	No Controls	2	1	Incapacitating	2	41.81415	-71.4213	FALSE	FALSE	Broad Street and Portland Street, Providence, RI, USA	Med	Raw	NA	FALSE	41.81415	-71.4213	2018	July	West End
1287	2018-07-10	741268	07:00:00	Pedestrian	1	NA	FALSE	FALSE	1	WATERMAN ST	BROWN ST	2018-07-10	Two-Way , Not Divided	Dry	Daylight	Clear	Not a Collision Between Two Motor Vehicles in Transport	Yes	Pavement Markings	1	1	Pain Reported	NA	41.82705	-71.40304	FALSE	FALSE	Waterman Street and Brown Street, Providence, RI, USA	Med High	Raw	NA	FALSE	41.82705	-71.40304	2018	July	College Hill
1288	2018-07-10	741623	21:36:00	Pedestrian	1	NA	FALSE	FALSE	1	North Main Street	College Street	2018-07-10	Two-Way, Divided, Positive Median Barrier	Dry	Dark - Lighted	Clear	Not a Collision Between Two Motor Vehicles in Transport	Yes	Traffic Control Signal	3	1	Non-Incapacitating	2	41.82564	-71.40784	FALSE	FALSE	North Main Street and College Street, Providence, RI, USA	Med	Raw	NA	FALSE	41.82564	-71.40784	2018	July	Downtown
1283	2018-07-11	741685	14:28:00	Bicycle	NA	1	FALSE	FALSE	1	BARBARA LEONARD WAY	NORTH MAIN ST	2018-07-11	Two-Way , Not Divided	Dry	Daylight	Clear	Not a Collision Between Two Motor Vehicles in Transport	No	No Controls	2	1	Pain Reported	NA	41.84063	-71.40884	FALSE	FALSE	Barbara Leonard Way and North Main Street, Providence, RI, USA	Med High	Raw	NA	FALSE	41.84063	-71.40884	2018	July	Mount Hope
1284	2018-07-11	741814	21:56:00	Pedestrian	1	NA	FALSE	FALSE	1	SILVER SPRING ST	BATCHELLER AVE	2018-07-11	Two-Way , Not Divided	Dry	Dark - Not Lighted	Clear	Not a Collision Between Two Motor Vehicles in Transport	No	No Controls	3	1	Pain Reported	NA	41.85534	-71.41141	FALSE	FALSE	Silver Spring Street and Batcheller Ave, Providence, RI, USA	Med High	Raw	NA	FALSE	41.85534	-71.41141	2018	July	Charles
1285	2018-07-11	746967	10:28:00	Pedestrian	1	NA	FALSE	FALSE	1	THERESA CT	MANTON AVE	2018-08-11	Two-Way, Divided, Positive Median Barrier	Wet	Daylight	Rain	Other	Yes	No Controls	2	1	Pain Reported	NA	41.82154	-71.44863	FALSE	FALSE	Theresa Ct and Manton Ave, Providence, RI, USA	Med	Raw	distance greater than 100m	TRUE	41.82154	-71.44863	2018	July	Olneyville
1282	2018-07-12	742021	19:21:00	Bicycle	NA	1	FALSE	FALSE	1	112 GANO ST	NA	2018-07-12	Two-Way , Not Divided	Dry	Daylight	Clear	Angle (Front - to - Side) Same Direction	No	No Controls	3	1	Pain Reported	2	41.82222	-71.38986	TRUE	TRUE	112 Gano Street, Providence, RI, USA	High	Raw	NA	FALSE	41.82222	-71.38986	2018	July	Fox Point
1281	2018-07-16	742689	17:33:00	Pedestrian	1	NA	FALSE	FALSE	1	ADELAIDE AVE	BROAD ST	2018-07-16	Two-Way , Not Divided	Dry	Daylight	Clear	Unknown	No	No Controls	2	1	Pain Reported	NA	41.79885	-71.41547	FALSE	FALSE	Adelaide Ave and Broad Street, Providence, RI, USA	Med High	Raw	NA	FALSE	41.79885	-71.41547	2018	July	Elmwood
1279	2018-07-21	743342	17:00:00	Pedestrian	1	NA	FALSE	FALSE	1	850 MANTON AVENUE	CHALKSTONE AVE	2018-07-21	Two-Way , Not Divided	Dry	Daylight	Clear	Not a Collision Between Two Motor Vehicles in Transport	Yes	No Controls	2	1	Pain Reported	NA	41.83391	-71.46725	TRUE	FALSE	850 Manton Avenue, Providence, RI, USA	High	Raw	distance greater than 100m	TRUE	41.83391	-71.46725	2018	July	Manton
1280	2018-07-21	743410	23:45:00	Bicycle	NA	1	FALSE	FALSE	1	Ridge Street	TOBEY ST	2018-07-22	Two-Way , Not Divided	Dry	Dark - Lighted	Clear	Not a Collision Between Two Motor Vehicles in Transport	Yes	No Controls	1	1	Pain Reported	NA	41.82057	-71.43581	FALSE	FALSE	Ridge Street and Tobey Street, Providence, RI, USA	Med High	Raw	NA	FALSE	41.82057	-71.43581	2018	July	Federal Hill
1278	2018-07-26	743768	22:24:00	Pedestrian	1	NA	FALSE	FALSE	1	Atwells Ave	Depasquale Ave	2018-07-27	Two-Way , Not Divided	Dry	Dark - Lighted	Clear	Not a Collision Between Two Motor Vehicles in Transport	No	Traffic Control Signal	5	1	Pain Reported	2	NA	NA	FALSE	FALSE	Atwells Ave and Depasquale Ave, Providence, RI, USA	Med High	Geocoded	raw coords null but geocoded coords found	TRUE	41.8235993	-71.4270169	2018	July	Federal Hill
1277	2018-07-27	767751	17:23:00	Pedestrian	1	NA	FALSE	FALSE	1	julian st	AMHERST ST	2018-07-27	Two-Way, Divided, Unprotected (painted>4feet) Medium	Dry	Daylight	Clear	Other	Yes	No Controls	1	1	Pain Reported	NA	41.82403	-71.44473	FALSE	FALSE	Julian Street and Amherst Street, Providence, RI, USA	Med High	Raw	NA	FALSE	41.82403	-71.44473	2018	July	Olneyville
1276	2018-07-31	743948	16:07:00	Pedestrian	1	NA	FALSE	FALSE	1	State Street	Orms Street	2018-07-31	One-Way Trafficway	Dry	Daylight	Clear	Not a Collision Between Two Motor Vehicles in Transport	Yes	Traffic Control Signal	1	1	Non-Incapacitating	1	41.83472	-71.41432	FALSE	FALSE	State Street and Orms Street, Providence, RI, USA	Med	Raw	NA	FALSE	41.83472	-71.41432	2018	July	Downtown
1275	2018-08-02	744028	18:01:00	Pedestrian	1	NA	FALSE	FALSE	1	Smith St	SMITH ST	2018-08-02	Two-Way , Not Divided	Dry	Daylight	Clear	Not a Collision Between Two Motor Vehicles in Transport	No	Stop Signs	4	1	Non-Incapacitating	NA	41.83756	-71.43347	FALSE	FALSE	Smith Street and Smith Street, Providence, RI, USA	Med	Raw	distance greater than 100m	TRUE	41.83756	-71.43347	2018	August	Elmhurst
1274	2018-08-07	744221	17:05:00	Bicycle	NA	1	FALSE	FALSE	1	POWER ST	GANO ST	2018-08-07	Two-Way , Not Divided	Dry	Daylight	Clear	Not a Collision Between Two Motor Vehicles in Transport	No	No Controls	2	1	Non-Incapacitating	NA	41.82386	-71.39014	FALSE	FALSE	Power Street and Gano Street, Providence, RI, USA	Med High	Raw	NA	FALSE	41.82386	-71.39014	2018	August	Fox Point
1273	2018-08-08	744286	17:36:00	Bicycle	NA	1	FALSE	FALSE	1	PEACE ST	Elmwood Ave	2018-08-08	Two-Way , Not Divided	Dry	Daylight	Clear	Not a Collision Between Two Motor Vehicles in Transport	Yes	Stop Signs	1	1	Pain Reported	NA	41.80655	-71.42495	FALSE	FALSE	Peace Street and Elmwood Ave, Providence, RI, USA	Med High	Raw	NA	FALSE	41.80655	-71.42495	2018	August	West End
1271	2018-08-09	744328	17:46:00	Bicycle	NA	1	FALSE	FALSE	1	Cranston St	LINWOOD AVE	2018-08-09	Two-Way , Not Divided	Dry	Daylight	Clear	Not a Collision Between Two Motor Vehicles in Transport	No	Traffic Control Signal	4	0	No Injury	NA	41.80701	-71.43571	FALSE	FALSE	Cranston Street and Linwood Ave, Providence, RI, USA	Med High	Raw	NA	FALSE	41.80701	-71.43571	2018	August	West End
1272	2018-08-09	744350	22:54:00	Pedestrian	1	NA	FALSE	FALSE	1	Valley Street	FELIX ST	2018-08-09	Two-Way , Not Divided	Dry	Dark - Lighted	Clear	Not a Collision Between Two Motor Vehicles in Transport	Yes	No Controls	1	1	Pain Reported	NA	41.8321	-71.42779	FALSE	FALSE	Valley Street and Felix Street, Providence, RI, USA	Med High	Raw	NA	FALSE	41.8321	-71.42779	2018	August	Smith Hill
1270	2018-08-10	744365	12:05:00	Bicycle	NA	1	FALSE	FALSE	1	PLAINFIELD ST	MURRAY ST	2018-08-10	Two-Way , Not Divided	Dry	Daylight	Clear	Not a Collision Between Two Motor Vehicles in Transport	No	Stop Signs	3	1	Pain Reported	NA	41.80998	-71.4625	FALSE	FALSE	Plainfield Street and Murray Street, Providence, RI, USA	Med High	Raw	NA	FALSE	41.80998	-71.4625	2018	August	Silver Lake
1269	2018-08-14	744548	15:39:00	Bicycle	NA	1	FALSE	FALSE	1	Broadway	DEAN ST	2018-08-14	Two-Way , Not Divided	Dry	Daylight	Clear	Not a Collision Between Two Motor Vehicles in Transport	No	Traffic Control Signal	2	1	Pain Reported	NA	41.8214	-71.42253	FALSE	FALSE	Broadway and Dean Street, Providence, RI, USA	Med	Raw	NA	FALSE	41.8214	-71.42253	2018	August	Federal Hill
1267	2018-08-17	744714	18:00:00	Bicycle	NA	1	FALSE	FALSE	1	BEACHMONT AVE	CAHILL ST	2018-08-17	Two-Way , Not Divided	Dry	Daylight	Clear	Not a Collision Between Two Motor Vehicles in Transport	Yes	Stop Signs	2	1	Pain Reported	NA	41.80223	-71.40786	FALSE	FALSE	Beachmont Ave and Cahill Street, Providence, RI, USA	Med	Raw	distance greater than 100m	TRUE	41.80223	-71.40786	2018	August	Lower South Providence
1268	2018-08-17	744738	20:23:00	Pedestrian	1	NA	FALSE	FALSE	1	BROAD ST	PEARL ST	2018-08-17	Two-Way , Not Divided	Dry	Dark - Lighted	Clear	Not a Collision Between Two Motor Vehicles in Transport	Yes	Traffic Control Signal	1	1	Pain Reported	NA	41.81473	-71.42097	FALSE	FALSE	Broad Street and Pearl Street, Providence, RI, USA	Med	Raw	NA	FALSE	41.81473	-71.42097	2018	August	West End
1266	2018-08-18	744810	22:07:00	Bicycle	NA	1	FALSE	FALSE	1	PARADE ST	WESTMINSTER ST	2018-08-18	Two-Way , Not Divided	Dry	Dark - Lighted	Cloudy	Angle - Direction Not Specified	Yes	Stop Signs	2	1	Pain Reported	2	41.81633	-71.43354	FALSE	FALSE	Parade Street and Westminster Street, Providence, RI, USA	Med High	Raw	NA	FALSE	41.81633	-71.43354	2018	August	West End
1264	2018-08-19	744859	17:41:00	Pedestrian	1	NA	FALSE	FALSE	1	Broad St	BAKER ST	2018-08-19	Two-Way , Not Divided	Dry	Daylight	Clear	Not a Collision Between Two Motor Vehicles in Transport	Yes	No Controls	1	1	Non-Incapacitating	NA	41.79275	-71.40789	FALSE	FALSE	Broad Street and Baker Street, Providence, RI, USA	Med	Raw	NA	FALSE	41.79275	-71.40789	2018	August	South Elmwood
1265	2018-08-19	744880	02:29:00	Pedestrian	1	NA	FALSE	FALSE	1	ATWELLS AVE	DE PASQUALE AVE	2018-08-20	Two-Way , Not Divided	Dry	Dark - Lighted	Cloudy	Other	No	No Controls	5	1	Incapacitating	2	41.82354	-71.42617	FALSE	FALSE	Atwells Ave and De Pasquale Ave, Providence, RI, USA	Med High	Raw	NA	FALSE	41.82354	-71.42617	2018	August	Federal Hill
1262	2018-08-20	744905	16:56:00	Bicycle	NA	1	FALSE	FALSE	1	BRANCH AVE	North  Main St	2018-08-20	Two-Way , Not Divided	Dry	Daylight	Clear	Not a Collision Between Two Motor Vehicles in Transport	No	Traffic Control Signal	2	1	Pain Reported	NA	41.84235	-71.40822	FALSE	FALSE	Branch Ave and North  Main Street, Providence, RI, USA	Med	Raw	NA	FALSE	41.84235	-71.40822	2018	August	Mount Hope
1263	2018-08-20	744924	21:42:00	Pedestrian	1	NA	FALSE	FALSE	1	ELMWOOD AVE	ELMWOOD AVE	2018-08-20	Two-Way, Not Divided With a Continuous Left Turn Lane	Dry	Dark - Lighted	Clear	Other	Yes	No Controls	3	1	Pain Reported	3	41.80337	-71.42577	FALSE	FALSE	Elmwood Ave and Elmwood Ave, Providence, RI, USA	Med	Raw	distance greater than 100m	TRUE	41.80337	-71.42577	2018	August	West End
1261	2018-08-22	745006	20:33:00	Bicycle	NA	1	FALSE	FALSE	1	268 nelson st	SALTER ST	2018-08-22	Two-Way , Not Divided	Dry	Dark - Lighted	Clear	Not a Collision Between Two Motor Vehicles in Transport	Yes	No Controls	1	1	Pain Reported	NA	41.84498	-71.4444	TRUE	FALSE	268 Nelson Street, Providence, RI, USA	High	Raw	NA	FALSE	41.84498	-71.4444	2018	August	Elmhurst
1257	2018-08-23	745014	05:04:00	Bicycle	NA	1	FALSE	FALSE	1	CHAD BROWN ST	ADMIRAL ST	2018-08-23	Two-Way , Not Divided	Dry	Dark - Lighted	Clear	Not a Collision Between Two Motor Vehicles in Transport	No	Stop Signs	2	1	Pain Reported	NA	41.84213	-71.42138	FALSE	FALSE	Chad Brown Street and Admiral Street, Providence, RI, USA	Med High	Raw	NA	FALSE	41.84213	-71.42138	2018	August	Wanskuck
1258	2018-08-23	745053	15:18:00	Pedestrian	2	NA	FALSE	FALSE	1	DORRANCE ST	WASHINGTON ST	2018-08-23	Two-Way , Not Divided	Dry	Daylight	Clear	Not a Collision Between Two Motor Vehicles in Transport	No	Traffic Control Signal	4	2	Pain Reported	NA	41.82438	-71.41269	FALSE	FALSE	Dorrance Street and Washington Street, Providence, RI, USA	Med High	Raw	NA	FALSE	41.82438	-71.41269	2018	August	Downtown
1259	2018-08-23	745072	15:10:00	Bicycle	NA	2	FALSE	FALSE	1	Havana Street	General Street	2018-08-23	Two-Way , Not Divided	Dry	Daylight	Clear	Not a Collision Between Two Motor Vehicles in Transport	No	Stop Signs	6	2	Non-Incapacitating	1	41.85338	-71.44366	FALSE	FALSE	Havana Street and General Street, Providence, RI, USA	Med High	Raw	NA	FALSE	41.85338	-71.44366	2018	August	Wanskuck
1260	2018-08-23	745111	14:07:00	Bicycle	NA	1	FALSE	FALSE	1	broadway	SERVICE ROAD 7	2018-08-24	Two-Way , Not Divided	Dry	Daylight	Clear	Rear End(Front-to-Rear)	No	Traffic Control Signal	3	1	Pain Reported	NA	41.82186	-71.42079	FALSE	FALSE	Broadway and Service Road 7, Providence, RI, USA	Med	Raw	NA	FALSE	41.82186	-71.42079	2018	August	Federal Hill
1255	2018-08-24	745115	11:45:00	Pedestrian	1	NA	FALSE	FALSE	1	Eddy St	Chapman St	2018-08-24	Two-Way , Not Divided	Dry	Daylight	Clear	Not a Collision Between Two Motor Vehicles in Transport	No	Other	4	1	Pain Reported	2	NA	NA	FALSE	FALSE	Eddy Street and Chapman Street, Providence, RI, USA	Med High	Geocoded	raw coords null but geocoded coords found	TRUE	41.7920844	-71.4036396	2018	August	Washington Park
1256	2018-08-24	745126	17:05:00	Pedestrian	1	NA	FALSE	FALSE	1	MEMORIAL BLVD	COLLEGE ST	2018-08-24	Two-Way , Not Divided	Dry	Daylight	Clear	Not a Collision Between Two Motor Vehicles in Transport	No	Traffic Control Signal	6	1	Pain Reported	5	41.82532	-71.40882	FALSE	FALSE	Memorial Blvd and College Street, Providence, RI, USA	Med High	Raw	NA	FALSE	41.82532	-71.40882	2018	August	Downtown
1253	2018-08-25	745164	02:51:00	Pedestrian	1	NA	FALSE	FALSE	1	8 Esten St	ORMS ST	2018-08-25	Unknown	Dry	Dark - Lighted	Clear	Other	No	No Controls	2	1	Pain Reported	NA	41.83349	-71.42415	TRUE	FALSE	8 Esten Street, Providence, RI, USA	High	Raw	NA	FALSE	41.83349	-71.42415	2018	August	Smith Hill
1254	2018-08-25	745203	21:41:00	Pedestrian	1	NA	FALSE	FALSE	1	SAYLES ST	PRAIRIE AVE	2018-08-25	Two-Way , Not Divided	Dry	Dark - Lighted	Clear	Unknown	Yes	No Controls	1	1	Pain Reported	NA	41.80264	-71.41358	FALSE	FALSE	Sayles Street and Prairie Ave, Providence, RI, USA	Med High	Raw	NA	FALSE	41.80264	-71.41358	2018	August	Lower South Providence
1252	2018-08-27	745338	18:55:00	Pedestrian	1	NA	FALSE	FALSE	1	Park St	HAYES ST	2018-08-27	Two-Way , Not Divided	Dry	Daylight	Clear	Not a Collision Between Two Motor Vehicles in Transport	No	No Controls	3	1	Non-Incapacitating	NA	41.82866	-71.41752	FALSE	FALSE	Park Street and Hayes Street, Providence, RI, USA	Med	Raw	NA	FALSE	41.82866	-71.41752	2018	August	Smith Hill
1248	2018-08-28	745404	15:11:00	Bicycle	NA	1	FALSE	FALSE	1	CHAPEL ST	SNOW ST	2018-08-28	Two-Way , Not Divided	Dry	Daylight	Clear	Not a Collision Between Two Motor Vehicles in Transport	No	Stop Signs	4	1	Pain Reported	NA	41.8212	-71.41384	FALSE	FALSE	Chapel Street and Snow Street, Providence, RI, USA	Med	Raw	NA	FALSE	41.8212	-71.41384	2018	August	Downtown
1249	2018-08-28	745406	17:07:00	Bicycle	NA	1	FALSE	FALSE	1	STATE HWY 10 N	UNION AVE	2018-08-28	Two-Way, Divided, Positive Median Barrier	Dry	Daylight	Clear	Not a Collision Between Two Motor Vehicles in Transport	No	Traffic Control Signal	2	0	No Injury	NA	41.8087	-71.44057	FALSE	FALSE	State Hwy 10 N and Union Ave, Providence, RI, USA	Med High	Raw	distance greater than 100m	TRUE	41.8087	-71.44057	2018	August	Silver Lake
1250	2018-08-28	745425	14:43:00	Pedestrian	1	NA	FALSE	FALSE	1	775 Cranston Street	Anthony Avenue	2018-08-28	Two-Way, Divided, Unprotected (painted>4feet) Medium	Dry	Daylight	Clear	Not a Collision Between Two Motor Vehicles in Transport	Yes	Traffic Control Signal	3	1	Non-Incapacitating	2	41.80408	-71.43885	TRUE	FALSE	775 Cranston Street, Providence, RI, USA	High	Raw	NA	FALSE	41.80408	-71.43885	2018	August	West End
1251	2018-08-28	745428	16:18:00	Bicycle	NA	1	FALSE	FALSE	1	1250 Smith Street	Old Road	2018-08-28	Two-Way, Divided, Unprotected (painted>4feet) Medium	Dry	Daylight	Clear	Not a Collision Between Two Motor Vehicles in Transport	No	No Controls	3	1	Non-Incapacitating	1	41.84649	-71.45268	TRUE	FALSE	1250 Smith Street, Providence, RI, USA	High	Raw	NA	FALSE	41.84649	-71.45268	2018	August	Mount Pleasant
1247	2018-08-30	745519	08:13:00	Pedestrian	1	NA	FALSE	FALSE	1	BROADWAY	SERVICE ROAD 7	2018-08-30	One-Way Trafficway	Dry	Daylight	Clear	Not a Collision Between Two Motor Vehicles in Transport	No	Traffic Control Signal	2	1	Incapacitating	NA	41.82181	-71.42097	FALSE	FALSE	Broadway and Service Road 7, Providence, RI, USA	Med	Raw	NA	FALSE	41.82181	-71.42097	2018	August	Federal Hill
1246	2018-08-31	745608	23:35:00	Bicycle	NA	1	FALSE	FALSE	1	Sorrento Street	WALDO ST	2018-08-31	Two-Way , Not Divided	Dry	Dark - Lighted	Clear	Not a Collision Between Two Motor Vehicles in Transport	Yes	Unknown	2	1	Pain Reported	NA	41.80718	-71.43796	FALSE	FALSE	Sorrento Street and Waldo Street, Providence, RI, USA	Med High	Raw	NA	FALSE	41.80718	-71.43796	2018	August	West End
1245	2018-09-01	745620	02:14:00	Pedestrian	1	NA	FALSE	FALSE	1	881 Eddy St	MUTUAL ST	2018-09-01	Two-Way , Not Divided	Dry	Dark - Lighted	Clear	Not a Collision Between Two Motor Vehicles in Transport	Yes	No Controls	1	1	Pain Reported	NA	41.8038	-71.40686	TRUE	FALSE	881 Eddy Street, Providence, RI, USA	High	Raw	NA	FALSE	41.8038	-71.40686	2018	September	Lower South Providence
1243	2018-09-02	746706	01:25:00	Bicycle	NA	1	FALSE	FALSE	1	OCONNOR ST	JOHNSON ST	2018-09-02	Two-Way , Not Divided	Dry	Dark - Lighted	Clear	Not a Collision Between Two Motor Vehicles in Transport	Yes	Stop Signs	1	1	Incapacitating	NA	41.79307	-71.40586	FALSE	FALSE	Oconnor Street and Johnson Street, Providence, RI, USA	Med High	Raw	NA	FALSE	41.79307	-71.40586	2018	September	Washington Park