row_number	crash_date	crash_report_id	crash_time	collision_type	count_pedestrian	count_bicycle	scooter	wheel_chair	number_of_vehicles	street_or_highway	nearest_intersection	report_date	type_of_roadway	road_surface_condition	light_condition	weather_condition	manner_of_impact	hit_and_run	traffic_control	person_count	injury_count	most_serious_injury	number_of_lanes	lat_raw	lon_raw	has_st_number	is_intersection_null	address_sent_to_geocoder	api_coord_conf	best_coordinate_set	reason_for_qa	manually_qaed_record	final_lat	final_lon	year	month	pvd_nhood
1244	2018-09-02	746738	14:30:00	Pedestrian	1	NA	FALSE	FALSE	1	PROSPECT ST	WATERMAN ST	2018-09-02	Two-Way , Not Divided	Dry	Daylight	Clear	Not a Collision Between Two Motor Vehicles in Transport	No	Traffic Control Signal	2	1	Pain Reported	NA	41.82688	-71.40472	FALSE	FALSE	Prospect Street and Waterman Street, Providence, RI, USA	Med	Raw	NA	FALSE	41.82688	-71.40472	2018	September	College Hill
1241	2018-09-03	746872	22:18:00	Bicycle	NA	1	FALSE	FALSE	1	DEXTER ST	BUCKLIN ST	2018-09-03	Two-Way , Not Divided	Dry	Dark - Lighted	Clear	Not a Collision Between Two Motor Vehicles in Transport	Yes	No Controls	1	1	Non-Incapacitating	NA	41.80905	-71.42801	FALSE	FALSE	Dexter Street and Bucklin Street, Providence, RI, USA	Med High	Raw	NA	FALSE	41.80905	-71.42801	2018	September	West End
1242	2018-09-03	746944	21:32:00	Pedestrian	1	NA	FALSE	FALSE	1	Ruggles Street	Smith Street	2018-09-04	Two-Way , Not Divided	Dry	Dark - Lighted	Clear	Not a Collision Between Two Motor Vehicles in Transport	Yes	No Controls	1	1	Non-Incapacitating	1	41.83576	-71.42822	FALSE	FALSE	Ruggles Street and Smith Street, Providence, RI, USA	Med High	Raw	NA	FALSE	41.83576	-71.42822	2018	September	Smith Hill
1238	2018-09-04	746891	06:40:00	Pedestrian	1	NA	FALSE	FALSE	1	PLAINFIELD ST	RT 6 EAST RAMP	2018-09-04	Two-Way, Divided, Unprotected (painted>4feet) Medium	Dry	Daylight	Clear	Not a Collision Between Two Motor Vehicles in Transport	No	Traffic Control Signal	2	1	Pain Reported	NA	41.81414	-71.44737	FALSE	FALSE	Plainfield Street and Rt 6 East Ramp, Providence, RI, USA	Med High	Raw	distance greater than 100m	TRUE	41.81414	-71.44737	2018	September	Silver Lake
1239	2018-09-04	746920	12:10:00	Bicycle	NA	1	FALSE	FALSE	1	RANDALL ST	CHARLES ST	2018-09-04	One-Way Trafficway	Dry	Daylight	Clear	Other	No	Pavement Markings	3	1	Pain Reported	1	41.82047	-71.45178	FALSE	FALSE	Randall Street and Charles Street, Providence, RI, USA	Med	Geocoded	distance greater than 100m	TRUE	41.8361618	-71.4121277	2018	September	Mount Hope
1240	2018-09-04	746926	12:30:00	Pedestrian	1	NA	FALSE	FALSE	1	SILVER SPRING ST	LEDGE ST	2018-09-04	Two-Way , Not Divided	Dry	Daylight	Clear	Other	Yes	No Controls	1	1	Pain Reported	NA	41.85318	-71.41263	FALSE	FALSE	Silver Spring Street and Ledge Street, Providence, RI, USA	Med High	Raw	NA	FALSE	41.85318	-71.41263	2018	September	Charles
1237	2018-09-06	747110	17:28:00	Pedestrian	1	NA	FALSE	FALSE	1	442 Manton Ave	ATWELLS AVE	2018-09-06	Two-Way , Not Divided	Wet	Daylight	Rain	Not a Collision Between Two Motor Vehicles in Transport	Yes	No Controls	1	1	Non-Incapacitating	NA	41.82537	-71.45466	TRUE	FALSE	442 Manton Ave, Providence, RI, USA	High	Raw	NA	FALSE	41.82537	-71.45466	2018	September	Olneyville
1234	2018-09-07	747151	08:42:00	Bicycle	NA	1	FALSE	FALSE	1	EXIT 22A (RT )	FRANCIS ST	2018-09-07	One-Way Trafficway	Dry	Daylight	Clear	Not a Collision Between Two Motor Vehicles in Transport	Yes	Traffic Control Signal	1	1	Pain Reported	NA	41.82577	-71.41527	FALSE	FALSE	Exit 22a (Rt ) and Francis Street, Providence, RI, USA	Med	Raw	distance greater than 100m	TRUE	41.82577	-71.41527	2018	September	Downtown
1235	2018-09-07	747542	13:59:00	Pedestrian	1	NA	FALSE	FALSE	1	POTTERS AVE	ELMWOOD AVE	2018-09-12	Two-Way, Divided, Unprotected (painted>4feet) Medium	Wet	Daylight	Rain	Other	No	Traffic Control Signal	3	1	Pain Reported	NA	41.8015	-71.42632	FALSE	FALSE	Potters Ave and Elmwood Ave, Providence, RI, USA	Med High	Raw	NA	FALSE	41.8015	-71.42632	2018	September	West End
1236	2018-09-07	747674	08:12:00	Bicycle	NA	1	FALSE	FALSE	1	445 Smith St	SMITH ST	2018-09-07	Two-Way, Divided, Unprotected (painted>4feet) Medium	Dry	Daylight	Clear	Not a Collision Between Two Motor Vehicles in Transport	No	Pavement Markings	3	1	Pain Reported	NA	41.83266	-71.4192	TRUE	FALSE	445 Smith Street, Providence, RI, USA	High	Geocoded	distance greater than 100m	TRUE	41.8354552	-71.4258315	2018	September	Smith Hill
1233	2018-09-10	747644	18:21:00	Bicycle	NA	1	FALSE	FALSE	1	Smith Street	Holden Street	2018-09-13	Two-Way , Not Divided	Wet	Daylight	Rain	Not a Collision Between Two Motor Vehicles in Transport	Yes	Other	2	1	Pain Reported	NA	41.83225	-71.41816	FALSE	FALSE	Smith Street and Holden Street, Providence, RI, USA	Med High	Raw	NA	FALSE	41.83225	-71.41816	2018	September	Smith Hill
1232	2018-09-11	747466	12:04:00	Pedestrian	1	NA	FALSE	FALSE	1	BRANCH AVE	COMMODORE ST	2018-09-11	Two-Way , Not Divided	Dry	Daylight	Clear	Not a Collision Between Two Motor Vehicles in Transport	No	No Controls	6	1	Pain Reported	NA	41.84962	-71.41852	FALSE	FALSE	Branch Ave and Commodore Street, Providence, RI, USA	Med High	Raw	NA	FALSE	41.84962	-71.41852	2018	September	Charles
1231	2018-09-12	747543	11:40:00	Pedestrian	1	NA	FALSE	FALSE	1	EMPIRE ST	BROADWAY	2018-09-12	Two-Way, Divided, Unprotected (painted>4feet) Medium	Wet	Daylight	Rain	Not a Collision Between Two Motor Vehicles in Transport	Yes	Traffic Control Signal	2	1	Pain Reported	NA	41.82261	-71.41748	FALSE	FALSE	Empire Street and Broadway, Providence, RI, USA	Med High	Raw	NA	FALSE	41.82261	-71.41748	2018	September	Downtown
1229	2018-09-14	747675	08:06:00	Pedestrian	1	NA	FALSE	FALSE	1	DEXTER ST	POTTERS AVE	2018-09-14	Two-Way, Divided, Unprotected (painted>4feet) Medium	Dry	Daylight	Clear	Not a Collision Between Two Motor Vehicles in Transport	No	Stop Signs	4	1	Pain Reported	NA	41.80249	-71.43059	FALSE	FALSE	Dexter Street and Potters Ave, Providence, RI, USA	Med High	Raw	NA	FALSE	41.80249	-71.43059	2018	September	West End
1230	2018-09-14	747820	22:07:00	Pedestrian	1	NA	FALSE	FALSE	1	cranston st	LINWOOD AVE	2018-09-17	Two-Way , Not Divided	Dry	Dark - Lighted	Clear	Not a Collision Between Two Motor Vehicles in Transport	No	Traffic Control Signal	2	1	Pain Reported	NA	41.80701	-71.43571	FALSE	FALSE	Cranston Street and Linwood Ave, Providence, RI, USA	Med High	Raw	NA	FALSE	41.80701	-71.43571	2018	September	West End
1227	2018-09-15	747734	16:04:00	Bicycle	NA	1	FALSE	FALSE	1	SMITH ST	TYNDALL AVE	2018-09-15	Two-Way , Not Divided	Dry	Daylight	Clear	Not a Collision Between Two Motor Vehicles in Transport	Yes	Other	2	1	Pain Reported	NA	41.83762	-71.4336	FALSE	FALSE	Smith Street and Tyndall Ave, Providence, RI, USA	Med High	Raw	NA	FALSE	41.83762	-71.4336	2018	September	Elmhurst
1228	2018-09-15	747743	19:39:00	Pedestrian	1	NA	FALSE	FALSE	1	RESERVOIR AVE	YARMOUTH STREET	2018-09-15	Two-Way , Not Divided	Dry	Dark - Lighted	Clear	Other	No	No Controls	3	1	Incapacitating	NA	41.79275	-71.42748	FALSE	FALSE	Reservoir Ave and Yarmouth Street, Providence, RI, USA	Med High	Raw	NA	FALSE	41.79275	-71.42748	2018	September	Reservoir
1225	2018-09-16	747763	01:53:00	Pedestrian	1	NA	FALSE	FALSE	1	WESTMINSTER ST	MEMORIAL BLVD	2018-09-16	Two-Way , Not Divided	Dry	Dark - Lighted	Clear	Not a Collision Between Two Motor Vehicles in Transport	No	Traffic Control Signal	3	1	Pain Reported	NA	41.82529	-71.40895	FALSE	FALSE	Westminster Street and Memorial Blvd, Providence, RI, USA	Med High	Raw	NA	FALSE	41.82529	-71.40895	2018	September	Downtown
1226	2018-09-16	747764	01:14:00	Pedestrian	1	NA	FALSE	FALSE	1	OREGON ST	WHIPPLE ST	2018-09-16	Two-Way , Not Divided	Dry	Dark - Lighted	Clear	Unknown	Yes	No Controls	2	1	Incapacitating	2	41.83878	-71.42033	FALSE	FALSE	Oregon Street and Whipple Street, Providence, RI, USA	Med High	Raw	NA	FALSE	41.83878	-71.42033	2018	September	Smith Hill
1222	2018-09-18	747940	15:31:00	Pedestrian	1	NA	FALSE	FALSE	1	dorrance st	WESTMINSTER ST	2018-09-18	Two-Way , Not Divided	Wet	Daylight	Rain	Not a Collision Between Two Motor Vehicles in Transport	No	Traffic Control Signal	3	1	Pain Reported	NA	41.82363	-71.41169	FALSE	FALSE	Dorrance Street and Westminster Street, Providence, RI, USA	Med High	Raw	NA	FALSE	41.82363	-71.41169	2018	September	Downtown
1223	2018-09-18	747941	16:23:00	Bicycle	NA	1	FALSE	FALSE	1	337 Plainfield St	PLAINFIELD ST	2018-09-18	Two-Way, Divided, Unprotected (painted>4feet) Medium	Wet	Daylight	Rain	Angle (Front - to - Side) Same Direction	No	Stop Signs	2	1	Pain Reported	NA	41.81377	-71.44864	TRUE	FALSE	337 Plainfield Street, Providence, RI, USA	High	Raw	NA	FALSE	41.81377	-71.44864	2018	September	Silver Lake
1224	2018-09-18	747952	18:22:00	Bicycle	NA	1	FALSE	FALSE	2	North Main St	N MAIN ST	2018-09-18	One-Way Trafficway	Wet	Daylight	Rain	Not a Collision Between Two Motor Vehicles in Transport	No	Stop Signs	7	1	Pain Reported	NA	41.83014	-71.41016	FALSE	FALSE	North Main Street and N Main Street, Providence, RI, USA	Med High	Raw	distance greater than 100m	TRUE	41.83014	-71.41016	2018	September	College Hill
1219	2018-09-19	747992	08:03:00	Pedestrian	2	NA	FALSE	FALSE	1	315 BROAD ST	NA	2018-09-19	Unknown	Wet	Daylight	Cloudy	Not a Collision Between Two Motor Vehicles in Transport	Yes	No Controls	3	0	No Injury	NA	41.81436	-71.42118	TRUE	TRUE	315 Broad Street, Providence, RI, USA	High	Raw	NA	FALSE	41.81436	-71.42118	2018	September	West End
1220	2018-09-19	748019	15:30:00	Pedestrian	1	NA	FALSE	FALSE	1	POINT ST	EDDY ST	2018-09-19	Two-Way, Divided, Positive Median Barrier	Dry	Daylight	Cloudy	Not a Collision Between Two Motor Vehicles in Transport	No	Traffic Control Signal	3	0	No Injury	NA	41.81682	-71.4066	FALSE	FALSE	Point Street and Eddy Street, Providence, RI, USA	Med High	Raw	NA	FALSE	41.81682	-71.4066	2018	September	Downtown
1221	2018-09-19	748043	20:19:00	Pedestrian	1	NA	FALSE	FALSE	1	dexter st	WARREN ST	2018-09-19	Two-Way , Not Divided	Dry	Dark - Lighted	Clear	Not a Collision Between Two Motor Vehicles in Transport	No	No Controls	5	1	Non-Incapacitating	NA	41.81111	-71.42893	FALSE	FALSE	Dexter Street and Warren Street, Providence, RI, USA	Med High	Raw	NA	FALSE	41.81111	-71.42893	2018	September	West End
1216	2018-09-20	748068	14:29:00	Pedestrian	1	NA	FALSE	FALSE	1	WEST RIVER ST	BRANCH AVE	2018-09-20	Two-Way , Not Divided	Dry	Daylight	Clear	Other	No	Traffic Control Signal	2	1	Pain Reported	NA	41.8469	-71.41269	FALSE	FALSE	West River Street and Branch Ave, Providence, RI, USA	Med High	Raw	NA	FALSE	41.8469	-71.41269	2018	September	Mount Hope
1217	2018-09-20	748069	14:08:00	Pedestrian	1	NA	FALSE	FALSE	1	BROADWAY	HARRIS AVE	2018-09-20	Two-Way, Divided, Unprotected (painted>4feet) Medium	Dry	Daylight	Clear	Other	No	Stop Signs	5	1	Pain Reported	NA	41.81705	-71.44029	FALSE	FALSE	Broadway and Harris Ave, Providence, RI, USA	Med	Raw	NA	FALSE	41.81705	-71.44029	2018	September	Olneyville
1218	2018-09-20	748102	16:30:00	Pedestrian	1	NA	FALSE	FALSE	1	Broadway	BERCLAY ST	2018-09-20	Two-Way, Divided, Unprotected (painted>4feet) Medium	Dry	Daylight	Clear	Not a Collision Between Two Motor Vehicles in Transport	Yes	No Controls	1	0	No Injury	NA	41.82165	-71.42156	FALSE	FALSE	Broadway and Berclay Street, Providence, RI, USA	Med	Raw	NA	FALSE	41.82165	-71.42156	2018	September	Federal Hill
1215	2018-09-21	748162	20:05:00	Pedestrian	1	NA	FALSE	FALSE	1	EXCHANGE TER	FRANCIS ST	2018-09-21	One-Way Trafficway	Dry	Dark - Lighted	Clear	Not a Collision Between Two Motor Vehicles in Transport	No	Traffic Control Signal	4	1	Pain Reported	NA	41.82497	-71.41496	FALSE	FALSE	Exchange Ter and Francis Street, Providence, RI, USA	Med High	Raw	NA	FALSE	41.82497	-71.41496	2018	September	Downtown
1213	2018-09-22	748256	17:19:00	Pedestrian	1	NA	FALSE	FALSE	1	450 Cranston Street	Superior Street	2018-09-22	Two-Way , Not Divided	Dry	Daylight	Clear	Not a Collision Between Two Motor Vehicles in Transport	No	No Controls	4	1	Non-Incapacitating	1	41.8107	-71.43234	TRUE	FALSE	450 Cranston Street, Providence, RI, USA	High	Raw	NA	FALSE	41.8107	-71.43234	2018	September	West End
1214	2018-09-22	748264	19:11:00	Pedestrian	1	NA	FALSE	FALSE	1	REYNOLDS AVE	BROAD STREET	2018-09-22	Two-Way , Not Divided	Dry	Dark - Lighted	Clear	Head-On (Front - to - Front)	No	No Controls	2	1	Pain Reported	NA	41.80357	-71.41907	FALSE	FALSE	Reynolds Ave and Broad Street, Providence, RI, USA	Med High	Raw	NA	FALSE	41.80357	-71.41907	2018	September	Elmwood
1212	2018-09-24	748410	23:49:00	Pedestrian	1	NA	FALSE	FALSE	1	SMITH ST	CHALKSTONE AVE	2018-09-25	Two-Way , Not Divided	Dry	Dark - Lighted	Clear	Other	Yes	Pavement Markings	2	1	Pain Reported	2	41.83507	-71.42528	FALSE	FALSE	Smith Street and Chalkstone Ave, Providence, RI, USA	Med High	Raw	NA	FALSE	41.83507	-71.42528	2018	September	Smith Hill
1208	2018-09-25	748422	05:58:00	Pedestrian	1	NA	FALSE	FALSE	1	201 Messer St	UNION AVE	2018-09-25	Two-Way , Not Divided	Dry	Dark - Lighted	Clear	Not a Collision Between Two Motor Vehicles in Transport	Yes	No Controls	2	1	Pain Reported	NA	41.81007	-71.43481	TRUE	FALSE	201 Messer Street, Providence, RI, USA	High	Raw	NA	FALSE	41.81007	-71.43481	2018	September	West End
1209	2018-09-25	748439	11:10:00	Bicycle	NA	1	FALSE	FALSE	2	DORRANCE ST	CLIFFORD ST	2018-09-25	Two-Way, Divided, Unprotected (painted>4feet) Medium	Wet	Daylight	Sleet, Hail (Freezing Rain or Drizzle)	Other	No	No Controls	4	1	Pain Reported	NA	41.82161	-71.4089	FALSE	FALSE	Dorrance Street and Clifford Street, Providence, RI, USA	Med High	Raw	NA	FALSE	41.82161	-71.4089	2018	September	Downtown
1210	2018-09-25	748510	19:47:00	Pedestrian	1	NA	FALSE	FALSE	1	FRICKER ST	BROAD ST	2018-09-25	Two-Way , Not Divided	Wet	Dark - Lighted	Rain	Angle - Direction Not Specified	Yes	Pavement Markings	3	1	Incapacitating	2	41.81537	-71.42074	FALSE	FALSE	Fricker Street and Broad Street, Providence, RI, USA	Med High	Raw	NA	FALSE	41.81537	-71.42074	2018	September	West End
1211	2018-09-25	748576	03:58:00	Pedestrian	1	NA	FALSE	FALSE	1	172 Roanoke Street	CARLETON ST	2018-09-26	Two-Way , Not Divided	Dry	Daylight	Rain	Not a Collision Between Two Motor Vehicles in Transport	Yes	No Controls	1	0	No Injury	NA	41.83139	-71.44787	TRUE	FALSE	172 Roanoke Street, Providence, RI, USA	High	Raw	distance greater than 100m	TRUE	41.83139	-71.44787	2018	September	Mount Pleasant
1203	2018-09-27	748620	08:22:00	Bicycle	NA	1	FALSE	FALSE	1	DOYLE AVE	HOPE ST	2018-09-27	Two-Way, Divided, Unprotected (painted>4feet) Medium	Dry	Daylight	Clear	Angle (Front - to - Side) Right Angle (Includes Broadside)	No	Traffic Control Signal	8	1	Pain Reported	2	41.83877	-71.4001	FALSE	FALSE	Doyle Ave and Hope Street, Providence, RI, USA	Med High	Raw	NA	FALSE	41.83877	-71.4001	2018	September	Mount Hope
1204	2018-09-27	748629	10:30:00	Pedestrian	1	NA	FALSE	FALSE	1	274 Mount Pleasant Ave	MANOMET ST	2018-09-27	Two-Way , Not Divided	Dry	Daylight	Clear	Not a Collision Between Two Motor Vehicles in Transport	No	No Controls	3	1	Pain Reported	NA	41.83393	-71.45004	TRUE	FALSE	274 Mount Pleasant Ave, Providence, RI, USA	High	Raw	NA	FALSE	41.83393	-71.45004	2018	September	Mount Pleasant
1205	2018-09-27	748631	12:17:00	Pedestrian	1	NA	FALSE	FALSE	1	80 Dexter St	DIVISION ST	2018-09-27	Two-Way, Divided, Unprotected (painted>4feet) Medium	Dry	Daylight	Clear	Not a Collision Between Two Motor Vehicles in Transport	Yes	No Controls	4	1	Pain Reported	NA	41.81452	-71.43044	TRUE	FALSE	80 Dexter Street, Providence, RI, USA	High	Raw	NA	FALSE	41.81452	-71.43044	2018	September	West End
1206	2018-09-27	748636	13:06:00	Pedestrian	1	NA	FALSE	FALSE	1	ASHBURTON ST	ASHBURTON ST	2018-09-27	One-Way Trafficway	Dry	Daylight	Clear	Not a Collision Between Two Motor Vehicles in Transport	No	No Controls	4	1	Pain Reported	NA	41.83665	-71.41407	FALSE	FALSE	Ashburton Street and Ashburton Street, Providence, RI, USA	Med	Raw	distance greater than 100m	TRUE	41.83665	-71.41407	2018	September	Mount Hope
1207	2018-09-27	748664	16:17:00	Pedestrian	1	NA	FALSE	FALSE	1	GANO ST	ANGELL ST	2018-09-27	Two-Way , Not Divided	Dry	Daylight	Clear	Other	No	Pavement Markings	3	1	Pain Reported	2	41.82955	-71.39097	FALSE	FALSE	Gano Street and Angell Street, Providence, RI, USA	Med High	Raw	NA	FALSE	41.82955	-71.39097	2018	September	Wayland
1200	2018-09-29	748894	23:48:00	Pedestrian	1	NA	FALSE	FALSE	1	BROAD ST	ELMWOOD AVE	2018-09-30	One-Way Trafficway	Dry	Dark - Lighted	Clear	Other	No	Traffic Control Signal	3	0	No Injury	3	41.81286	-71.42197	FALSE	FALSE	Broad Street and Elmwood Ave, Providence, RI, USA	Med	Raw	NA	FALSE	41.81286	-71.42197	2018	September	West End
1201	2018-09-29	748948	02:13:00	Bicycle	NA	1	FALSE	FALSE	1	BUCKLIN ST	REDWING ST	2018-10-01	Two-Way , Not Divided	Dry	Dark - Lighted	Clear	Not a Collision Between Two Motor Vehicles in Transport	Yes	Stop Signs	3	1	Pain Reported	NA	41.79923	-71.42774	FALSE	FALSE	Bucklin Street and Redwing Street, Providence, RI, USA	Med High	Raw	NA	FALSE	41.79923	-71.42774	2018	September	West End
1202	2018-09-29	749444	23:57:00	Pedestrian	1	NA	FALSE	FALSE	1	Manton	HILLARD ST	2018-10-06	Two-Way , Not Divided	Dry	Dark - Lighted	Clear	Other	No	No Controls	3	1	Pain Reported	NA	41.8201	-71.44685	FALSE	FALSE	Manton and Hillard Street, Providence, RI, USA	Med High	Raw	NA	FALSE	41.8201	-71.44685	2018	September	Olneyville
1197	2018-10-01	749010	13:12:00	Bicycle	NA	1	FALSE	FALSE	1	WILLIAMS ST	S WATER ST	2018-10-01	One-Way Trafficway	Wet	Daylight	Clear	Not a Collision Between Two Motor Vehicles in Transport	No	Stop Signs	3	1	Pain Reported	NA	41.82157	-71.40438	FALSE	FALSE	Williams Street and S Water Street, Providence, RI, USA	Med	Raw	distance greater than 100m	TRUE	41.82157	-71.40438	2018	October	Fox Point
1198	2018-10-01	749072	18:38:00	Pedestrian	1	NA	FALSE	FALSE	1	160 CHAPIN AVE	ELLERY ST	2018-10-01	Two-Way , Not Divided	Wet	Dark - Lighted	Rain	Other	No	No Controls	2	1	Pain Reported	NA	41.81186	-71.43764	TRUE	FALSE	160 Chapin Ave, Providence, RI, USA	High	Raw	NA	FALSE	41.81186	-71.43764	2018	October	West End
1199	2018-10-01	749095	22:15:00	Pedestrian	1	NA	FALSE	FALSE	1	SMITH ST	DANFORTH ST	2018-10-01	Two-Way, Divided, Unprotected (painted>4feet) Medium	Wet	Dark - Lighted	Sleet, Hail (Freezing Rain or Drizzle)	Not a Collision Between Two Motor Vehicles in Transport	Yes	No Controls	2	1	Pain Reported	NA	41.83557	-71.42652	FALSE	FALSE	Smith Street and Danforth Street, Providence, RI, USA	Med High	Raw	NA	FALSE	41.83557	-71.42652	2018	October	Smith Hill
1196	2018-10-02	749129	12:45:00	Pedestrian	1	NA	FALSE	FALSE	1	WESTMINSTER ST	DORRANCE ST	2018-10-02	Two-Way , Not Divided	Wet	Daylight	Cloudy	Other	No	Traffic Control Signal	2	1	Pain Reported	NA	41.82361	-71.41167	FALSE	FALSE	Westminster Street and Dorrance Street, Providence, RI, USA	Med High	Raw	NA	FALSE	41.82361	-71.41167	2018	October	Downtown
1194	2018-10-05	749512	15:02:00	Bicycle	NA	1	FALSE	FALSE	1	WASHINGTON ST	EXCHANGE ST	2018-10-06	One-Way Trafficway	Dry	Daylight	Clear	Not a Collision Between Two Motor Vehicles in Transport	No	No Controls	3	0	No Injury	NA	41.8246	-71.41254	FALSE	FALSE	Washington Street and Exchange Street, Providence, RI, USA	Med	Raw	distance greater than 100m	TRUE	41.8246	-71.41254	2018	October	Downtown
1195	2018-10-05	749771	16:50:00	Pedestrian	1	NA	FALSE	FALSE	1	Messer Street	Cranston Street	2018-10-09	Two-Way , Not Divided	Dry	Daylight	Clear	Not a Collision Between Two Motor Vehicles in Transport	Yes	No Controls	1	1	Non-Incapacitating	1	41.80964	-71.43347	FALSE	FALSE	Messer Street and Cranston Street, Providence, RI, USA	Med High	Raw	NA	FALSE	41.80964	-71.43347	2018	October	West End
1193	2018-10-06	749493	16:25:00	Pedestrian	1	NA	FALSE	FALSE	1	Smith St	CHALKSTONE AVE	2018-10-06	Two-Way , Not Divided	Dry	Daylight	Clear	Not a Collision Between Two Motor Vehicles in Transport	No	Traffic Control Signal	5	1	Pain Reported	NA	41.83522	-71.42566	FALSE	FALSE	Smith Street and Chalkstone Ave, Providence, RI, USA	Med High	Raw	NA	FALSE	41.83522	-71.42566	2018	October	Smith Hill
1190	2018-10-07	749561	14:42:00	Pedestrian	2	NA	FALSE	FALSE	1	315 broad st	BROAD ST	2018-10-07	Two-Way , Not Divided	Dry	Daylight	Clear	Not a Collision Between Two Motor Vehicles in Transport	Yes	No Controls	3	2	Non-Incapacitating	NA	41.8144	-71.42116	TRUE	FALSE	315 Broad Street, Providence, RI, USA	High	Raw	NA	FALSE	41.8144	-71.42116	2018	October	West End
1191	2018-10-07	749574	19:25:00	Bicycle	NA	2	FALSE	FALSE	1	Hawkins Street	YORKSHIRE ST	2018-10-07	Two-Way , Not Divided	Wet	Dark - Lighted	Rain	Not a Collision Between Two Motor Vehicles in Transport	No	No Controls	4	0	No Injury	NA	41.84871	-71.4257	FALSE	FALSE	Hawkins Street and Yorkshire Street, Providence, RI, USA	Med High	Raw	NA	FALSE	41.84871	-71.4257	2018	October	Wanskuck
1192	2018-10-07	751407	15:13:00	Pedestrian	1	NA	FALSE	FALSE	1	Douglas Avenue	Fillmore Street	2018-10-17	Two-Way, Divided, Unprotected (painted>4feet) Medium	Dry	Daylight	Clear	Not a Collision Between Two Motor Vehicles in Transport	Yes	Pavement Markings	3	1	Non-Incapacitating	1	41.83718	-71.42232	FALSE	FALSE	Douglas Avenue and Fillmore Street, Providence, RI, USA	Med High	Raw	NA	FALSE	41.83718	-71.42232	2018	October	Smith Hill
1188	2018-10-10	749877	17:10:00	Pedestrian	2	NA	FALSE	FALSE	1	MERINO ST	CROWNINSHIELD ST	2018-10-10	Two-Way, Divided, Unprotected (painted>4feet) Medium	Dry	Daylight	Clear	Other	Yes	No Controls	2	2	Pain Reported	NA	41.81852	-71.45909	FALSE	FALSE	Merino Street and Crowninshield Street, Providence, RI, USA	Med High	Raw	distance greater than 100m	TRUE	41.81852	-71.45909	2018	October	Hartford
1189	2018-10-10	749882	17:07:00	Pedestrian	1	NA	FALSE	FALSE	1	ALVERSON AVE	NYE ST	2018-10-10	Two-Way, Divided, Unprotected (painted>4feet) Medium	Dry	Daylight	Clear	Not a Collision Between Two Motor Vehicles in Transport	No	No Controls	2	1	Pain Reported	NA	41.81874	-71.46007	FALSE	FALSE	Alverson Ave and Nye Street, Providence, RI, USA	Med High	Geocoded	distance greater than 100m	TRUE	41.8169709	-71.4594499	2018	October	Hartford
1186	2018-10-11	749929	10:30:00	Pedestrian	1	NA	FALSE	FALSE	1	Elmwood Ave	BURNETT ST	2018-10-11	Two-Way , Not Divided	Dry	Daylight	Clear	Not a Collision Between Two Motor Vehicles in Transport	No	Pavement Markings	4	1	Pain Reported	2	41.80299	-71.42587	FALSE	FALSE	Elmwood Ave and Burnett Street, Providence, RI, USA	Med High	Raw	NA	FALSE	41.80299	-71.42587	2018	October	West End
1187	2018-10-11	749983	18:11:00	Bicycle	NA	1	FALSE	FALSE	1	ADMIRAL ST	DOUGLAS AVE	2018-10-11	Two-Way , Not Divided	Wet	Dark - Lighted	Rain	Not a Collision Between Two Motor Vehicles in Transport	No	Traffic Control Signal	3	1	Pain Reported	NA	41.84605	-71.429	FALSE	FALSE	Admiral Street and Douglas Ave, Providence, RI, USA	Med High	Raw	NA	FALSE	41.84605	-71.429	2018	October	Wanskuck
1184	2018-10-12	750049	14:11:00	Bicycle	NA	1	FALSE	FALSE	1	MANTON AVE	CHAFFEE ST	2018-10-12	Two-Way, Divided, Unprotected (painted>4feet) Medium	Dry	Daylight	Clear	Not a Collision Between Two Motor Vehicles in Transport	No	No Controls	3	1	Pain Reported	NA	41.81879	-71.44572	FALSE	FALSE	Manton Ave and Chaffee Street, Providence, RI, USA	Med High	Raw	NA	FALSE	41.81879	-71.44572	2018	October	Olneyville
1185	2018-10-12	751349	22:10:00	Bicycle	NA	1	FALSE	FALSE	1	ATWELLS AVENUE	ACADEMY AVE	2018-10-12	Two-Way , Not Divided	Dry	Dark - Lighted	Clear	Not a Collision Between Two Motor Vehicles in Transport	No	Traffic Control Signal	2	1	Pain Reported	NA	41.82478	-71.44338	FALSE	FALSE	Atwells Avenue and Academy Ave, Providence, RI, USA	Med High	Raw	NA	FALSE	41.82478	-71.44338	2018	October	Olneyville
1183	2018-10-13	751114	09:58:00	Pedestrian	1	NA	FALSE	FALSE	1	RESERVOIR AVE	ALGONQUIN ST	2018-10-13	Two-Way , Not Divided	Wet	Daylight	Rain	Other	No	No Controls	2	1	Pain Reported	2	41.79342	-71.42708	FALSE	FALSE	Reservoir Ave and Algonquin Street, Providence, RI, USA	Med High	Raw	NA	FALSE	41.79342	-71.42708	2018	October	Reservoir