row_number	crash_date	crash_report_id	crash_time	collision_type	count_pedestrian	count_bicycle	scooter	wheel_chair	number_of_vehicles	street_or_highway	nearest_intersection	report_date	type_of_roadway	road_surface_condition	light_condition	weather_condition	manner_of_impact	hit_and_run	traffic_control	person_count	injury_count	most_serious_injury	number_of_lanes	lat_raw	lon_raw	has_st_number	is_intersection_null	address_sent_to_geocoder	api_coord_conf	best_coordinate_set	reason_for_qa	manually_qaed_record	final_lat	final_lon	year	month	pvd_nhood
1182	2018-10-16	751342	14:27:00	Pedestrian	1	NA	FALSE	FALSE	1	BROOK STREET	MANNING WALK	2018-10-16	Two-Way , Not Divided	Dry	Daylight	Clear	Not a Collision Between Two Motor Vehicles in Transport	No	Yield Signs	2	1	Pain Reported	2	41.82648	-71.39918	FALSE	FALSE	Brook Street and Manning Walk, Providence, RI, USA	Med High	Raw	NA	FALSE	41.82648	-71.39918	2018	October	College Hill
1180	2018-10-17	751370	08:33:00	Pedestrian	1	NA	FALSE	FALSE	1	HUXLEY AVE	ADMIRAL ST	2018-10-17	Two-Way , Not Divided	Dry	Daylight	Clear	Other	No	No Controls	4	1	Non-Incapacitating	2	41.84669	-71.43266	FALSE	FALSE	Huxley Ave and Admiral Street, Providence, RI, USA	Med High	Raw	NA	FALSE	41.84669	-71.43266	2018	October	Elmhurst
1181	2018-10-17	751418	20:58:00	Pedestrian	1	NA	FALSE	FALSE	1	Chalkstone Ave	Grosvenor Ave	2018-10-17	Two-Way , Not Divided	Dry	Dark - Lighted	Clear	Not a Collision Between Two Motor Vehicles in Transport	No	No Controls	3	1	Pain Reported	NA	41.83236	-71.43979	FALSE	FALSE	Chalkstone Ave and Grosvenor Ave, Providence, RI, USA	Med High	Raw	NA	FALSE	41.83236	-71.43979	2018	October	Valley
1177	2018-10-20	751607	14:00:00	Pedestrian	1	NA	FALSE	FALSE	1	Eddy Street	PAVILION AVE	2018-10-20	Two-Way , Not Divided	Dry	Daylight	Clear	Not a Collision Between Two Motor Vehicles in Transport	Yes	No Controls	1	1	Pain Reported	NA	41.79732	-71.40511	FALSE	FALSE	Eddy Street and Pavilion Ave, Providence, RI, USA	Med High	Raw	NA	FALSE	41.79732	-71.40511	2018	October	Lower South Providence
1178	2018-10-20	751655	19:42:00	Pedestrian	1	NA	FALSE	FALSE	1	UNION AVE	WHITEHALL ST	2018-10-20	Two-Way , Not Divided	Dry	Dark - Lighted	Clear	Unknown	No	No Controls	3	1	Pain Reported	NA	41.80789	-71.44347	FALSE	FALSE	Union Ave and Whitehall Street, Providence, RI, USA	Med	Raw	NA	FALSE	41.80789	-71.44347	2018	October	Silver Lake
1179	2018-10-20	751673	19:21:00	Pedestrian	1	NA	FALSE	FALSE	1	Elmwood ave/ reservoir ave	NA	2018-10-21	Two-Way , Not Divided	Dry	Daylight	Clear	Not a Collision Between Two Motor Vehicles in Transport	No	Unknown	2	1	Pain Reported	NA	41.79782	-71.42611	FALSE	TRUE	Elmwood Ave/ Reservoir Ave, Providence, RI, USA	Inaccurate	Raw	NA	FALSE	41.79782	-71.42611	2018	October	West End
1176	2018-10-24	751985	17:34:00	Pedestrian	1	NA	FALSE	FALSE	1	731 Eddy Street	NA	2018-10-24	Two-Way , Not Divided	Dry	Daylight	Clear	Not a Collision Between Two Motor Vehicles in Transport	No	No Controls	3	1	Non-Incapacitating	NA	41.8087	-71.40723	TRUE	TRUE	731 Eddy Street, Providence, RI, USA	High	Raw	distance greater than 100m	TRUE	41.8087	-71.40723	2018	October	Upper South Providence
1173	2018-10-26	752103	13:21:00	Pedestrian	1	NA	FALSE	FALSE	1	VEAZIE ST	DOUGLAS AVE	2018-10-26	Two-Way , Not Divided	Dry	Daylight	Clear	Other	No	No Controls	6	0	No Injury	NA	41.85107	-71.43444	FALSE	FALSE	Veazie Street and Douglas Ave, Providence, RI, USA	Med High	Raw	NA	FALSE	41.85107	-71.43444	2018	October	Wanskuck
1174	2018-10-26	752139	17:21:00	Bicycle	NA	1	FALSE	FALSE	1	WILLIAMS ST	BROOK ST	2018-10-26	Two-Way, Divided, Unprotected (painted>4feet) Medium	Dry	Daylight	Clear	Angle (Front - to - Side) Opposite Direction	No	Stop Signs	2	1	Pain Reported	NA	41.82245	-71.39859	FALSE	FALSE	Williams Street and Brook Street, Providence, RI, USA	Med	Raw	NA	FALSE	41.82245	-71.39859	2018	October	Fox Point
1175	2018-10-26	752155	19:33:00	Bicycle	NA	1	FALSE	FALSE	1	Smith St	Holden St	2018-10-26	Two-Way , Not Divided	Dry	Dark - Lighted	Clear	Not a Collision Between Two Motor Vehicles in Transport	No	No Controls	3	1	Incapacitating	NA	41.83226	-71.41818	FALSE	FALSE	Smith Street and Holden Street, Providence, RI, USA	Med High	Raw	NA	FALSE	41.83226	-71.41818	2018	October	Smith Hill
1169	2018-10-27	752173	21:58:00	Pedestrian	1	NA	FALSE	FALSE	1	BENEFIT ST	COLLEGE ST	2018-10-27	Two-Way , Not Divided	Dry	Dark - Lighted	Clear	Not a Collision Between Two Motor Vehicles in Transport	Yes	Stop Signs	2	1	Pain Reported	NA	41.826	-71.40683	FALSE	FALSE	Benefit Street and College Street, Providence, RI, USA	Med High	Raw	NA	FALSE	41.826	-71.40683	2018	October	College Hill
1170	2018-10-27	752183	17:43:00	Pedestrian	1	NA	FALSE	FALSE	1	ALLENS AVE	TORONTO AVE	2018-10-27	Two-Way, Divided, Unprotected (painted>4feet) Medium	Wet	Dark - Lighted	Rain	Angle (Front - to - Side) Opposite Direction	Yes	No Controls	1	1	Pain Reported	NA	41.79268	-71.39721	FALSE	FALSE	Allens Ave and Toronto Ave, Providence, RI, USA	Med High	Raw	NA	FALSE	41.79268	-71.39721	2018	October	Washington Park
1171	2018-10-27	752199	21:17:00	Pedestrian	1	NA	FALSE	FALSE	1	Pearl St	Broad St	2018-10-27	Two-Way , Not Divided	Wet	Dark - Lighted	Rain	Not a Collision Between Two Motor Vehicles in Transport	No	Traffic Control Signal	3	1	Pain Reported	NA	41.81528	-71.42039	FALSE	FALSE	Pearl Street and Broad Street, Providence, RI, USA	Med	Raw	NA	FALSE	41.81528	-71.42039	2018	October	West End
1172	2018-10-27	752235	06:30:00	Pedestrian	1	NA	FALSE	FALSE	1	141 Weybosset St	EDDY ST	2018-10-28	Two-Way , Not Divided	Wet	Dawn	Rain	Not a Collision Between Two Motor Vehicles in Transport	Yes	No Controls	1	1	Pain Reported	NA	41.82271	-71.41137	TRUE	FALSE	141 Weybosset Street, Providence, RI, USA	High	Raw	NA	FALSE	41.82271	-71.41137	2018	October	Downtown
1168	2018-10-29	752329	15:29:00	Bicycle	NA	1	FALSE	FALSE	1	PARK ST	PROMENADE ST	2018-10-29	Two-Way , Not Divided	Dry	Daylight	Clear	Not a Collision Between Two Motor Vehicles in Transport	No	Traffic Control Signal	3	1	Pain Reported	NA	41.82773	-71.41764	FALSE	FALSE	Park Street and Promenade Street, Providence, RI, USA	Med	Raw	NA	FALSE	41.82773	-71.41764	2018	October	Downtown
1165	2018-10-31	752521	07:20:00	Pedestrian	1	NA	FALSE	FALSE	1	DUDLEY ST	GAY ST	2018-10-31	Two-Way , Not Divided	Dry	Daylight	Clear	Not a Collision Between Two Motor Vehicles in Transport	No	No Controls	2	1	Pain Reported	NA	41.80998	-71.41326	FALSE	FALSE	Dudley Street and Gay Street, Providence, RI, USA	Med High	Raw	NA	FALSE	41.80998	-71.41326	2018	October	Upper South Providence
1166	2018-10-31	752541	08:15:00	Other	NA	NA	TRUE	FALSE	2	S MAIN ST	COLLEGE ST	2018-10-31	One-Way Trafficway	Dry	Daylight	Clear	Rear End(Front-to-Rear)	No	Pavement Markings	3	0	No Injury	2	41.82602	-71.40816	FALSE	FALSE	S Main Street and College Street, Providence, RI, USA	Med High	Raw	NA	FALSE	41.82602	-71.40816	2018	October	Downtown
1167	2018-10-31	752544	08:51:00	Bicycle	NA	1	FALSE	FALSE	1	EAST RIVER ST	WATERMAN ST	2018-10-31	Two-Way , Not Divided	Dry	Daylight	Clear	Other	No	No Controls	3	1	Pain Reported	2	41.82768	-71.3814	FALSE	FALSE	East River Street and Waterman Street, Providence, RI, USA	Med	Raw	distance greater than 100m	TRUE	41.82768	-71.3814	2018	October	Wayland
1163	2018-11-02	752714	07:22:00	Bicycle	NA	1	FALSE	FALSE	1	500 Broad St	Pine St	2018-11-02	Two-Way , Not Divided	Wet	Dawn	Cloudy	Not a Collision Between Two Motor Vehicles in Transport	Yes	No Controls	2	1	Pain Reported	2	NA	NA	TRUE	FALSE	500 Broad Street, Providence, RI, USA	High	Neither	raw coords null but geocoded coords found	TRUE	41.81088	-71.4213	2018	November	Elmwood
1164	2018-11-02	775754	14:25:00	Pedestrian	1	NA	FALSE	FALSE	1	35 Camp Street	Doyle Ave	2019-03-25	Two-Way , Not Divided	Dry	Daylight	Clear	Other	Yes	No Controls	4	1	Pain Reported	2	NA	NA	TRUE	FALSE	35 Camp Street, Providence, RI, USA	High	Neither	raw coords null but geocoded coords found	TRUE	41.83748	-71.40435	2018	November	Mount Hope
1160	2018-11-03	752842	05:43:00	Pedestrian	1	NA	FALSE	FALSE	1	Memorial Blvd	EXIT 22A  (RT )	2018-11-03	Two-Way, Divided, Positive Median Barrier	Wet	Dark - Lighted	Rain	Not a Collision Between Two Motor Vehicles in Transport	No	Traffic Control Signal	2	1	Incapacitating	NA	41.82583	-71.41506	FALSE	FALSE	Memorial Blvd and Exit 22a  (Rt ), Providence, RI, USA	Med	Raw	distance greater than 100m	TRUE	41.82583	-71.41506	2018	November	Downtown
1161	2018-11-03	752870	18:38:00	Pedestrian	1	NA	FALSE	FALSE	1	RANDALL ST	CHARLES ST	2018-11-03	Two-Way , Not Divided	Dry	Dark - Lighted	Clear	Not a Collision Between Two Motor Vehicles in Transport	No	No Controls	2	1	Pain Reported	NA	41.83761	-71.41032	FALSE	FALSE	Randall Street and Charles Street, Providence, RI, USA	Med	Raw	distance greater than 100m	TRUE	41.83761	-71.41032	2018	November	Mount Hope
1162	2018-11-03	752881	22:43:00	Pedestrian	1	NA	FALSE	FALSE	1	SMITH ST	CHALKSTONE AVE	2018-11-04	Two-Way , Not Divided	Dry	Dark - Lighted	Clear	Not a Collision Between Two Motor Vehicles in Transport	No	No Controls	3	1	Incapacitating	NA	41.8353	-71.42585	FALSE	FALSE	Smith Street and Chalkstone Ave, Providence, RI, USA	Med High	Raw	NA	FALSE	41.8353	-71.42585	2018	November	Smith Hill
1159	2018-11-04	753001	17:22:00	Pedestrian	1	NA	FALSE	FALSE	1	Camp Street	Jenkins Street	2018-11-05	Two-Way , Not Divided	Dry	Dark - Lighted	Clear	Not a Collision Between Two Motor Vehicles in Transport	Yes	Pavement Markings	2	1	Non-Incapacitating	1	41.84076	-71.4036	FALSE	FALSE	Camp Street and Jenkins Street, Providence, RI, USA	Med High	Raw	NA	FALSE	41.84076	-71.4036	2018	November	Mount Hope
1158	2018-11-05	753034	17:39:00	Pedestrian	1	NA	FALSE	FALSE	1	THURBERS AVE	PRAIRIE AVE	2018-11-05	Two-Way , Not Divided	Wet	Dark - Lighted	Rain	Not a Collision Between Two Motor Vehicles in Transport	No	Traffic Control Signal	4	1	Non-Incapacitating	NA	41.79873	-71.41191	FALSE	FALSE	Thurbers Ave and Prairie Ave, Providence, RI, USA	Med High	Raw	NA	FALSE	41.79873	-71.41191	2018	November	Lower South Providence
1157	2018-11-06	753073	08:59:00	Pedestrian	1	NA	FALSE	FALSE	1	PEACE ST	ELMWOOD AVE	2018-11-06	Two-Way , Not Divided	Wet	Daylight	Cloudy	Other	No	No Controls	4	1	Pain Reported	3	41.80655	-71.42477	FALSE	FALSE	Peace Street and Elmwood Ave, Providence, RI, USA	Med High	Raw	NA	FALSE	41.80655	-71.42477	2018	November	West End
1152	2018-11-07	755228	14:50:00	Pedestrian	1	NA	FALSE	FALSE	1	BUTLER AVE	S ANGELL ST	2018-11-07	Two-Way , Not Divided	Dry	Daylight	Clear	Not a Collision Between Two Motor Vehicles in Transport	No	Traffic Control Signal	2	1	Non-Incapacitating	NA	41.82947	-71.38504	FALSE	FALSE	Butler Ave and S Angell Street, Providence, RI, USA	Med High	Raw	NA	FALSE	41.82947	-71.38504	2018	November	Wayland
1153	2018-11-07	755230	16:31:00	Pedestrian	1	NA	FALSE	FALSE	1	51 silver spring st	NA	2018-11-07	Two-Way , Not Divided	Dry	Dusk	Clear	Not a Collision Between Two Motor Vehicles in Transport	No	No Controls	3	1	Pain Reported	NA	NA	NA	TRUE	TRUE	51 Silver Spring Street, Providence, RI, USA	High	Neither	raw coords null but geocoded coords found	TRUE	41.8458	-71.41741	2018	November	Charles
1154	2018-11-07	755244	17:47:00	Pedestrian	1	NA	FALSE	FALSE	1	CHALKSTONE AVE	FREDERICK ST	2018-11-07	Unknown	Dry	Dark - Lighted	Clear	Not a Collision Between Two Motor Vehicles in Transport	Yes	Stop Signs	1	1	Pain Reported	NA	41.83447	-71.42888	FALSE	FALSE	Chalkstone Ave and Frederick Street, Providence, RI, USA	Med High	Raw	NA	FALSE	41.83447	-71.42888	2018	November	Smith Hill
1155	2018-11-07	755252	18:00:00	Pedestrian	1	NA	FALSE	FALSE	1	FRANCIS ST	MEMORIAL BLVD	2018-11-07	Two-Way, Divided, Unprotected (painted>4feet) Medium	Dry	Dark - Lighted	Clear	Not a Collision Between Two Motor Vehicles in Transport	Yes	No Controls	2	1	Pain Reported	NA	41.82676	-71.4155	FALSE	FALSE	Francis Street and Memorial Blvd, Providence, RI, USA	Med	Raw	NA	FALSE	41.82676	-71.4155	2018	November	Downtown
1156	2018-11-07	755260	17:41:00	Bicycle	NA	1	FALSE	FALSE	1	Manton Ave	ATWELLS AVE	2018-11-07	Two-Way , Not Divided	Dry	Dark - Lighted	Clear	Not a Collision Between Two Motor Vehicles in Transport	No	No Controls	3	1	Pain Reported	NA	41.82537	-71.45466	FALSE	FALSE	Manton Ave and Atwells Ave, Providence, RI, USA	Med High	Raw	NA	FALSE	41.82537	-71.45466	2018	November	Olneyville
1150	2018-11-08	755318	12:27:00	Pedestrian	1	NA	FALSE	FALSE	1	94 ACADEMY AVE	ARMINGTON AVE	2018-11-08	Two-Way , Not Divided	Dry	Daylight	Clear	Not a Collision Between Two Motor Vehicles in Transport	No	No Controls	2	0	No Injury	NA	41.82734	-71.44373	TRUE	FALSE	94 Academy Ave, Providence, RI, USA	High	Raw	NA	FALSE	41.82734	-71.44373	2018	November	Mount Pleasant
1151	2018-11-08	755342	16:56:00	Pedestrian	1	NA	FALSE	FALSE	1	670 Chalkstone Ave	FREDERICK ST	2018-11-08	Two-Way, Divided, Unprotected (painted>4feet) Medium	Dry	Dark - Lighted	Clear	Not a Collision Between Two Motor Vehicles in Transport	Yes	No Controls	1	1	Pain Reported	NA	41.83447	-71.42888	TRUE	FALSE	670 Chalkstone Ave, Providence, RI, USA	High	Raw	NA	FALSE	41.83447	-71.42888	2018	November	Smith Hill
1147	2018-11-09	755424	11:53:00	Pedestrian	1	NA	FALSE	FALSE	1	MEMORIAL BLVD	FRANCIS ST	2018-11-09	Two-Way, Divided, Positive Median Barrier	Dry	Daylight	Clear	Other	Yes	Traffic Control Signal	1	1	Pain Reported	4	41.82589	-71.41538	FALSE	FALSE	Memorial Blvd and Francis Street, Providence, RI, USA	Med High	Raw	NA	FALSE	41.82589	-71.41538	2018	November	Downtown
1148	2018-11-09	755497	19:12:00	Pedestrian	1	NA	FALSE	FALSE	1	REGENT AVE	HURON ST	2018-11-09	Two-Way , Not Divided	Wet	Dark - Lighted	Rain	Not a Collision Between Two Motor Vehicles in Transport	No	Stop Signs	6	1	Incapacitating	NA	41.82952	-71.44119	FALSE	FALSE	Regent Ave and Huron Street, Providence, RI, USA	Med High	Raw	NA	FALSE	41.82952	-71.44119	2018	November	Valley
1149	2018-11-09	755502	21:59:00	Pedestrian	2	NA	FALSE	FALSE	1	WESTMINSTER ST	COLLEGE ST	2018-11-09	Two-Way , Not Divided	Wet	Dark - Lighted	Rain	Not a Collision Between Two Motor Vehicles in Transport	No	Traffic Control Signal	5	2	Pain Reported	NA	41.82529	-71.40895	FALSE	FALSE	Westminster Street and College Street, Providence, RI, USA	Med High	Raw	NA	FALSE	41.82529	-71.40895	2018	November	Downtown
1145	2018-11-16	756203	18:44:00	Pedestrian	1	NA	FALSE	FALSE	1	N MAIN ST	STEEPLE ST	2018-11-16	One-Way Trafficway	Wet	Dusk	Clear	Not a Collision Between Two Motor Vehicles in Transport	No	Traffic Control Signal	3	1	Pain Reported	NA	41.82749	-71.40906	FALSE	FALSE	N Main Street and Steeple Street, Providence, RI, USA	Med	Raw	NA	FALSE	41.82749	-71.40906	2018	November	Downtown
1144	2018-11-20	756562	12:40:00	Pedestrian	1	NA	FALSE	FALSE	1	N Main St	Frost St	2018-11-20	Two-Way , Not Divided	Wet	Daylight	Rain	Not a Collision Between Two Motor Vehicles in Transport	No	Traffic Control Signal	4	1	Pain Reported	4	NA	NA	FALSE	FALSE	N Main Street and Frost Street, Providence, RI, USA	Med	Geocoded	raw coords null but geocoded coords found	TRUE	41.8513298	-71.402373	2018	November	Hope
1143	2018-11-21	756671	08:34:00	Pedestrian	1	NA	FALSE	FALSE	1	EXIT 22A (RT )	FRANCIS ST	2018-11-21	Two-Way , Not Divided	Dry	Daylight	Clear	Not a Collision Between Two Motor Vehicles in Transport	No	Traffic Control Signal	2	1	Pain Reported	2	41.82577	-71.41527	FALSE	FALSE	Exit 22a (Rt ) and Francis Street, Providence, RI, USA	Med	Raw	distance greater than 100m	TRUE	41.82577	-71.41527	2018	November	Downtown
1142	2018-11-23	756781	08:19:00	Pedestrian	1	NA	FALSE	FALSE	1	Broadway	KNIGHT ST	2018-11-23	Two-Way, Divided, Unprotected (painted>4feet) Medium	Dry	Daylight	Clear	Other	No	Traffic Control Signal	2	1	Pain Reported	NA	41.8198	-71.42936	FALSE	FALSE	Broadway and Knight Street, Providence, RI, USA	Med	Raw	NA	FALSE	41.8198	-71.42936	2018	November	Federal Hill
1141	2018-11-24	756883	21:39:00	Pedestrian	1	NA	FALSE	FALSE	1	DYER STREET	DORRANCE STREET	2018-11-24	Two-Way, Divided, Unprotected (painted>4feet) Medium	Dry	Dark - Lighted	Clear	Not a Collision Between Two Motor Vehicles in Transport	No	No Controls	3	1	Pain Reported	NA	41.80338	-71.40157	FALSE	FALSE	Dyer Street and Dorrance Street, Providence, RI, USA	Med High	Geocoded	distance greater than 100m	TRUE	41.8212095	-71.4081639	2018	November	Downtown
1140	2018-11-25	756954	22:32:00	Pedestrian	1	NA	FALSE	FALSE	1	SAN SOUCI DR	VALLEY ST	2018-11-25	Unknown	Dry	Dark - Lighted	Clear	Not a Collision Between Two Motor Vehicles in Transport	Yes	No Controls	1	1	Pain Reported	NA	41.81742	-71.44157	FALSE	FALSE	San Souci Dr and Valley Street, Providence, RI, USA	Med High	Raw	NA	FALSE	41.81742	-71.44157	2018	November	Olneyville
1137	2018-11-26	757004	10:44:00	Pedestrian	1	NA	FALSE	FALSE	1	Broadway	Tobey Street	2018-11-26	Two-Way , Not Divided	Wet	Daylight	Cloudy	Other	No	No Controls	3	1	Pain Reported	2	41.81853	-71.43479	FALSE	FALSE	Broadway and Tobey Street, Providence, RI, USA	Med	Raw	NA	FALSE	41.81853	-71.43479	2018	November	Federal Hill
1138	2018-11-26	757064	18:13:00	Pedestrian	1	NA	FALSE	FALSE	1	Olney Street	Brown Street	2018-11-26	Two-Way , Not Divided	Wet	Dark - Not Lighted	Rain	Not a Collision Between Two Motor Vehicles in Transport	No	Pavement Markings	3	1	Non-Incapacitating	1	41.8356	-71.40546	FALSE	FALSE	Olney Street and Brown Street, Providence, RI, USA	Med High	Raw	NA	FALSE	41.8356	-71.40546	2018	November	College Hill
1139	2018-11-26	757074	19:03:00	Pedestrian	1	NA	FALSE	FALSE	1	ANGELL ST	WAYLAND AVE	2018-11-26	One-Way Trafficway	Wet	Dark - Lighted	Rain	Not a Collision Between Two Motor Vehicles in Transport	No	Traffic Control Signal	6	1	Non-Incapacitating	2	41.83017	-71.38783	FALSE	FALSE	Angell Street and Wayland Ave, Providence, RI, USA	Med High	Raw	NA	FALSE	41.83017	-71.38783	2018	November	Wayland
1136	2018-11-28	757291	19:31:00	Bicycle	NA	1	FALSE	FALSE	1	PUBLIC ST	BROAD ST	2018-11-28	Two-Way , Not Divided	Dry	Dark - Lighted	Clear	Not a Collision Between Two Motor Vehicles in Transport	No	Traffic Control Signal	2	1	Pain Reported	NA	41.80442	-71.41935	FALSE	FALSE	Public Street and Broad Street, Providence, RI, USA	Med High	Raw	NA	FALSE	41.80442	-71.41935	2018	November	Elmwood
1135	2018-11-29	757482	17:21:00	Pedestrian	1	NA	FALSE	FALSE	1	175 Douglas Ave	CANDACE ST	2018-11-30	Unknown	Dry	Dark - Lighted	Clear	Not a Collision Between Two Motor Vehicles in Transport	Yes	No Controls	1	1	Pain Reported	NA	41.83723	-71.42243	TRUE	FALSE	175 Douglas Ave, Providence, RI, USA	High	Raw	NA	FALSE	41.83723	-71.42243	2018	November	Smith Hill
1134	2018-11-30	757388	08:55:00	Bicycle	NA	1	FALSE	FALSE	1	Broadway	RINGGOLD ST	2018-11-30	Two-Way , Not Divided	Dry	Daylight	Clear	Not a Collision Between Two Motor Vehicles in Transport	No	No Controls	3	1	Pain Reported	NA	41.82121	-71.42335	FALSE	FALSE	Broadway and Ringgold Street, Providence, RI, USA	Med	Raw	NA	FALSE	41.82121	-71.42335	2018	November	Federal Hill
1133	2018-12-03	758688	09:27:00	Bicycle	NA	1	FALSE	FALSE	1	HOPE STREET	WILLIAMS STREET	2018-12-03	Two-Way , Not Divided	Wet	Daylight	Clear	Other	No	No Controls	6	1	Pain Reported	2	41.82258	-71.39685	FALSE	FALSE	Hope Street and Williams Street, Providence, RI, USA	Med High	Raw	NA	FALSE	41.82258	-71.39685	2018	December	Fox Point
1132	2018-12-04	758810	18:25:00	Pedestrian	1	NA	FALSE	FALSE	1	POTTERS AVE	ELMWOOD AVE	2018-12-04	Two-Way , Not Divided	Dry	Dark - Lighted	Clear	Head-On (Front - to - Front)	No	No Controls	2	1	Pain Reported	NA	41.80151	-71.42635	FALSE	FALSE	Potters Ave and Elmwood Ave, Providence, RI, USA	Med High	Raw	NA	FALSE	41.80151	-71.42635	2018	December	West End
1131	2018-12-06	759978	00:36:00	Bicycle	NA	1	FALSE	FALSE	1	Chalkstone Ave	SMITH ST	2018-12-06	Two-Way , Not Divided	Dry	Dark - Lighted	Clear	Not a Collision Between Two Motor Vehicles in Transport	No	Traffic Control Signal	2	1	Pain Reported	NA	41.83519	-71.42569	FALSE	FALSE	Chalkstone Ave and Smith Street, Providence, RI, USA	Med High	Raw	NA	FALSE	41.83519	-71.42569	2018	December	Smith Hill
1129	2018-12-07	760104	13:18:00	Pedestrian	1	NA	FALSE	FALSE	1	ANGELL ST	GANO ST	2018-12-07	Two-Way , Not Divided	Dry	Daylight	Clear	Not a Collision Between Two Motor Vehicles in Transport	No	Traffic Control Signal	3	1	Pain Reported	NA	41.82958	-71.39097	FALSE	FALSE	Angell Street and Gano Street, Providence, RI, USA	Med High	Raw	NA	FALSE	41.82958	-71.39097	2018	December	Wayland
1130	2018-12-07	760129	18:51:00	Pedestrian	1	NA	FALSE	FALSE	1	Academy Ave	NEWARK ST	2018-12-07	Two-Way , Not Divided	Dry	Daylight	Clear	Not a Collision Between Two Motor Vehicles in Transport	No	No Controls	3	1	Pain Reported	NA	41.82544	-71.4434	FALSE	FALSE	Academy Ave and Newark Street, Providence, RI, USA	Med High	Raw	NA	FALSE	41.82544	-71.4434	2018	December	Mount Pleasant
1127	2018-12-08	760262	21:48:00	Pedestrian	1	NA	FALSE	FALSE	1	100 francis st	AMERICAN EXPRESS PLZ	2018-12-08	Two-Way , Not Divided	Dry	Dark - Lighted	Clear	Not a Collision Between Two Motor Vehicles in Transport	No	No Controls	3	0	No Injury	NA	41.8279	-71.41534	TRUE	FALSE	100 Francis Street, Providence, RI, USA	High	Raw	distance greater than 100m	TRUE	41.8279	-71.41534	2018	December	Downtown
1128	2018-12-08	760271	22:44:00	Pedestrian	1	NA	FALSE	FALSE	1	BROADWAY	VINTON ST	2018-12-09	Two-Way , Not Divided	Dry	Dark - Lighted	Clear	Not a Collision Between Two Motor Vehicles in Transport	No	No Controls	3	1	Non-Incapacitating	NA	41.82007	-71.42819	FALSE	FALSE	Broadway and Vinton Street, Providence, RI, USA	Med	Raw	NA	FALSE	41.82007	-71.42819	2018	December	Federal Hill
1126	2018-12-09	760349	21:40:00	Pedestrian	1	NA	FALSE	FALSE	1	Ruggles Street	Sparrow Street	2018-12-09	Two-Way , Not Divided	Dry	Dark - Lighted	Clear	Not a Collision Between Two Motor Vehicles in Transport	Yes	No Controls	2	1	Pain Reported	1	41.83818	-71.42825	FALSE	FALSE	Ruggles Street and Sparrow Street, Providence, RI, USA	Med High	Raw	NA	FALSE	41.83818	-71.42825	2018	December	Smith Hill
1123	2018-12-10	760439	12:00:00	Pedestrian	1	NA	FALSE	FALSE	1	PLAINFIELD ST	PLAINFIELD ST	2018-12-10	Two-Way , Not Divided	Dry	Daylight	Clear	Not a Collision Between Two Motor Vehicles in Transport	Yes	No Controls	1	1	Pain Reported	NA	41.81414	-71.44737	FALSE	FALSE	Plainfield Street and Plainfield Street, Providence, RI, USA	Med	Raw	distance greater than 100m	TRUE	41.81414	-71.44737	2018	December	Silver Lake
1124	2018-12-10	760462	19:01:00	Pedestrian	1	NA	FALSE	FALSE	1	S WATER ST	S WATER ST	2018-12-10	One-Way Trafficway	Dry	Dark - Lighted	Clear	Not a Collision Between Two Motor Vehicles in Transport	No	Other	2	1	Pain Reported	2	41.82276	-71.40639	FALSE	FALSE	S Water Street and S Water Street, Providence, RI, USA	Med	Raw	distance greater than 100m	TRUE	41.82276	-71.40639	2018	December	Downtown
1125	2018-12-10	760469	15:30:00	Pedestrian	1	NA	FALSE	FALSE	1	Chalkstone Avenue	River Avenue	2018-12-10	Two-Way, Divided, Unprotected (painted>4feet) Medium	Dry	Daylight	Clear	Not a Collision Between Two Motor Vehicles in Transport	No	Traffic Control Signal	3	1	Pain Reported	1	41.83258	-71.43854	FALSE	FALSE	Chalkstone Avenue and River Avenue, Providence, RI, USA	Med High	Raw	NA	FALSE	41.83258	-71.43854	2018	December	Elmhurst
1122	2018-12-11	760504	07:48:00	Pedestrian	1	NA	FALSE	FALSE	1	PLEASANT VALLEY PKWY	RIVER AVE	2018-12-11	One-Way Trafficway	Dry	Daylight	Clear	Not a Collision Between Two Motor Vehicles in Transport	No	Other	4	1	Pain Reported	NA	41.8355	-71.43917	FALSE	FALSE	Pleasant Valley Pkwy and River Ave, Providence, RI, USA	Med High	Raw	NA	FALSE	41.8355	-71.43917	2018	December	Elmhurst
1121	2018-12-13	760719	12:05:00	Pedestrian	1	NA	FALSE	FALSE	1	CRANSTON ST	ALTHEA ST	2018-12-13	Two-Way , Not Divided	Dry	Daylight	Clear	Not a Collision Between Two Motor Vehicles in Transport	No	No Controls	7	1	Pain Reported	NA	41.80773	-71.43508	FALSE	FALSE	Cranston Street and Althea Street, Providence, RI, USA	Med High	Raw	NA	FALSE	41.80773	-71.43508	2018	December	West End