row_number	crash_date	crash_report_id	crash_time	collision_type	count_pedestrian	count_bicycle	scooter	wheel_chair	number_of_vehicles	street_or_highway	nearest_intersection	report_date	type_of_roadway	road_surface_condition	light_condition	weather_condition	manner_of_impact	hit_and_run	traffic_control	person_count	injury_count	most_serious_injury	number_of_lanes	lat_raw	lon_raw	has_st_number	is_intersection_null	address_sent_to_geocoder	api_coord_conf	best_coordinate_set	reason_for_qa	manually_qaed_record	final_lat	final_lon	year	month	pvd_nhood
1060	2019-02-26	769215	10:46:00	Pedestrian	1	NA	FALSE	FALSE	1	Meeting St	Thayer St	2019-02-26	Two-Way , Not Divided	Dry	Daylight	Clear	Not a Collision Between Two Motor Vehicles in Transport	No	No Controls	3	1	Pain Reported	2	NA	NA	FALSE	FALSE	Meeting Street and Thayer Street, Providence, RI, USA	Med High	Geocoded	raw coords null but geocoded coords found	TRUE	41.8291611	-71.4007664	2019	February	College Hill
1059	2019-03-01	769490	08:06:00	Pedestrian	1	NA	FALSE	FALSE	1	Chester St	Broad St	2019-03-01	Two-Way , Not Divided	Dry	Daylight	Clear	Not a Collision Between Two Motor Vehicles in Transport	No	Stop Signs	2	1	Pain Reported	2	NA	NA	FALSE	FALSE	Chester Street and Broad Street, Providence, RI, USA	Med	Geocoded	raw coords null but geocoded coords found	TRUE	41.8065063	-71.4200218	2019	March	Elmwood
1058	2019-03-02	769622	08:10:00	Pedestrian	1	NA	FALSE	FALSE	1	Dean St	Broadway	2019-03-02	Two-Way , Not Divided	Snow	Daylight	Snow	Not a Collision Between Two Motor Vehicles in Transport	No	Traffic Control Signal	2	1	Pain Reported	2	NA	NA	FALSE	FALSE	Dean Street and Broadway, Providence, RI, USA	Med High	Geocoded	raw coords null but geocoded coords found	TRUE	41.821414	-71.422531	2019	March	Federal Hill
1057	2019-03-03	771688	20:44:00	Pedestrian	1	NA	FALSE	FALSE	1	408 DOUGLAS AVENUE	NA	2019-03-03	Two-Way , Not Divided	Wet	Dark - Lighted	Snow	Not a Collision Between Two Motor Vehicles in Transport	Yes	No Controls	1	1	Pain Reported	NA	41.84092	-71.42726	TRUE	TRUE	408 Douglas Avenue, Providence, RI, USA	High	Raw	NA	FALSE	41.84092	-71.42726	2019	March	Smith Hill
1055	2019-03-08	772058	06:36:00	Pedestrian	1	NA	FALSE	FALSE	1	HARTFORD AVE	BODELL AVE	2019-03-08	Two-Way , Not Divided	Dry	Daylight	Clear	Not a Collision Between Two Motor Vehicles in Transport	No	Traffic Control Signal	2	2	Non-Incapacitating	NA	41.81768	-71.45395	FALSE	FALSE	Hartford Ave and Bodell Ave, Providence, RI, USA	Med High	Raw	NA	FALSE	41.81768	-71.45395	2019	March	Hartford
1056	2019-03-08	772113	14:20:00	Bicycle	NA	1	FALSE	FALSE	1	244 MASSACHUSETTS AVE	VIRGINIA AVE	2019-03-08	Two-Way , Not Divided	Wet	Daylight	Clear	Other	No	No Controls	3	1	Pain Reported	NA	41.78689	-71.39909	TRUE	FALSE	244 Massachusetts Ave, Providence, RI, USA	High	Raw	NA	FALSE	41.78689	-71.39909	2019	March	Washington Park
1054	2019-03-09	772185	07:09:00	Bicycle	NA	1	FALSE	FALSE	1	Cromwell Street	Elmwood Avenue	2019-03-09	Two-Way, Divided, Unprotected (painted>4feet) Medium	Dry	Daylight	Clear	Not a Collision Between Two Motor Vehicles in Transport	No	Stop Signs	3	1	Pain Reported	1	41.80878	-71.42463	FALSE	FALSE	Cromwell Street and Elmwood Avenue, Providence, RI, USA	Med High	Raw	NA	FALSE	41.80878	-71.42463	2019	March	West End
1053	2019-03-11	772464	21:14:00	Pedestrian	1	NA	FALSE	FALSE	1	UPTON AVE	BLACKSTONE BLVD	2019-03-11	Two-Way, Divided, Positive Median Barrier	Dry	Dark - Lighted	Clear	Not a Collision Between Two Motor Vehicles in Transport	No	No Controls	4	0	No Injury	NA	41.83957	-71.38577	FALSE	FALSE	Upton Ave and Blackstone Blvd, Providence, RI, USA	Med High	Raw	NA	FALSE	41.83957	-71.38577	2019	March	Blackstone
1051	2019-03-12	772576	17:17:00	Pedestrian	1	NA	FALSE	FALSE	1	797 WESTMINSTER ST	CRANSTON ST	2019-03-12	Two-Way, Divided, Positive Median Barrier	Dry	Daylight	Clear	Not a Collision Between Two Motor Vehicles in Transport	No	No Controls	3	1	Non-Incapacitating	NA	41.81786	-71.42095	TRUE	FALSE	797 Westminster Street, Providence, RI, USA	High	Raw	NA	FALSE	41.81786	-71.42095	2019	March	Federal Hill
1052	2019-03-12	772585	17:57:00	Pedestrian	1	NA	FALSE	FALSE	1	W RIVER ST	CORLISS ST	2019-03-12	Two-Way, Divided, Unprotected (painted>4feet) Medium	Dry	Daylight	Clear	Not a Collision Between Two Motor Vehicles in Transport	Yes	No Controls	1	1	Pain Reported	NA	41.84404	-71.41346	FALSE	FALSE	W River Street and Corliss Street, Providence, RI, USA	Med High	Raw	NA	FALSE	41.84404	-71.41346	2019	March	Mount Hope
1050	2019-03-13	772629	13:08:00	Pedestrian	1	NA	FALSE	FALSE	1	164 SUUMMIT ST	NA	2019-03-13	Unknown	Dry	Daylight	Clear	Not a Collision Between Two Motor Vehicles in Transport	No	No Controls	2	1	Pain Reported	NA	NA	NA	TRUE	TRUE	164 Suummit Street, Providence, RI, USA	High	Neither	raw coords null but geocoded coords found	TRUE	41.82345	-71.37808	2019	March	NA
1048	2019-03-14	772696	12:49:00	Pedestrian	1	NA	FALSE	FALSE	1	COLLEGE ST	MEMORIAL BLVD	2019-03-14	Two-Way , Not Divided	Dry	Daylight	Clear	Not a Collision Between Two Motor Vehicles in Transport	No	Traffic Control Signal	3	1	Pain Reported	NA	41.8253	-71.40887	FALSE	FALSE	College Street and Memorial Blvd, Providence, RI, USA	Med	Raw	NA	FALSE	41.8253	-71.40887	2019	March	Downtown
1049	2019-03-14	772784	20:49:00	Bicycle	NA	1	FALSE	FALSE	1	BROAD ST	CAHIR ST	2019-03-14	Two-Way , Not Divided	Wet	Dark - Lighted	Fog, Smog, Smoke	Not a Collision Between Two Motor Vehicles in Transport	No	Traffic Control Signal	4	0	No Injury	NA	41.81692	-71.41795	FALSE	FALSE	Broad Street and Cahir Street, Providence, RI, USA	Med	Raw	NA	FALSE	41.81692	-71.41795	2019	March	Upper South Providence
1045	2019-03-15	772880	16:03:00	Pedestrian	1	NA	FALSE	FALSE	1	FEDERAL STREET	WEEDEN ST	2019-03-15	Two-Way , Not Divided	Dry	Daylight	Clear	Not a Collision Between Two Motor Vehicles in Transport	No	No Controls	3	1	Pain Reported	NA	41.82238	-71.4245	FALSE	FALSE	Federal Street and Weeden Street, Providence, RI, USA	Med High	Raw	NA	FALSE	41.82238	-71.4245	2019	March	Federal Hill
1046	2019-03-15	772907	19:07:00	Pedestrian	1	NA	FALSE	FALSE	1	POTTERS AVE	GORDON AVE	2019-03-15	Two-Way , Not Divided	Wet	Dark - Lighted	Rain	Not a Collision Between Two Motor Vehicles in Transport	Yes	Pavement Markings	2	1	Pain Reported	NA	41.80372	-71.41576	FALSE	FALSE	Potters Ave and Gordon Ave, Providence, RI, USA	Med High	Raw	NA	FALSE	41.80372	-71.41576	2019	March	Lower South Providence
1047	2019-03-15	772918	19:36:00	Pedestrian	1	NA	FALSE	FALSE	1	Charles St	W River St	2019-03-15	Two-Way, Divided, Unprotected (painted>4feet) Medium	Wet	Dark - Lighted	Clear	Not a Collision Between Two Motor Vehicles in Transport	No	No Controls	3	1	Non-Incapacitating	NA	41.83961	-71.41638	FALSE	FALSE	Charles Street and W River Street, Providence, RI, USA	Med	Raw	NA	FALSE	41.83961	-71.41638	2019	March	Mount Hope
1044	2019-03-20	775292	17:18:00	Bicycle	NA	NA	FALSE	FALSE	2	GEORGE ST	GOVERNOR ST	2019-03-20	Two-Way , Not Divided	Dry	Daylight	Clear	Not a Collision Between Two Motor Vehicles in Transport	No	Stop Signs	2	0	No Injury	NA	41.82586	-71.39386	FALSE	FALSE	George Street and Governor Street, Providence, RI, USA	Med	Raw	NA	FALSE	41.82586	-71.39386	2019	March	College Hill
1043	2019-03-26	775909	20:49:00	Bicycle	NA	1	FALSE	FALSE	1	RESERVOIR AVE	CRESCENT ST	2019-03-26	Two-Way , Not Divided	Dry	Dark - Lighted	Clear	Not a Collision Between Two Motor Vehicles in Transport	Yes	No Controls	2	0	No Injury	NA	41.79139	-71.42829	FALSE	FALSE	Reservoir Ave and Crescent Street, Providence, RI, USA	Med High	Raw	NA	FALSE	41.79139	-71.42829	2019	March	Reservoir
1042	2019-03-28	776129	22:02:00	Pedestrian	1	NA	FALSE	FALSE	1	CALDER ST	GREENWICH ST	2019-03-28	Two-Way , Not Divided	Dry	Dark - Lighted	Clear	Not a Collision Between Two Motor Vehicles in Transport	Yes	Stop Signs	2	1	Pain Reported	NA	41.80225	-71.42992	FALSE	FALSE	Calder Street and Greenwich Street, Providence, RI, USA	Med High	Raw	NA	FALSE	41.80225	-71.42992	2019	March	West End
1040	2019-04-04	776735	15:30:00	Pedestrian	1	NA	FALSE	FALSE	1	391 Charles St	SILVER SPRING ST	2019-04-04	Two-Way , Not Divided	Dry	Daylight	Clear	Not a Collision Between Two Motor Vehicles in Transport	No	No Controls	3	1	Pain Reported	NA	41.84472	-71.41868	TRUE	FALSE	391 Charles Street, Providence, RI, USA	High	Raw	NA	FALSE	41.84472	-71.41868	2019	April	Charles
1041	2019-04-04	776738	15:05:00	Bicycle	NA	1	FALSE	FALSE	1	LLOYD AVE	BROWN ST	2019-04-04	Two-Way , Not Divided	Dry	Daylight	Clear	Not a Collision Between Two Motor Vehicles in Transport	No	Stop Signs	3	1	Pain Reported	NA	41.83139	-71.40382	FALSE	FALSE	Lloyd Ave and Brown Street, Providence, RI, USA	Med High	Raw	NA	FALSE	41.83139	-71.40382	2019	April	College Hill
1039	2019-04-05	776852	17:19:00	Pedestrian	1	NA	FALSE	FALSE	1	ATWELLS AVE	MANTON AVE	2019-04-05	Two-Way, Divided, Unprotected (painted>4feet) Medium	Dry	Daylight	Clear	Other	No	No Controls	2	0	No Injury	NA	41.82537	-71.4546	FALSE	FALSE	Atwells Ave and Manton Ave, Providence, RI, USA	Med High	Raw	NA	FALSE	41.82537	-71.4546	2019	April	Olneyville
1038	2019-04-06	776949	15:17:00	Bicycle	NA	1	FALSE	FALSE	1	RANDALL ST	N MAIN ST	2019-04-06	Two-Way , Not Divided	Dry	Daylight	Clear	Not a Collision Between Two Motor Vehicles in Transport	No	No Controls	2	0	No Injury	NA	41.83806	-71.40982	FALSE	FALSE	Randall Street and N Main Street, Providence, RI, USA	Med	Raw	NA	FALSE	41.83806	-71.40982	2019	April	Mount Hope
1037	2019-04-07	777051	18:11:00	Bicycle	NA	1	TRUE	FALSE	1	WILLIAMS ST	GOVERNOR ST	2019-04-07	Two-Way , Not Divided	Dry	Daylight	Clear	Angle (Front - to - Side) Right Angle (Includes Broadside)	No	Stop Signs	2	0	No Injury	NA	41.82284	-71.39405	FALSE	FALSE	Williams Street and Governor Street, Providence, RI, USA	Med	Raw	NA	FALSE	41.82284	-71.39405	2019	April	Fox Point
1036	2019-04-08	777142	13:21:00	Pedestrian	1	NA	FALSE	FALSE	1	309 Broadway	VINTON ST	2019-04-08	Two-Way , Not Divided	Wet	Daylight	Cloudy	Not a Collision Between Two Motor Vehicles in Transport	No	No Controls	2	1	Pain Reported	NA	41.8201	-71.42808	TRUE	FALSE	309 Broadway, Providence, RI, USA	High	Raw	NA	FALSE	41.8201	-71.42808	2019	April	Federal Hill
1035	2019-04-11	777386	17:43:00	Bicycle	NA	1	FALSE	FALSE	1	South Court	North Main Street	2019-04-11	Two-Way, Divided, Positive Median Barrier	Dry	Daylight	Clear	Not a Collision Between Two Motor Vehicles in Transport	No	No Controls	2	1	Non-Incapacitating	1	NA	NA	FALSE	FALSE	South Court and North Main Street, Providence, RI, USA	Med	Geocoded	raw coords null but geocoded coords found	TRUE	41.8289195	-71.4097207	2019	April	College Hill
1034	2019-04-12	777444	13:52:00	Pedestrian	2	NA	FALSE	FALSE	1	ELMWOOD AVE	PEACE ST	2019-04-12	Two-Way , Not Divided	Dry	Daylight	Clear	Not a Collision Between Two Motor Vehicles in Transport	Yes	No Controls	3	2	Pain Reported	NA	41.80645	-71.42496	FALSE	FALSE	Elmwood Ave and Peace Street, Providence, RI, USA	Med High	Raw	NA	FALSE	41.80645	-71.42496	2019	April	West End
1033	2019-04-14	777599	02:53:00	Pedestrian	1	NA	FALSE	FALSE	1	Dike Street	PLAINFIELD ST	2019-04-14	Two-Way , Not Divided	Dry	Dark - Lighted	Clear	Not a Collision Between Two Motor Vehicles in Transport	Yes	No Controls	1	1	Pain Reported	NA	41.816	-71.4439	FALSE	FALSE	Dike Street and Plainfield Street, Providence, RI, USA	Med High	Raw	NA	FALSE	41.816	-71.4439	2019	April	Olneyville
1031	2019-04-16	777751	13:55:00	Pedestrian	1	NA	FALSE	FALSE	1	45 East Drive	Middle Street	2019-04-16	Two-Way , Not Divided	Dry	Daylight	Clear	Not a Collision Between Two Motor Vehicles in Transport	No	No Controls	2	1	Pain Reported	1	NA	NA	TRUE	FALSE	45 East Drive, Providence, RI, USA	High	Neither	raw coords null but geocoded coords found	TRUE	41.85211	-71.44323	2019	April	Wanskuck
1032	2019-04-16	777758	15:40:00	Pedestrian	1	NA	FALSE	FALSE	1	COLLEGE ST	COLLEGE ST	2019-04-16	One-Way Trafficway	Dry	Daylight	Clear	Not a Collision Between Two Motor Vehicles in Transport	No	Traffic Control Signal	2	1	Non-Incapacitating	NA	41.82564	-71.40784	FALSE	FALSE	College Street and College Street, Providence, RI, USA	Med	Raw	distance greater than 100m	TRUE	41.82564	-71.40784	2019	April	Downtown
1030	2019-04-19	777952	14:52:00	Pedestrian	1	NA	FALSE	FALSE	1	Cranston St	BRIDGHAM ST	2019-04-19	Two-Way , Not Divided	Dry	Daylight	Clear	Not a Collision Between Two Motor Vehicles in Transport	No	Traffic Control Signal	2	2	Non-Incapacitating	NA	41.81396	-71.42694	FALSE	FALSE	Cranston Street and Bridgham Street, Providence, RI, USA	Med High	Raw	NA	FALSE	41.81396	-71.42694	2019	April	West End
1028	2019-04-25	778300	07:35:00	Pedestrian	1	NA	FALSE	FALSE	1	COLFAX ST	BROAD ST	2019-04-25	Two-Way , Not Divided	Dry	Daylight	Clear	Not a Collision Between Two Motor Vehicles in Transport	Yes	Pavement Markings	1	1	Pain Reported	NA	41.7989	-71.41536	FALSE	FALSE	Colfax Street and Broad Street, Providence, RI, USA	Med High	Raw	NA	FALSE	41.7989	-71.41536	2019	April	Elmwood
1029	2019-04-25	778307	12:10:00	Bicycle	NA	1	FALSE	FALSE	1	341 South Main St	JAMES ST	2019-04-25	One-Way Trafficway	Dry	Daylight	Clear	Angle (Front - to - Side) Right Angle (Includes Broadside)	No	No Controls	2	1	Pain Reported	NA	41.82097	-71.40384	TRUE	FALSE	341 South Main Street, Providence, RI, USA	High	Raw	NA	FALSE	41.82097	-71.40384	2019	April	Fox Point
1027	2019-04-26	778414	21:24:00	Pedestrian	1	NA	FALSE	FALSE	1	N MAIN ST	N MAIN ST	2019-04-26	Two-Way, Divided, Unprotected (painted>4feet) Medium	Wet	Dark - Lighted	Rain	Not a Collision Between Two Motor Vehicles in Transport	No	No Controls	3	1	Non-Incapacitating	NA	41.83709	-71.4095	FALSE	FALSE	N Main Street and N Main Street, Providence, RI, USA	Med	Raw	distance greater than 100m	TRUE	41.83709	-71.4095	2019	April	College Hill
1026	2019-04-27	778460	16:17:00	Pedestrian	1	NA	TRUE	FALSE	1	SMITH ST	ORMS ST	2019-04-27	Two-Way , Not Divided	Dry	Daylight	Cloudy	Not a Collision Between Two Motor Vehicles in Transport	No	No Controls	2	1	Incapacitating	NA	41.83456	-71.42401	FALSE	FALSE	Smith Street and Orms Street, Providence, RI, USA	Med High	Raw	distance greater than 100m	TRUE	41.83456	-71.42401	2019	April	Smith Hill
1025	2019-05-02	778867	22:16:00	Pedestrian	1	NA	FALSE	FALSE	1	BROAD ST	BROAD ST	2019-05-02	Two-Way , Not Divided	Dry	Dark - Lighted	Clear	Not a Collision Between Two Motor Vehicles in Transport	Yes	Stop Signs	1	1	Pain Reported	NA	41.80648	-71.42002	FALSE	FALSE	Broad Street and Broad Street, Providence, RI, USA	Med	Raw	distance greater than 100m	TRUE	41.80648	-71.42002	2019	May	Elmwood
1024	2019-05-04	778987	15:51:00	Bicycle	NA	1	FALSE	FALSE	1	LUBEC ST	MANILA ST	2019-05-04	Two-Way , Not Divided	Dry	Daylight	Clear	Not a Collision Between Two Motor Vehicles in Transport	No	Stop Signs	3	1	Non-Incapacitating	NA	41.85438	-71.44557	FALSE	FALSE	Lubec Street and Manila Street, Providence, RI, USA	Med High	Raw	NA	FALSE	41.85438	-71.44557	2019	May	Wanskuck
1023	2019-05-05	779049	15:15:00	Bicycle	NA	1	FALSE	FALSE	1	CUSTOM HOUSE ST	WEYBOSSET ST	2019-05-05	Two-Way , Not Divided	Wet	Daylight	Rain	Angle (Front - to - Side) Right Angle (Includes Broadside)	No	No Controls	2	0	No Injury	NA	41.82431	-71.4097	FALSE	FALSE	Custom House Street and Weybosset Street, Providence, RI, USA	Med High	Raw	NA	FALSE	41.82431	-71.4097	2019	May	Downtown
1021	2019-05-06	779218	18:39:00	Pedestrian	1	NA	FALSE	FALSE	1	MANTON AVE	GLENBRIDGE AVE	2019-05-06	Two-Way , Not Divided	Dry	Daylight	Clear	Not a Collision Between Two Motor Vehicles in Transport	No	No Controls	3	1	Pain Reported	NA	41.82596	-71.45816	FALSE	FALSE	Manton Ave and Glenbridge Ave, Providence, RI, USA	Med High	Raw	NA	FALSE	41.82596	-71.45816	2019	May	Manton
1022	2019-05-06	779236	16:10:00	Bicycle	NA	1	FALSE	FALSE	1	CRANSTON ST	BELLEVUE AVE	2019-05-06	Two-Way , Not Divided	Dry	Daylight	Clear	Not a Collision Between Two Motor Vehicles in Transport	No	No Controls	2	1	Pain Reported	2	41.80885	-71.4341	FALSE	FALSE	Cranston Street and Bellevue Ave, Providence, RI, USA	Med High	Raw	NA	FALSE	41.80885	-71.4341	2019	May	West End
1020	2019-05-07	779265	14:02:00	Bicycle	NA	1	FALSE	FALSE	1	CORLISS ST	CHARLES ST	2019-05-07	Two-Way , Not Divided	Dry	Daylight	Clear	Not a Collision Between Two Motor Vehicles in Transport	No	Stop Signs	4	1	Pain Reported	NA	41.83814	-71.41441	FALSE	FALSE	Corliss Street and Charles Street, Providence, RI, USA	Med High	Raw	NA	FALSE	41.83814	-71.41441	2019	May	Mount Hope
1019	2019-05-13	781893	16:26:00	Pedestrian	1	NA	FALSE	FALSE	1	THURBERS AVE	WEISS CT	2019-05-13	Two-Way , Not Divided	Wet	Daylight	Rain	Not a Collision Between Two Motor Vehicles in Transport	No	No Controls	2	1	Pain Reported	NA	41.79834	-71.41391	FALSE	FALSE	Thurbers Ave and Weiss Ct, Providence, RI, USA	Med High	Raw	NA	FALSE	41.79834	-71.41391	2019	May	Lower South Providence
1018	2019-05-14	782054	15:45:00	Pedestrian	1	NA	FALSE	FALSE	1	BROAD ST	MOORE ST	2019-05-14	Two-Way , Not Divided	Dry	Daylight	Clear	Not a Collision Between Two Motor Vehicles in Transport	No	No Controls	3	1	Pain Reported	NA	41.80484	-71.4195	FALSE	FALSE	Broad Street and Moore Street, Providence, RI, USA	Med	Raw	NA	FALSE	41.80484	-71.4195	2019	May	Elmwood
1017	2019-05-15	782165	19:47:00	Bicycle	NA	1	FALSE	FALSE	1	RICHMOND ST	POINT STREET	2019-05-15	Two-Way , Not Divided	Dry	Dusk	Clear	Not a Collision Between Two Motor Vehicles in Transport	No	Traffic Control Signal	2	1	Incapacitating	NA	41.81655	-71.40727	FALSE	FALSE	Richmond Street and Point Street, Providence, RI, USA	Med High	Raw	NA	FALSE	41.81655	-71.40727	2019	May	Downtown
1015	2019-05-16	782208	08:46:00	Pedestrian	1	NA	FALSE	FALSE	1	Sabin Street	Empire Street	2019-05-16	One-Way Trafficway	Dry	Daylight	Clear	Not a Collision Between Two Motor Vehicles in Transport	No	Traffic Control Signal	3	1	Pain Reported	3	NA	NA	FALSE	FALSE	Sabin Street and Empire Street, Providence, RI, USA	Med High	Geocoded	raw coords null but geocoded coords found	TRUE	41.8228161	-71.4178655	2019	May	Downtown
1016	2019-05-16	782234	15:13:00	Bicycle	NA	1	FALSE	FALSE	1	ROGER WILLIAMS AVE	ALEXANDER ST	2019-05-16	Two-Way , Not Divided	Dry	Daylight	Clear	Not a Collision Between Two Motor Vehicles in Transport	No	Stop Signs	3	1	Pain Reported	NA	41.78853	-71.4262	FALSE	FALSE	Roger Williams Ave and Alexander Street, Providence, RI, USA	Med High	Raw	NA	FALSE	41.78853	-71.4262	2019	May	Reservoir
1014	2019-05-17	782414	20:59:00	Pedestrian	1	NA	FALSE	FALSE	1	PARK ROW E	CANAL ST	2019-05-17	Two-Way , Not Divided	Dry	Dark - Lighted	Clear	Not a Collision Between Two Motor Vehicles in Transport	No	No Controls	4	0	No Injury	NA	41.82845	-71.41081	FALSE	FALSE	Park Row E and Canal Street, Providence, RI, USA	Med High	Raw	NA	FALSE	41.82845	-71.41081	2019	May	Downtown
1013	2019-05-18	782496	17:23:00	Bicycle	NA	NA	FALSE	FALSE	2	GALILEO AVE	SAMOSET AVE	2019-05-18	Two-Way , Not Divided	Dry	Daylight	Clear	Angle (Front - to - Side) Right Angle (Includes Broadside)	No	Stop Signs	3	1	Pain Reported	NA	41.83582	-71.45363	FALSE	FALSE	Galileo Ave and Samoset Ave, Providence, RI, USA	Med High	Raw	NA	FALSE	41.83582	-71.45363	2019	May	Mount Pleasant
1012	2019-05-20	782738	14:47:00	Bicycle	NA	1	FALSE	FALSE	1	WATERMAN ST	GOVERNOR ST	2019-05-20	One-Way Trafficway	Dry	Daylight	Clear	Not a Collision Between Two Motor Vehicles in Transport	No	No Controls	2	1	Pain Reported	NA	41.82762	-71.39389	FALSE	FALSE	Waterman Street and Governor Street, Providence, RI, USA	Med High	Raw	NA	FALSE	41.82762	-71.39389	2019	May	College Hill
1011	2019-05-21	782908	18:08:00	Bicycle	NA	NA	FALSE	FALSE	2	CRANSTON ST	DODGE ST	2019-05-21	Two-Way , Not Divided	Dry	Daylight	Clear	Not a Collision Between Two Motor Vehicles in Transport	Yes	No Controls	1	0	Unknown	NA	41.81465	-71.42574	FALSE	FALSE	Cranston Street and Dodge Street, Providence, RI, USA	Med High	Raw	NA	FALSE	41.81465	-71.42574	2019	May	West End
1009	2019-05-22	783037	18:56:00	Bicycle	NA	2	FALSE	FALSE	1	CHALKSTONE AVE	FREDERICK ST	2019-05-22	Two-Way , Not Divided	Dry	Daylight	Clear	Not a Collision Between Two Motor Vehicles in Transport	Yes	No Controls	2	2	Pain Reported	NA	41.83447	-71.42888	FALSE	FALSE	Chalkstone Ave and Frederick Street, Providence, RI, USA	Med High	Raw	NA	FALSE	41.83447	-71.42888	2019	May	Smith Hill
1010	2019-05-22	783053	20:59:00	Other	NA	NA	TRUE	FALSE	2	Point St	Service road #8	2019-05-22	One-Way Trafficway	Dry	Dark - Lighted	Clear	Head-On (Front - to - Front)	Yes	Traffic Control Signal	3	1	Pain Reported	2	41.81513	-71.41193	FALSE	FALSE	Point Street and Service Road #8, Providence, RI, USA	Med	Raw	distance greater than 100m	TRUE	41.81513	-71.41193	2019	May	Upper South Providence
1008	2019-05-24	783272	20:43:00	Bicycle	NA	1	FALSE	FALSE	1	NORTHUP AVE	HALL ST	2019-05-24	Two-Way , Not Divided	Dry	Dark - Lighted	Clear	Not a Collision Between Two Motor Vehicles in Transport	Yes	No Controls	1	1	Pain Reported	NA	41.85151	-71.4165	FALSE	FALSE	Northup Ave and Hall Street, Providence, RI, USA	Med High	Raw	NA	FALSE	41.85151	-71.4165	2019	May	Charles
1006	2019-05-25	783338	10:25:00	Pedestrian	1	NA	FALSE	FALSE	1	BROAD ST	MASSACHUSETTS AVE	2019-05-25	Two-Way , Not Divided	Dry	Daylight	Clear	Other	No	No Controls	3	1	Pain Reported	NA	41.78635	-71.40193	FALSE	FALSE	Broad Street and Massachusetts Ave, Providence, RI, USA	Med	Raw	NA	FALSE	41.78635	-71.40193	2019	May	Washington Park
1007	2019-05-25	783344	14:12:00	Bicycle	NA	1	FALSE	FALSE	1	BROADWAY	VALLEY ST	2019-05-25	Two-Way , Not Divided	Dry	Daylight	Clear	Not a Collision Between Two Motor Vehicles in Transport	No	Traffic Control Signal	2	1	Pain Reported	NA	41.81684	-71.441	FALSE	FALSE	Broadway and Valley Street, Providence, RI, USA	Med	Raw	NA	FALSE	41.81684	-71.441	2019	May	Olneyville
1005	2019-05-29	783754	17:57:00	Pedestrian	1	NA	FALSE	FALSE	1	CAHIR ST	BROAD ST	2019-05-29	Two-Way , Not Divided	Dry	Daylight	Clear	Not a Collision Between Two Motor Vehicles in Transport	No	No Controls	3	1	Pain Reported	NA	41.81698	-71.41799	FALSE	FALSE	Cahir Street and Broad Street, Providence, RI, USA	Med High	Raw	NA	FALSE	41.81698	-71.41799	2019	May	Upper South Providence
1004	2019-05-30	783869	22:27:00	Pedestrian	1	NA	FALSE	FALSE	1	MOUNT PLEASANT AVE	CHALKSTONE AVE	2019-05-31	Two-Way , Not Divided	Wet	Dark - Lighted	Rain	Not a Collision Between Two Motor Vehicles in Transport	No	Traffic Control Signal	5	1	Pain Reported	NA	41.8327	-71.44975	FALSE	FALSE	Mount Pleasant Ave and Chalkstone Ave, Providence, RI, USA	Med High	Raw	NA	FALSE	41.8327	-71.44975	2019	May	Mount Pleasant
1003	2019-05-31	783947	22:30:00	Bicycle	NA	1	FALSE	FALSE	1	BRANCH AVE EXIT	BRANCH AVE	2019-06-01	Two-Way , Not Divided	Dry	Dark - Lighted	Clear	Not a Collision Between Two Motor Vehicles in Transport	No	Yield Signs	2	1	Pain Reported	NA	41.85252	-71.42536	FALSE	FALSE	Branch Ave Exit and Branch Ave, Providence, RI, USA	Med	Raw	distance greater than 100m	TRUE	41.85252	-71.42536	2019	May	Charles
1001	2019-06-01	783971	11:00:00	Bicycle	NA	1	FALSE	FALSE	1	BROAD ST	BROAD ST	2019-06-01	Two-Way, Divided, Unprotected (painted>4feet) Medium	Dry	Daylight	Clear	Angle (Front - to - Side) Right Angle (Includes Broadside)	Yes	Traffic Control Signal	2	1	Non-Incapacitating	NA	41.80977	-71.42101	FALSE	FALSE	Broad Street and Broad Street, Providence, RI, USA	Med	Raw	distance greater than 100m	TRUE	41.80977	-71.42101	2019	June	Elmwood
1002	2019-06-01	784030	19:32:00	Bicycle	NA	NA	FALSE	FALSE	2	ELMWOOD AVE	CADILLAC DR	2019-06-01	Two-Way, Divided, Positive Median Barrier	Dry	Daylight	Clear	Angle (Front - to - Side) Same Direction	No	No Controls	1	1	Pain Reported	NA	41.78916	-71.42126	FALSE	FALSE	Elmwood Ave and Cadillac Dr, Providence, RI, USA	Med High	Raw	NA	FALSE	41.78916	-71.42126	2019	June	Elmwood
1000	2019-06-04	784357	22:21:00	Pedestrian	1	NA	FALSE	FALSE	1	JOSLIN ST	KOSSUTH ST	2019-06-05	Two-Way , Not Divided	Dry	Dark - Lighted	Clear	Other	Yes	No Controls	1	1	Pain Reported	NA	41.82235	-71.44673	FALSE	FALSE	Joslin Street and Kossuth Street, Providence, RI, USA	Med High	Raw	NA	FALSE	41.82235	-71.44673	2019	June	Olneyville