row_number	crash_date	crash_report_id	crash_time	collision_type	count_pedestrian	count_bicycle	scooter	wheel_chair	number_of_vehicles	street_or_highway	nearest_intersection	report_date	type_of_roadway	road_surface_condition	light_condition	weather_condition	manner_of_impact	hit_and_run	traffic_control	person_count	injury_count	most_serious_injury	number_of_lanes	lat_raw	lon_raw	has_st_number	is_intersection_null	address_sent_to_geocoder	api_coord_conf	best_coordinate_set	reason_for_qa	manually_qaed_record	final_lat	final_lon	year	month	pvd_nhood
690	2020-07-20	827532	14:26:00	Pedestrian	1	NA	FALSE	FALSE	1	UNION AVE	WEBSTER AVE	2020-08-31	Two-Way , Not Divided	Dry	Daylight	Clear	Sidwswipe, Opposite Direction	No	No Controls	2	1	Pain Reported	NA	41.80697	-71.44703	FALSE	FALSE	Union Ave and Webster Ave, Providence, RI, USA	Med	Raw	NA	FALSE	41.80697	-71.44703	2020	July	Silver Lake
688	2020-07-21	823236	15:33:00	Bicycle	NA	1	FALSE	FALSE	1	CHARLES ST	CANAL ST	2020-07-21	Two-Way , Not Divided	Dry	Daylight	Clear	Not a Collision Between Two Motor Vehicles in Transport	No	No Controls	3	1	Pain Reported	NA	41.83329	-71.41136	FALSE	FALSE	Charles Street and Canal Street, Providence, RI, USA	Med	Raw	distance greater than 100m	TRUE	41.83329	-71.41136	2020	July	Downtown
689	2020-07-21	823312	20:12:00	Pedestrian	1	NA	FALSE	FALSE	1	DOUGLAS AVE	WHIPPLE ST	2020-07-22	Two-Way , Not Divided	Dry	Dark - Lighted	Clear	Not a Collision Between Two Motor Vehicles in Transport	Yes	No Controls	1	1	Pain Reported	NA	41.83686	-71.42156	FALSE	FALSE	Douglas Ave and Whipple Street, Providence, RI, USA	Med High	Raw	NA	FALSE	41.83686	-71.42156	2020	July	Smith Hill
687	2020-07-22	823326	16:03:00	Pedestrian	1	NA	FALSE	FALSE	1	BODELL AVE	WHELAN RD	2020-07-22	Unknown	Dry	Daylight	Clear	Sidwswipe, Opposite Direction	No	No Controls	4	1	Pain Reported	NA	41.81789	-71.45408	FALSE	FALSE	Bodell Ave and Whelan Rd, Providence, RI, USA	Med High	Raw	NA	FALSE	41.81789	-71.45408	2020	July	Hartford
686	2020-07-24	823463	16:56:00	Bicycle	NA	1	FALSE	FALSE	1	VALLEY ST	RIVER AVE	2020-07-24	Two-Way , Not Divided	Dry	Daylight	Clear	Not a Collision Between Two Motor Vehicles in Transport	No	Traffic Control Signal	4	1	Pain Reported	NA	41.82796	-71.43516	FALSE	FALSE	Valley Street and River Ave, Providence, RI, USA	Med High	Raw	NA	FALSE	41.82796	-71.43516	2020	July	Valley
685	2020-07-25	823477	00:05:00	Bicycle	NA	1	FALSE	FALSE	1	CRANSTON ST	ALTHEA ST	2020-07-25	Two-Way , Not Divided	Dry	Dark - Lighted	Clear	Not a Collision Between Two Motor Vehicles in Transport	No	No Controls	2	1	Pain Reported	NA	41.80773	-71.43508	FALSE	FALSE	Cranston Street and Althea Street, Providence, RI, USA	Med High	Raw	NA	FALSE	41.80773	-71.43508	2020	July	West End
684	2020-07-26	823580	19:24:00	Bicycle	NA	1	FALSE	FALSE	1	PLAINFIELD ST	LABAN ST	2020-07-26	Two-Way , Not Divided	Dry	Dusk	Clear	Not a Collision Between Two Motor Vehicles in Transport	No	No Controls	3	0	No Injury	NA	41.81501	-71.44633	FALSE	FALSE	Plainfield Street and Laban Street, Providence, RI, USA	Med High	Raw	NA	FALSE	41.81501	-71.44633	2020	July	Silver Lake
683	2020-07-30	823950	12:08:00	Pedestrian	1	NA	FALSE	FALSE	1	343 BROAD ST	343 BROAD ST	2020-07-30	Two-Way, Divided, Unprotected (painted>4feet) Medium	Dry	Daylight	Cloudy	Not a Collision Between Two Motor Vehicles in Transport	Yes	No Controls	1	1	Pain Reported	NA	41.81415	-71.4213	TRUE	FALSE	343 Broad Street, Providence, RI, USA	High	Raw	NA	FALSE	41.81415	-71.4213	2020	July	West End
681	2020-07-31	824083	18:36:00	Pedestrian	1	NA	FALSE	FALSE	1	61 AMERICA ST	FEDERAL ST	2020-07-31	One-Way Trafficway	Dry	Daylight	Clear	Not a Collision Between Two Motor Vehicles in Transport	No	Traffic Control Signal	3	1	Pain Reported	NA	41.82203	-71.42738	TRUE	FALSE	61 America Street, Providence, RI, USA	High	Raw	NA	FALSE	41.82203	-71.42738	2020	July	Federal Hill
682	2020-07-31	824041	12:49:00	Bicycle	NA	1	FALSE	FALSE	1	DOUGLAS AVENUE	ADMIRAL STREET	2020-07-31	Two-Way , Not Divided	Dry	Daylight	Clear	Angle (Front - to - Side) Right Angle (Includes Broadside)	No	Traffic Control Signal	2	1	Pain Reported	NA	41.84605	-71.429	FALSE	FALSE	Douglas Avenue and Admiral Street, Providence, RI, USA	Med High	Raw	NA	FALSE	41.84605	-71.429	2020	July	Wanskuck
680	2020-08-02	824206	12:28:00	Other	NA	1	TRUE	FALSE	1	DOYLE AVE	N MAIN ST	2020-08-02	Two-Way , Not Divided	Dry	Daylight	Clear	Not a Collision Between Two Motor Vehicles in Transport	No	No Controls	3	1	Pain Reported	NA	41.83835	-71.40896	FALSE	FALSE	Doyle Ave and N Main Street, Providence, RI, USA	Med	Raw	NA	FALSE	41.83835	-71.40896	2020	August	Mount Hope
679	2020-08-03	824225	08:44:00	Bicycle	NA	1	FALSE	FALSE	1	GANO ST EXIT	GANO ST	2020-08-03	One-Way Trafficway	Dry	Daylight	Clear	Not a Collision Between Two Motor Vehicles in Transport	No	Traffic Control Signal	2	0	No Injury	NA	41.82113	-71.38944	FALSE	FALSE	Gano Street Exit and Gano Street, Providence, RI, USA	Med	Raw	distance greater than 100m	TRUE	41.82113	-71.38944	2020	August	Fox Point
676	2020-08-06	824536	07:39:00	Bicycle	NA	1	FALSE	FALSE	1	MUTUAL PL	ROCHAMBEAU AVE	2020-08-06	Two-Way , Not Divided	Dry	Daylight	Clear	Not a Collision Between Two Motor Vehicles in Transport	Yes	No Controls	1	0	No Injury	NA	41.84706	-71.39487	FALSE	FALSE	Mutual Pl and Rochambeau Ave, Providence, RI, USA	Med High	Raw	NA	FALSE	41.84706	-71.39487	2020	August	Blackstone
677	2020-08-06	824563	16:04:00	Bicycle	NA	1	FALSE	FALSE	1	INDIA STREET	NA	2020-08-06	Two-Way , Not Divided	Dry	Daylight	Clear	Not a Collision Between Two Motor Vehicles in Transport	Yes	No Controls	2	1	Pain Reported	NA	41.81823	-71.39259	FALSE	TRUE	India Street, Providence, RI, USA	Inaccurate	Raw	distance greater than 100m	TRUE	41.81823	-71.39259	2020	August	Fox Point
678	2020-08-06	824576	21:00:00	Bicycle	NA	1	FALSE	FALSE	1	F C GREENE MEMORIAL BLVD	F C GREENE MEMORIAL BLVD	2020-08-06	Two-Way , Not Divided	Dry	Dark - Not Lighted	Clear	Not a Collision Between Two Motor Vehicles in Transport	No	No Controls	2	1	Pain Reported	NA	41.77945	-71.41418	FALSE	FALSE	F C Greene Memorial Blvd and F C Greene Memorial Blvd, Providence, RI, USA	Med High	Raw	distance greater than 100m	TRUE	41.77945	-71.41418	2020	August	South Elmwood
672	2020-08-09	824716	01:56:00	Pedestrian	1	NA	FALSE	FALSE	1	OAKLAND AVE	CHAD BROWN ST	2020-08-09	Two-Way , Not Divided	Dry	Dark - Lighted	Clear	Not a Collision Between Two Motor Vehicles in Transport	Yes	Stop Signs	1	1	Incapacitating	NA	41.8389	-71.42936	FALSE	FALSE	Oakland Ave and Chad Brown Street, Providence, RI, USA	Med High	Raw	NA	FALSE	41.8389	-71.42936	2020	August	Elmhurst
673	2020-08-09	824749	11:19:00	Pedestrian	2	NA	FALSE	FALSE	1	W RIVER ST	CHARLES ST	2020-08-09	Two-Way , Not Divided	Dry	Daylight	Clear	Not a Collision Between Two Motor Vehicles in Transport	No	Stop Signs	3	1	Pain Reported	NA	41.83972	-71.4163	FALSE	FALSE	W River Street and Charles Street, Providence, RI, USA	Med High	Raw	NA	FALSE	41.83972	-71.4163	2020	August	Mount Hope
674	2020-08-09	824782	22:11:00	Pedestrian	1	NA	FALSE	FALSE	1	Atwells ave	DE PASQUALE AVE	2020-08-09	Two-Way, Divided, Unprotected (painted>4feet) Medium	Dry	Dark - Lighted	Clear	Not a Collision Between Two Motor Vehicles in Transport	No	Traffic Control Signal	3	1	Pain Reported	NA	41.8236	-71.42708	FALSE	FALSE	Atwells Ave and De Pasquale Ave, Providence, RI, USA	Med High	Raw	NA	FALSE	41.8236	-71.42708	2020	August	Federal Hill
675	2020-08-09	824791	19:09:00	Pedestrian	1	NA	FALSE	FALSE	1	SMITH ST	CHALKSTONE AVE	2020-08-10	Two-Way , Not Divided	Dry	Daylight	Clear	Not a Collision Between Two Motor Vehicles in Transport	No	Traffic Control Signal	2	1	Pain Reported	NA	41.83522	-71.42567	FALSE	FALSE	Smith Street and Chalkstone Ave, Providence, RI, USA	Med High	Raw	NA	FALSE	41.83522	-71.42567	2020	August	Smith Hill
669	2020-08-10	824815	19:30:00	Pedestrian	1	NA	FALSE	FALSE	1	GANO ST	NA	2020-08-10	Two-Way , Not Divided	Dry	Daylight	Clear	Not a Collision Between Two Motor Vehicles in Transport	No	No Controls	2	2	Non-Incapacitating	NA	41.81876	-71.38931	FALSE	TRUE	Gano Street, Providence, RI, USA	Inaccurate	Raw	distance greater than 100m	TRUE	41.81876	-71.38931	2020	August	Fox Point
670	2020-08-10	824824	23:40:00	Bicycle	NA	1	FALSE	FALSE	1	BROAD ST	PARKSIDE CIR	2020-08-11	Two-Way , Not Divided	Dry	Dark - Lighted	Clear	Not a Collision Between Two Motor Vehicles in Transport	No	Stop Signs	3	1	Pain Reported	NA	41.78589	-71.40166	FALSE	FALSE	Broad Street and Parkside Cir, Providence, RI, USA	Med	Raw	distance greater than 100m	TRUE	41.78589	-71.40166	2020	August	NA
671	2020-08-10	825498	16:49:00	Bicycle	NA	1	FALSE	FALSE	1	VALLEY ST	DEAN ST	2020-08-19	One-Way Trafficway	Dry	Daylight	Clear	Not a Collision Between Two Motor Vehicles in Transport	No	No Controls	2	1	Pain Reported	NA	41.83139	-71.42848	FALSE	FALSE	Valley Street and Dean Street, Providence, RI, USA	Med	Raw	distance greater than 100m	TRUE	41.83139	-71.42848	2020	August	Valley
668	2020-08-11	824854	11:00:00	Bicycle	NA	1	FALSE	FALSE	1	336 Admiral Street	336 Admiral Street	2020-08-11	Two-Way , Not Divided	Dry	Daylight	Clear	Other	No	No Controls	2	1	Pain Reported	NA	41.83616	-71.42824	TRUE	FALSE	336 Admiral Street, Providence, RI, USA	High	Geocoded	distance greater than 100m	TRUE	41.8455374	-71.4273582	2020	August	Wanskuck
667	2020-08-14	825107	21:32:00	Pedestrian	1	NA	FALSE	FALSE	1	BROADWAY	SERVICE ROAD 7	2020-08-14	Two-Way , Not Divided	Dry	Dark - Not Lighted	Clear	Head-On (Front - to - Front)	No	Traffic Control Signal	2	1	Pain Reported	NA	41.82177	-71.42083	FALSE	FALSE	Broadway and Service Road 7, Providence, RI, USA	Med	Raw	NA	FALSE	41.82177	-71.42083	2020	August	Federal Hill
664	2020-08-15	825127	10:42:00	Pedestrian	1	NA	FALSE	FALSE	1	60 KOSSUTH ST	NA	2020-08-15	Two-Way , Not Divided	Dry	Daylight	Clear	Not a Collision Between Two Motor Vehicles in Transport	Yes	No Controls	1	0	Unknown	NA	NA	NA	TRUE	TRUE	60 Kossuth Street, Providence, RI, USA	High	Neither	raw coords null but geocoded coords found	TRUE	41.82228	-71.44729	2020	August	Olneyville
665	2020-08-15	825128	13:33:00	Pedestrian	1	NA	TRUE	FALSE	1	FRUIT HILL AVE	HUBER AVE	2020-08-15	Two-Way , Not Divided	Dry	Daylight	Clear	Not a Collision Between Two Motor Vehicles in Transport	No	No Controls	3	1	Pain Reported	NA	41.83429	-71.46798	FALSE	FALSE	Fruit Hill Ave and Huber Ave, Providence, RI, USA	Med High	Raw	NA	FALSE	41.83429	-71.46798	2020	August	Manton
666	2020-08-15	825143	13:44:00	Pedestrian	2	NA	FALSE	FALSE	1	HUMES ST	CRESCENT ST	2020-08-15	Two-Way , Not Divided	Dry	Daylight	Clear	Not a Collision Between Two Motor Vehicles in Transport	No	No Controls	6	2	Pain Reported	NA	41.79218	-71.42871	FALSE	FALSE	Humes Street and Crescent Street, Providence, RI, USA	Med High	Raw	NA	FALSE	41.79218	-71.42871	2020	August	Reservoir
662	2020-08-18	825398	20:30:00	Bicycle	NA	1	FALSE	FALSE	1	TRENTON ST	IVES ST	2020-08-18	Two-Way , Not Divided	Dry	Dark - Lighted	Clear	Not a Collision Between Two Motor Vehicles in Transport	No	Stop Signs	2	1	Incapacitating	NA	41.82095	-71.39197	FALSE	FALSE	Trenton Street and Ives Street, Providence, RI, USA	Med High	Raw	NA	FALSE	41.82095	-71.39197	2020	August	Fox Point
663	2020-08-18	825415	23:21:00	Other	NA	NA	TRUE	FALSE	2	PLAINFIELD ST	ON RAMP TO RT 6 EAST	2020-08-19	Two-Way, Divided, Unprotected (painted>4feet) Medium	Dry	Daylight	Clear	Other	No	No Controls	3	2	Incapacitating	NA	41.81541	-71.44589	FALSE	FALSE	Plainfield Street and On Ramp To Rt 6 East, Providence, RI, USA	Med High	Raw	distance greater than 100m	TRUE	41.81541	-71.44589	2020	August	Silver Lake
660	2020-08-19	825482	17:52:00	Pedestrian	1	NA	FALSE	FALSE	1	51 MANTON AVENUE	NA	2020-08-19	Two-Way , Not Divided	Dry	Daylight	Clear	Not a Collision Between Two Motor Vehicles in Transport	No	No Controls	3	1	Pain Reported	NA	NA	NA	TRUE	TRUE	51 Manton Avenue, Providence, RI, USA	High	Neither	raw coords null but geocoded coords found	TRUE	41.81779	-71.44442	2020	August	Olneyville
661	2020-08-19	825518	15:46:00	Bicycle	NA	1	FALSE	FALSE	1	Potters Ave	SEABURY ST	2020-08-19	Two-Way, Divided, Positive Median Barrier	Dry	Daylight	Clear	Angle (Front - to - Side) Opposite Direction	Yes	No Controls	1	1	Pain Reported	NA	41.80318	-71.43255	FALSE	FALSE	Potters Ave and Seabury Street, Providence, RI, USA	Med High	Raw	NA	FALSE	41.80318	-71.43255	2020	August	West End
659	2020-08-22	825814	21:40:00	Pedestrian	1	NA	FALSE	FALSE	1	BODELL AVE	ETNA ST	2020-08-22	Two-Way , Not Divided	Dry	Dark - Lighted	Clear	Not a Collision Between Two Motor Vehicles in Transport	No	No Controls	3	1	Pain Reported	NA	41.81655	-71.45152	FALSE	FALSE	Bodell Ave and Etna Street, Providence, RI, USA	Med High	Raw	NA	FALSE	41.81655	-71.45152	2020	August	Hartford
658	2020-08-26	826106	19:38:00	Bicycle	NA	1	FALSE	FALSE	1	GLENHAM ST	PRAIRIE AVE	2020-08-26	Two-Way , Not Divided	Dry	Dusk	Clear	Not a Collision Between Two Motor Vehicles in Transport	Yes	No Controls	1	1	Pain Reported	NA	41.80605	-71.41525	FALSE	FALSE	Glenham Street and Prairie Ave, Providence, RI, USA	Med High	Raw	NA	FALSE	41.80605	-71.41525	2020	August	Upper South Providence
657	2020-09-01	827692	23:17:00	Pedestrian	2	NA	FALSE	FALSE	1	129 BURNS ST	MANILA ST	2020-09-02	Two-Way , Not Divided	Dry	Dark - Lighted	Clear	Not a Collision Between Two Motor Vehicles in Transport	Yes	No Controls	2	1	Pain Reported	NA	41.8539	-71.44466	TRUE	FALSE	129 Burns Street, Providence, RI, USA	High	Raw	NA	FALSE	41.8539	-71.44466	2020	September	Wanskuck
656	2020-09-02	827769	15:12:00	Pedestrian	1	NA	FALSE	FALSE	1	CHARLES ST	CORLISS ST	2020-09-02	Two-Way, Divided, Unprotected (painted>4feet) Medium	Wet	Daylight	Rain	Not a Collision Between Two Motor Vehicles in Transport	No	Stop Signs	2	1	Pain Reported	NA	41.83806	-71.41452	FALSE	FALSE	Charles Street and Corliss Street, Providence, RI, USA	Med	Raw	NA	FALSE	41.83806	-71.41452	2020	September	Mount Hope
654	2020-09-03	827821	14:18:00	Pedestrian	1	NA	FALSE	FALSE	1	CANDACE ST	GODDARD ST	2020-09-03	Two-Way , Not Divided	Dry	Daylight	Clear	Not a Collision Between Two Motor Vehicles in Transport	Yes	No Controls	2	1	Pain Reported	NA	41.83426	-71.42205	FALSE	FALSE	Candace Street and Goddard Street, Providence, RI, USA	Med High	Raw	NA	FALSE	41.83426	-71.42205	2020	September	Smith Hill
655	2020-09-03	827875	13:15:00	Pedestrian	1	NA	FALSE	FALSE	1	Penn Street	Vinton Street	2020-09-04	Two-Way , Not Divided	Dry	Daylight	Clear	Other	No	No Controls	3	0	No Injury	1	41.82188	-71.42977	FALSE	FALSE	Penn Street and Vinton Street, Providence, RI, USA	Med	Raw	NA	FALSE	41.82188	-71.42977	2020	September	Federal Hill
652	2020-09-04	827893	10:25:00	Pedestrian	1	NA	FALSE	FALSE	1	BROAD ST	FRICKER ST	2020-09-04	Two-Way , Not Divided	Dry	Daylight	Clear	Not a Collision Between Two Motor Vehicles in Transport	Yes	No Controls	1	1	Pain Reported	NA	41.81528	-71.42066	FALSE	FALSE	Broad Street and Fricker Street, Providence, RI, USA	Med	Raw	NA	FALSE	41.81528	-71.42066	2020	September	West End
653	2020-09-04	827952	21:28:00	Bicycle	NA	1	FALSE	FALSE	1	271 RESERVOIR AVE	271 RESERVOIR AVE	2020-09-04	Two-Way, Divided, Unprotected (painted>4feet) Medium	Dry	Dark - Lighted	Clear	Not a Collision Between Two Motor Vehicles in Transport	Yes	No Controls	1	1	Pain Reported	NA	41.79216	-71.42783	TRUE	FALSE	271 Reservoir Ave, Providence, RI, USA	High	Geocoded	distance greater than 100m	TRUE	41.7894913	-71.4300523	2020	September	Reservoir
651	2020-09-06	828056	02:43:00	Pedestrian	1	NA	FALSE	FALSE	1	BROAD ST	CENTRAL ST	2020-09-06	Two-Way , Not Divided	Dry	Dark - Lighted	Clear	Not a Collision Between Two Motor Vehicles in Transport	No	No Controls	3	1	Pain Reported	NA	41.81323	-71.42189	FALSE	FALSE	Broad Street and Central Street, Providence, RI, USA	Med High	Geocoded	distance greater than 100m	TRUE	41.8858281	-71.3870525	2020	September	NA
650	2020-09-07	828143	03:22:00	Pedestrian	1	NA	FALSE	FALSE	1	NARRAGANSETT BLVD	WASHINGTON AVE	2020-09-07	Two-Way, Divided, Unprotected (painted>4feet) Medium	Dry	Dark - Lighted	Clear	Not a Collision Between Two Motor Vehicles in Transport	Yes	No Controls	1	1	Fatal	NA	41.78818	-71.39572	FALSE	FALSE	Narragansett Blvd and Washington Ave, Providence, RI, USA	Med High	Raw	NA	FALSE	41.78818	-71.39572	2020	September	Washington Park
649	2020-09-10	828392	08:38:00	Pedestrian	1	NA	FALSE	FALSE	1	621 Academy Ave	SMITH ST	2020-09-10	Two-Way , Not Divided	Dry	Daylight	Clear	Not a Collision Between Two Motor Vehicles in Transport	No	Other	3	1	Pain Reported	1	41.84185	-71.44512	TRUE	FALSE	621 Academy Ave, Providence, RI, USA	High	Raw	NA	FALSE	41.84185	-71.44512	2020	September	Mount Pleasant
648	2020-09-11	828467	06:40:00	Bicycle	NA	1	FALSE	FALSE	1	N MAIN ST	5TH ST	2020-09-11	Two-Way , Not Divided	Dry	Daylight	Cloudy	Not a Collision Between Two Motor Vehicles in Transport	No	No Controls	3	1	Pain Reported	NA	41.85224	-71.4017	FALSE	FALSE	N Main Street and 5th Street, Providence, RI, USA	Med	Raw	NA	FALSE	41.85224	-71.4017	2020	September	Hope
647	2020-09-12	828565	07:00:00	Pedestrian	1	NA	FALSE	FALSE	1	CHALKSTONE AVE	GENEVA ST	2020-09-12	Two-Way , Not Divided	Dry	Daylight	Clear	Not a Collision Between Two Motor Vehicles in Transport	No	No Controls	2	1	Incapacitating	NA	41.83228	-71.44069	FALSE	FALSE	Chalkstone Ave and Geneva Street, Providence, RI, USA	Med High	Raw	NA	FALSE	41.83228	-71.44069	2020	September	Valley
646	2020-09-16	828976	17:14:00	Bicycle	NA	1	FALSE	FALSE	1	DEXTER ST	WALDO ST	2020-09-16	Two-Way , Not Divided	Dry	Daylight	Clear	Not a Collision Between Two Motor Vehicles in Transport	No	No Controls	3	1	Pain Reported	NA	41.80434	-71.43004	FALSE	FALSE	Dexter Street and Waldo Street, Providence, RI, USA	Med High	Raw	NA	FALSE	41.80434	-71.43004	2020	September	West End
645	2020-09-17	829010	12:13:00	Pedestrian	1	NA	FALSE	FALSE	1	JILLSON ST	EDDY ST	2020-09-17	Two-Way , Not Divided	Dry	Daylight	Clear	Not a Collision Between Two Motor Vehicles in Transport	Yes	No Controls	1	1	Pain Reported	NA	41.79132	-71.40397	FALSE	FALSE	Jillson Street and Eddy Street, Providence, RI, USA	Med High	Raw	NA	FALSE	41.79132	-71.40397	2020	September	Washington Park
644	2020-09-18	829095	23:29:00	Pedestrian	1	NA	FALSE	FALSE	1	GAY ST	DUDLEY ST	2020-09-18	Two-Way , Not Divided	Dry	Dark - Lighted	Clear	Not a Collision Between Two Motor Vehicles in Transport	Yes	Pavement Markings	1	1	Pain Reported	NA	41.81006	-71.4129	FALSE	FALSE	Gay Street and Dudley Street, Providence, RI, USA	Med	Raw	NA	FALSE	41.81006	-71.4129	2020	September	Upper South Providence
642	2020-09-24	829638	12:40:00	Pedestrian	1	NA	FALSE	FALSE	1	Hope St	Rochambeau Ave	2020-09-24	Two-Way , Not Divided	Dry	Daylight	Clear	Not a Collision Between Two Motor Vehicles in Transport	No	Traffic Control Signal	2	1	Pain Reported	2	NA	NA	FALSE	FALSE	Hope Street and Rochambeau Ave, Providence, RI, USA	Med High	Geocoded	raw coords null but geocoded coords found	TRUE	41.8469319	-71.3960532	2020	September	Mount Hope
643	2020-09-24	829641	13:27:00	Pedestrian	1	NA	FALSE	FALSE	1	WHITMARSH ST	UPDIKE ST	2020-09-24	Two-Way , Not Divided	Dry	Daylight	Clear	Not a Collision Between Two Motor Vehicles in Transport	Yes	No Controls	1	1	Pain Reported	NA	41.80605	-71.42101	FALSE	FALSE	Whitmarsh Street and Updike Street, Providence, RI, USA	Med High	Raw	distance greater than 100m	TRUE	41.80605	-71.42101	2020	September	Elmwood
640	2020-09-25	829771	19:31:00	Pedestrian	1	NA	FALSE	FALSE	1	ORMS ST	BATH ST	2020-09-25	Two-Way , Not Divided	Dry	Dark - Lighted	Clear	Head-On (Front - to - Front)	No	Stop Signs	2	0	No Injury	NA	41.83322	-71.42549	FALSE	FALSE	Orms Street and Bath Street, Providence, RI, USA	Med High	Raw	NA	FALSE	41.83322	-71.42549	2020	September	Smith Hill
641	2020-09-25	829781	22:45:00	Bicycle	NA	1	FALSE	FALSE	1	CARPENTER ST	KNIGHT ST	2020-09-25	Two-Way , Not Divided	Dry	Dark - Lighted	Clear	Not a Collision Between Two Motor Vehicles in Transport	No	Stop Signs	3	1	Incapacitating	NA	41.81825	-71.42752	FALSE	FALSE	Carpenter Street and Knight Street, Providence, RI, USA	Med High	Raw	NA	FALSE	41.81825	-71.42752	2020	September	Federal Hill
639	2020-09-27	829916	19:32:00	Pedestrian	1	NA	FALSE	FALSE	1	ACADEMY AVE	HEALTH AVE	2020-09-27	Two-Way , Not Divided	Dry	Dark - Lighted	Clear	Not a Collision Between Two Motor Vehicles in Transport	No	No Controls	3	1	Incapacitating	NA	41.82759	-71.44377	FALSE	FALSE	Academy Ave and Health Ave, Providence, RI, USA	Med High	Raw	NA	FALSE	41.82759	-71.44377	2020	September	Mount Pleasant
637	2020-09-28	829968	07:26:00	Bicycle	NA	1	FALSE	FALSE	1	HOPE ST	BLACKSTONE BLVD	2020-09-28	One-Way Trafficway	Dry	Daylight	Clear	Not a Collision Between Two Motor Vehicles in Transport	No	Stop Signs	3	1	Pain Reported	NA	41.85605	-71.39132	FALSE	FALSE	Hope Street and Blackstone Blvd, Providence, RI, USA	Med High	Raw	NA	FALSE	41.85605	-71.39132	2020	September	Hope
638	2020-09-28	830022	19:31:00	Pedestrian	1	NA	FALSE	FALSE	1	MESSER ST	CRANSTON ST	2020-09-28	Two-Way , Not Divided	Dry	Dark - Lighted	Clear	Not a Collision Between Two Motor Vehicles in Transport	No	No Controls	2	1	Pain Reported	NA	41.80963	-71.43345	FALSE	FALSE	Messer Street and Cranston Street, Providence, RI, USA	Med High	Raw	NA	FALSE	41.80963	-71.43345	2020	September	West End
636	2020-09-29	830080	19:21:00	Pedestrian	1	NA	FALSE	FALSE	1	MEMORIAL BLVD	STEEPLE ST	2020-09-29	Two-Way, Divided, Unprotected (painted>4feet) Medium	Dry	Dark - Lighted	Clear	Not a Collision Between Two Motor Vehicles in Transport	No	Traffic Control Signal	4	1	Pain Reported	NA	41.82677	-71.41063	FALSE	FALSE	Memorial Blvd and Steeple Street, Providence, RI, USA	Med	Raw	distance greater than 100m	TRUE	41.82677	-71.41063	2020	September	Downtown
634	2020-10-01	830210	09:24:00	Pedestrian	1	NA	FALSE	FALSE	1	314 BROAD ST	BROAD ST	2020-10-01	Two-Way , Not Divided	Dry	Daylight	Clear	Not a Collision Between Two Motor Vehicles in Transport	No	No Controls	2	1	Pain Reported	NA	41.81443	-71.42115	TRUE	FALSE	314 Broad Street, Providence, RI, USA	High	Raw	NA	FALSE	41.81443	-71.42115	2020	October	West End
635	2020-10-01	830241	17:22:00	Other	NA	NA	TRUE	FALSE	2	502 HARTFORD AVE	MELISSA ST	2020-10-01	Two-Way , Not Divided	Dry	Dusk	Clear	Rear End(Front-to-Rear)	No	Pavement Markings	3	1	Non-Incapacitating	2	41.80864	-71.44081	TRUE	FALSE	502 Hartford Ave, Providence, RI, USA	High	Geocoded	distance greater than 100m	TRUE	41.8187363	-71.460615	2020	October	Hartford
633	2020-10-03	830409	20:40:00	Pedestrian	1	NA	FALSE	FALSE	1	Broad Street	Gallup Street	2020-10-03	Two-Way , Not Divided	Dry	Dark - Lighted	Clear	Not a Collision Between Two Motor Vehicles in Transport	Yes	No Controls	2	1	Pain Reported	NA	41.79929	-71.41603	FALSE	FALSE	Broad Street and Gallup Street, Providence, RI, USA	Med	Raw	NA	FALSE	41.79929	-71.41603	2020	October	Elmwood
631	2020-10-06	830802	17:48:00	Pedestrian	1	NA	FALSE	FALSE	1	WESTMINSTER ST	MESSER ST	2020-10-06	Two-Way , Not Divided	Dry	Daylight	Clear	Not a Collision Between Two Motor Vehicles in Transport	No	No Controls	3	1	Pain Reported	NA	41.81581	-71.43767	FALSE	FALSE	Westminster Street and Messer Street, Providence, RI, USA	Med High	Raw	NA	FALSE	41.81581	-71.43767	2020	October	West End
632	2020-10-06	830812	18:33:00	Pedestrian	1	NA	FALSE	FALSE	1	sackett st	HAMILTON ST	2020-10-06	Two-Way , Not Divided	Dry	Dark - Lighted	Clear	Not a Collision Between Two Motor Vehicles in Transport	No	No Controls	7	1	Non-Incapacitating	NA	41.7943	-71.41808	FALSE	FALSE	Sackett Street and Hamilton Street, Providence, RI, USA	Med High	Raw	NA	FALSE	41.7943	-71.41808	2020	October	Elmwood
629	2020-10-08	830902	10:29:00	Bicycle	NA	1	FALSE	FALSE	1	HEATH ST	EASTWOOD AVE	2020-10-08	Two-Way , Not Divided	Dry	Daylight	Clear	Not a Collision Between Two Motor Vehicles in Transport	No	No Controls	3	1	Pain Reported	NA	41.8158	-71.45011	FALSE	FALSE	Heath Street and Eastwood Ave, Providence, RI, USA	Med High	Raw	NA	FALSE	41.8158	-71.45011	2020	October	Silver Lake