row_number	crash_date	crash_report_id	crash_time	collision_type	count_pedestrian	count_bicycle	scooter	wheel_chair	number_of_vehicles	street_or_highway	nearest_intersection	report_date	type_of_roadway	road_surface_condition	light_condition	weather_condition	manner_of_impact	hit_and_run	traffic_control	person_count	injury_count	most_serious_injury	number_of_lanes	lat_raw	lon_raw	has_st_number	is_intersection_null	address_sent_to_geocoder	api_coord_conf	best_coordinate_set	reason_for_qa	manually_qaed_record	final_lat	final_lon	year	month	pvd_nhood
630	2020-10-08	831123	11:00:00	Bicycle	NA	1	FALSE	FALSE	1	53 Governor St	ARNOLD ST	2020-10-10	Two-Way , Not Divided	Dry	Daylight	Clear	Not a Collision Between Two Motor Vehicles in Transport	No	No Controls	2	1	Pain Reported	NA	41.82195	-71.39393	TRUE	FALSE	53 Governor Street, Providence, RI, USA	High	Raw	NA	FALSE	41.82195	-71.39393	2020	October	Fox Point
627	2020-10-09	831007	08:37:00	Other	NA	NA	TRUE	FALSE	2	Elmwood Ave	Bellevue Ave	2020-10-09	Two-Way , Not Divided	Dry	Daylight	Clear	Angle (Front - to - Side) Right Angle (Includes Broadside)	No	Traffic Control Signal	2	0	No Injury	2	NA	NA	FALSE	FALSE	Elmwood Ave and Bellevue Ave, Providence, RI, USA	Med High	Geocoded	raw coords null but geocoded coords found	TRUE	41.8071094	-71.4248921	2020	October	West End
628	2020-10-09	831103	22:38:00	Pedestrian	1	NA	FALSE	FALSE	1	575 Broad Street	Dartmouth Ave	2020-10-09	Two-Way , Not Divided	Dry	Dark - Lighted	Clear	Not a Collision Between Two Motor Vehicles in Transport	Yes	No Controls	2	1	Incapacitating	NA	41.80844	-71.42063	TRUE	FALSE	575 Broad Street, Providence, RI, USA	High	Raw	NA	FALSE	41.80844	-71.42063	2020	October	Elmwood
626	2020-10-10	831148	15:02:00	Bicycle	NA	1	FALSE	FALSE	1	GANO ST	PITMAN ST	2020-10-10	Two-Way , Not Divided	Dry	Daylight	Clear	Not a Collision Between Two Motor Vehicles in Transport	No	Traffic Control Signal	4	1	Non-Incapacitating	NA	41.82648	-71.3905	FALSE	FALSE	Gano Street and Pitman Street, Providence, RI, USA	Med High	Raw	NA	FALSE	41.82648	-71.3905	2020	October	Fox Point
625	2020-10-14	831486	12:08:00	Pedestrian	1	NA	FALSE	FALSE	1	WASHINGTON ST	EMPIRE ST	2020-10-14	Two-Way , Not Divided	Dry	Daylight	Clear	Other	No	No Controls	2	1	Incapacitating	NA	41.82182	-71.41645	FALSE	FALSE	Washington Street and Empire Street, Providence, RI, USA	Med	Raw	NA	FALSE	41.82182	-71.41645	2020	October	Downtown
623	2020-10-17	831798	13:15:00	Other	NA	1	TRUE	FALSE	1	Corinth St	Broad St	2020-10-17	Two-Way , Not Divided	Dry	Daylight	Clear	Not a Collision Between Two Motor Vehicles in Transport	No	Stop Signs	2	0	No Injury	1	NA	NA	FALSE	FALSE	Corinth Street and Broad Street, Providence, RI, USA	Med High	Geocoded	raw coords null but geocoded coords found	TRUE	41.7948181	-71.4104447	2020	October	Elmwood
624	2020-10-17	831806	14:11:00	Bicycle	NA	1	FALSE	FALSE	1	stokes st	WESTMINSTER ST	2020-10-17	Two-Way , Not Divided	Dry	Daylight	Clear	Not a Collision Between Two Motor Vehicles in Transport	No	No Controls	2	1	Non-Incapacitating	NA	41.81673	-71.44282	FALSE	FALSE	Stokes Street and Westminster Street, Providence, RI, USA	Med High	Raw	NA	FALSE	41.81673	-71.44282	2020	October	Olneyville
622	2020-10-18	831949	17:50:00	Other	NA	NA	TRUE	FALSE	2	ELMWOOD AVE	BISSELL ST	2020-10-18	Two-Way, Divided, Positive Median Barrier	Dry	Daylight	Clear	Other	No	No Controls	4	2	Incapacitating	NA	41.77744	-71.42118	FALSE	FALSE	Elmwood Ave and Bissell Street, Providence, RI, USA	Med High	Raw	NA	FALSE	41.77744	-71.42118	2020	October	South Elmwood
621	2020-10-19	831971	15:00:00	Bicycle	NA	1	FALSE	FALSE	1	ANGELL ST	BROWN ST	2020-10-19	One-Way Trafficway	Dry	Daylight	Clear	Head-On (Front - to - Front)	No	Stop Signs	3	1	Non-Incapacitating	1	41.8279	-71.40283	FALSE	FALSE	Angell Street and Brown Street, Providence, RI, USA	Med High	Raw	NA	FALSE	41.8279	-71.40283	2020	October	College Hill
619	2020-10-22	832157	23:22:00	Bicycle	NA	NA	FALSE	FALSE	1	GANO ST	I 195 E	2020-10-22	Two-Way , Not Divided	Dry	Dark - Lighted	Clear	Not a Collision Between Two Motor Vehicles in Transport	No	No Controls	2	0	Unknown	NA	41.81904	-71.38931	FALSE	FALSE	Gano Street and I 195 E, Providence, RI, USA	Med High	Raw	distance greater than 100m	TRUE	41.81904	-71.38931	2020	October	Fox Point
618	2020-10-24	832302	00:43:00	Pedestrian	1	NA	FALSE	FALSE	1	133 PEMBROKE AVE	EATON ST	2020-10-24	Two-Way , Not Divided	Dry	Dark - Lighted	Clear	Not a Collision Between Two Motor Vehicles in Transport	Yes	No Controls	2	1	Non-Incapacitating	NA	41.8403	-71.42975	TRUE	FALSE	133 Pembroke Ave, Providence, RI, USA	High	Raw	NA	FALSE	41.8403	-71.42975	2020	October	Elmhurst
617	2020-10-25	832371	14:02:00	Bicycle	NA	1	FALSE	FALSE	1	207 Wickenden St.	TRAVERSE ST	2020-10-25	Two-Way , Not Divided	Dry	Daylight	Clear	Not a Collision Between Two Motor Vehicles in Transport	No	No Controls	2	1	Pain Reported	NA	41.81943	-71.39905	TRUE	FALSE	207 Wickenden St., Providence, RI, USA	High	Raw	NA	FALSE	41.81943	-71.39905	2020	October	Fox Point
616	2020-10-29	832641	19:56:00	Pedestrian	1	NA	FALSE	FALSE	1	609 ELMWOOD AVE	LENOX AVE	2020-10-29	Two-Way, Divided, Positive Median Barrier	Wet	Dark - Lighted	Rain	Sidwswipe, Opposite Direction	No	No Controls	2	1	Incapacitating	NA	41.79545	-71.42488	TRUE	FALSE	609 Elmwood Ave, Providence, RI, USA	High	Raw	NA	FALSE	41.79545	-71.42488	2020	October	Elmwood
615	2020-10-30	832735	18:17:00	Pedestrian	1	NA	FALSE	FALSE	1	CATHERDAL AVE	SMITH ST	2020-10-30	Two-Way , Not Divided	Wet	Dark - Lighted	Clear	Other	No	No Controls	3	1	Non-Incapacitating	NA	41.8132	-71.45548	FALSE	FALSE	Catherdal Ave and Smith Street, Providence, RI, USA	Med High	Geocoded	distance greater than 100m	TRUE	41.8444122	-71.4491246	2020	October	Mount Pleasant
613	2020-10-31	832761	05:35:00	Pedestrian	1	NA	FALSE	FALSE	1	UNION AVE	WEBSTER AVE	2020-10-31	Unknown	Ice/Frost	Dark - Lighted	Clear	Unknown	Yes	Traffic Control Signal	1	1	Pain Reported	NA	41.80683	-71.44755	FALSE	FALSE	Union Ave and Webster Ave, Providence, RI, USA	Med	Raw	NA	FALSE	41.80683	-71.44755	2020	October	Silver Lake
614	2020-10-31	832779	10:24:00	Pedestrian	1	NA	FALSE	FALSE	1	SMITH STREET	PINEHURST AVE	2020-10-31	Two-Way , Not Divided	Wet	Daylight	Clear	Not a Collision Between Two Motor Vehicles in Transport	No	No Controls	2	1	Pain Reported	NA	41.8374	-71.43311	FALSE	FALSE	Smith Street and Pinehurst Ave, Providence, RI, USA	Med High	Raw	NA	FALSE	41.8374	-71.43311	2020	October	Elmhurst
611	2020-11-04	833102	07:29:00	Pedestrian	1	NA	FALSE	FALSE	1	ONEIL ST	DOUGLAS AVE	2020-11-04	Two-Way , Not Divided	Dry	Daylight	Clear	Not a Collision Between Two Motor Vehicles in Transport	No	Pavement Markings	2	1	Pain Reported	NA	41.85282	-71.4367	FALSE	FALSE	Oneil Street and Douglas Ave, Providence, RI, USA	Med High	Raw	NA	FALSE	41.85282	-71.4367	2020	November	Wanskuck
612	2020-11-04	833155	16:05:00	Pedestrian	1	NA	FALSE	FALSE	1	CRANSTON ST	BRIDGHAM ST	2020-11-04	Two-Way , Not Divided	Dry	Daylight	Clear	Not a Collision Between Two Motor Vehicles in Transport	No	No Controls	3	1	Pain Reported	NA	41.81419	-71.42649	FALSE	FALSE	Cranston Street and Bridgham Street, Providence, RI, USA	Med High	Raw	NA	FALSE	41.81419	-71.42649	2020	November	West End
610	2020-11-06	833322	18:31:00	Pedestrian	1	NA	FALSE	FALSE	1	Academy Ave	NEWARK ST	2020-11-06	Two-Way , Not Divided	Dry	Dark - Lighted	Clear	Not a Collision Between Two Motor Vehicles in Transport	No	No Controls	2	1	Pain Reported	NA	41.82544	-71.4434	FALSE	FALSE	Academy Ave and Newark Street, Providence, RI, USA	Med High	Raw	NA	FALSE	41.82544	-71.4434	2020	November	Mount Pleasant
609	2020-11-07	833364	19:45:00	Pedestrian	1	NA	FALSE	FALSE	1	Broad Street	OXFORD ST	2020-11-07	Two-Way , Not Divided	Dry	Dark - Lighted	Clear	Not a Collision Between Two Motor Vehicles in Transport	No	Traffic Control Signal	3	1	Pain Reported	NA	41.80038	-71.41736	FALSE	FALSE	Broad Street and Oxford Street, Providence, RI, USA	Med	Raw	NA	FALSE	41.80038	-71.41736	2020	November	Elmwood
608	2020-11-12	833750	16:04:00	Bicycle	NA	1	FALSE	FALSE	1	Manton Ave	FRUIT HILL AVE	2020-11-12	Two-Way , Not Divided	Dry	Daylight	Clear	Not a Collision Between Two Motor Vehicles in Transport	No	Traffic Control Signal	3	1	Pain Reported	NA	41.83388	-71.46783	FALSE	FALSE	Manton Ave and Fruit Hill Ave, Providence, RI, USA	Med High	Raw	NA	FALSE	41.83388	-71.46783	2020	November	Manton
607	2020-11-15	833975	19:54:00	Pedestrian	1	NA	FALSE	FALSE	1	280 BROAD STREET	NA	2020-11-15	Two-Way , Not Divided	Wet	Dark - Lighted	Rain	Not a Collision Between Two Motor Vehicles in Transport	No	No Controls	3	1	Pain Reported	NA	NA	NA	TRUE	TRUE	280 Broad Street, Providence, RI, USA	High	Neither	raw coords null but geocoded coords found	TRUE	41.81514	-71.42076	2020	November	West End
603	2020-11-17	834055	07:16:00	Pedestrian	1	NA	FALSE	FALSE	1	820 HOPE ST	4TH ST	2020-11-17	Two-Way , Not Divided	Dry	Daylight	Clear	Not a Collision Between Two Motor Vehicles in Transport	No	No Controls	2	1	Pain Reported	NA	41.84949	-71.39479	TRUE	FALSE	820 Hope Street, Providence, RI, USA	High	Raw	NA	FALSE	41.84949	-71.39479	2020	November	Hope
604	2020-11-17	834062	08:40:00	Pedestrian	1	NA	FALSE	FALSE	1	WASHINGTON ST	DORRANCE ST	2020-11-17	Two-Way , Not Divided	Dry	Daylight	Clear	Not a Collision Between Two Motor Vehicles in Transport	Yes	Flashing Traffic Control Signal	1	1	Pain Reported	NA	41.82445	-71.41277	FALSE	FALSE	Washington Street and Dorrance Street, Providence, RI, USA	Med High	Raw	NA	FALSE	41.82445	-71.41277	2020	November	Downtown
605	2020-11-17	834072	11:32:00	Pedestrian	1	NA	FALSE	FALSE	1	ADMIRAL ST	CHAD BROWN ST	2020-11-17	Two-Way , Not Divided	Dry	Daylight	Clear	Not a Collision Between Two Motor Vehicles in Transport	No	Person	4	1	Incapacitating	NA	41.84202	-71.42125	FALSE	FALSE	Admiral Street and Chad Brown Street, Providence, RI, USA	Med High	Raw	NA	FALSE	41.84202	-71.42125	2020	November	Wanskuck
606	2020-11-17	834089	17:51:00	Pedestrian	1	NA	TRUE	FALSE	1	WATERMAN ST	PROSPECT ST	2020-11-17	Two-Way , Not Divided	Dry	Dark - Lighted	Clear	Sidwswipe, Opposite Direction	No	Traffic Control Signal	4	1	Pain Reported	2	41.82691	-71.40472	FALSE	FALSE	Waterman Street and Prospect Street, Providence, RI, USA	Med High	Raw	NA	FALSE	41.82691	-71.40472	2020	November	College Hill
602	2020-11-19	834147	05:43:00	Pedestrian	1	NA	FALSE	FALSE	1	460 Smith St	CHALKSTONE AVE	2020-11-19	Unknown	Dry	Dawn	Clear	Not a Collision Between Two Motor Vehicles in Transport	Yes	No Controls	1	0	No Injury	NA	41.83521	-71.42565	TRUE	FALSE	460 Smith Street, Providence, RI, USA	High	Raw	NA	FALSE	41.83521	-71.42565	2020	November	Smith Hill
601	2020-11-20	834229	15:02:00	Other	NA	NA	TRUE	FALSE	1	ANGELL ST	BUTLER AVE	2020-11-20	Two-Way , Not Divided	Dry	Daylight	Clear	Not a Collision Between Two Motor Vehicles in Transport	No	Stop Signs	3	0	Unknown	NA	41.8308	-71.38459	FALSE	FALSE	Angell Street and Butler Ave, Providence, RI, USA	Med High	Raw	NA	FALSE	41.8308	-71.38459	2020	November	Wayland
600	2020-11-22	834334	16:50:00	Bicycle	NA	1	FALSE	FALSE	1	CHARLESFIELD ST	HOPE ST	2020-11-22	Two-Way , Not Divided	Dry	Dark - Lighted	Clear	Angle (Front - to - Side) Right Angle (Includes Broadside)	No	Stop Signs	3	1	Non-Incapacitating	NA	41.82414	-71.3972	FALSE	FALSE	Charlesfield Street and Hope Street, Providence, RI, USA	Med High	Raw	NA	FALSE	41.82414	-71.3972	2020	November	College Hill
599	2020-11-23	834347	06:57:00	Pedestrian	1	NA	FALSE	FALSE	1	DUDLEY ST	PRAIRIE AVE	2020-11-23	Two-Way , Not Divided	Wet	Daylight	Rain	Not a Collision Between Two Motor Vehicles in Transport	No	No Controls	2	1	Pain Reported	NA	41.80993	-71.41532	FALSE	FALSE	Dudley Street and Prairie Ave, Providence, RI, USA	Med High	Raw	NA	FALSE	41.80993	-71.41532	2020	November	Upper South Providence
598	2020-11-24	834470	16:56:00	Pedestrian	1	NA	FALSE	FALSE	1	ORMS ST	JEFFERSON ST	2020-11-24	Two-Way , Not Divided	Dry	Dark - Lighted	Clear	Not a Collision Between Two Motor Vehicles in Transport	Yes	No Controls	3	1	Pain Reported	2	41.83446	-71.41748	FALSE	FALSE	Orms Street and Jefferson Street, Providence, RI, USA	Med High	Raw	NA	FALSE	41.83446	-71.41748	2020	November	Smith Hill
596	2020-11-25	834503	16:54:00	Bicycle	NA	1	FALSE	FALSE	1	CAMBRIDGE ST	ACADEMY AVE	2020-11-25	Two-Way , Not Divided	Wet	Dark - Lighted	Rain	Not a Collision Between Two Motor Vehicles in Transport	Yes	Stop Signs	2	1	Pain Reported	NA	41.8255	-71.44342	FALSE	FALSE	Cambridge Street and Academy Ave, Providence, RI, USA	Med High	Raw	NA	FALSE	41.8255	-71.44342	2020	November	Mount Pleasant
597	2020-11-25	835002	16:59:00	Pedestrian	1	NA	FALSE	FALSE	1	EATON ST	SMITH ST	2020-12-04	Two-Way , Not Divided	Wet	Dark - Not Lighted	Cloudy	Not a Collision Between Two Motor Vehicles in Transport	No	No Controls	2	0	No Injury	NA	41.84365	-71.44758	FALSE	FALSE	Eaton Street and Smith Street, Providence, RI, USA	Med High	Raw	NA	FALSE	41.84365	-71.44758	2020	November	Mount Pleasant
594	2020-12-02	834888	08:26:00	Pedestrian	1	NA	FALSE	FALSE	1	CHALKSTONE AVE	ACADEMY AVE	2020-12-02	Two-Way, Divided, Unprotected (painted>4feet) Medium	Dry	Daylight	Clear	Not a Collision Between Two Motor Vehicles in Transport	No	Traffic Control Signal	3	0	No Injury	NA	41.83245	-71.44453	FALSE	FALSE	Chalkstone Ave and Academy Ave, Providence, RI, USA	Med High	Raw	NA	FALSE	41.83245	-71.44453	2020	December	Mount Pleasant
593	2020-12-04	835050	23:21:00	Pedestrian	1	NA	FALSE	FALSE	1	DOUGLAS AVE	DOUGLAS AVE	2020-12-04	Two-Way , Not Divided	Wet	Dark - Lighted	Rain	Not a Collision Between Two Motor Vehicles in Transport	Yes	No Controls	1	0	Unknown	NA	41.84183	-71.42751	FALSE	FALSE	Douglas Ave and Douglas Ave, Providence, RI, USA	Med High	Raw	distance greater than 100m	TRUE	41.84183	-71.42751	2020	December	Wanskuck
591	2020-12-05	835065	06:11:00	Pedestrian	1	NA	FALSE	FALSE	1	HUNTINGTON AVE	CRANSTON ST	2020-12-05	Two-Way, Divided, Positive Median Barrier	Wet	Dawn	Rain	Not a Collision Between Two Motor Vehicles in Transport	Yes	Traffic Control Signal	1	1	Non-Incapacitating	NA	41.80374	-71.43907	FALSE	FALSE	Huntington Ave and Cranston Street, Providence, RI, USA	Med High	Raw	NA	FALSE	41.80374	-71.43907	2020	December	West End
592	2020-12-05	835102	17:00:00	Pedestrian	1	NA	FALSE	FALSE	1	Angell St	Gano St	2020-12-05	Two-Way , Not Divided	Slush	Dark - Lighted	Sleet, Hail (Freezing Rain or Drizzle)	Not a Collision Between Two Motor Vehicles in Transport	Yes	Traffic Control Signal	2	1	Pain Reported	2	NA	NA	FALSE	FALSE	Angell Street and Gano Street, Providence, RI, USA	Med High	Geocoded	raw coords null but geocoded coords found	TRUE	41.8295909	-71.3909687	2020	December	Wayland
590	2020-12-07	835132	13:42:00	Pedestrian	1	NA	FALSE	FALSE	1	BUTLER AVE	ORIOLE AVE	2020-12-07	Two-Way , Not Divided	Dry	Daylight	Clear	Not a Collision Between Two Motor Vehicles in Transport	No	No Controls	2	1	Pain Reported	NA	41.83158	-71.38433	FALSE	FALSE	Butler Ave and Oriole Ave, Providence, RI, USA	Med High	Raw	NA	FALSE	41.83158	-71.38433	2020	December	Wayland
589	2020-12-10	835309	12:29:00	Pedestrian	1	NA	FALSE	FALSE	1	395 Admiral St	NA	2020-12-10	Two-Way , Not Divided	Dry	Daylight	Clear	Not a Collision Between Two Motor Vehicles in Transport	No	No Controls	3	1	Pain Reported	NA	NA	NA	TRUE	TRUE	395 Admiral Street, Providence, RI, USA	High	Neither	raw coords null but geocoded coords found	TRUE	41.8462	-71.42968	2020	December	Wanskuck
588	2020-12-11	837114	21:06:00	Pedestrian	1	NA	FALSE	FALSE	1	CARTER ST	ELMWOOD AVE	2021-01-10	Two-Way , Not Divided	Dry	Dark - Lighted	Clear	Other	No	No Controls	2	1	Pain Reported	NA	41.8002	-71.42657	FALSE	FALSE	Carter Street and Elmwood Ave, Providence, RI, USA	Med	Raw	NA	FALSE	41.8002	-71.42657	2020	December	West End
586	2020-12-15	835571	09:26:00	Pedestrian	1	NA	FALSE	FALSE	1	OLNEYVILLE SQ	MANTON AVE	2020-12-15	Two-Way, Divided, Unprotected (painted>4feet) Medium	Dry	Daylight	Clear	Head-On (Front - to - Front)	Yes	No Controls	1	1	Pain Reported	NA	41.81698	-71.44358	FALSE	FALSE	Olneyville Sq and Manton Ave, Providence, RI, USA	Med	Raw	NA	FALSE	41.81698	-71.44358	2020	December	Olneyville
585	2020-12-21	836068	12:47:00	Pedestrian	1	NA	FALSE	FALSE	1	spruce st	ACORN ST	2020-12-21	Two-Way , Not Divided	Dry	Daylight	Clear	Other	No	No Controls	3	1	Pain Reported	NA	41.82438	-71.42796	FALSE	FALSE	Spruce Street and Acorn Street, Providence, RI, USA	Med	Raw	NA	FALSE	41.82438	-71.42796	2020	December	Federal Hill
584	2020-12-24	836212	06:47:00	Pedestrian	1	NA	FALSE	FALSE	1	DIKE ST	TROY ST	2020-12-24	Two-Way , Not Divided	Dry	Daylight	Clear	Not a Collision Between Two Motor Vehicles in Transport	Yes	No Controls	1	1	Pain Reported	NA	41.81565	-71.44175	FALSE	FALSE	Dike Street and Troy Street, Providence, RI, USA	Med High	Raw	NA	FALSE	41.81565	-71.44175	2020	December	Olneyville
583	2021-01-03	836659	13:36:00	Pedestrian	1	NA	FALSE	TRUE	1	Glenbridge Ave	MANTON AVE	2021-01-03	Two-Way, Divided, Unprotected (painted>4feet) Medium	Dry	Daylight	Clear	Angle (Front - to - Side) Right Angle (Includes Broadside)	No	Traffic Control Signal	3	1	Pain Reported	NA	41.8259	-71.45828	FALSE	FALSE	Glenbridge Ave and Manton Ave, Providence, RI, USA	Med High	Raw	NA	FALSE	41.8259	-71.45828	2021	January	Manton
582	2021-01-08	837006	20:19:00	Bicycle	NA	NA	FALSE	FALSE	2	BROADWAY	VINTON ST	2021-01-08	Two-Way , Not Divided	Dry	Dark - Lighted	Clear	Angle (Front - to - Side) Same Direction	No	No Controls	4	1	Non-Incapacitating	NA	41.82007	-71.42819	FALSE	FALSE	Broadway and Vinton Street, Providence, RI, USA	Med	Raw	NA	FALSE	41.82007	-71.42819	2021	January	Federal Hill
581	2021-01-13	837289	11:48:00	Pedestrian	1	NA	FALSE	TRUE	1	ELMWOOD AVE	LENOX AVE	2021-01-13	Two-Way, Divided, Positive Median Barrier	Dry	Daylight	Clear	Not a Collision Between Two Motor Vehicles in Transport	No	Stop Signs	3	1	Non-Incapacitating	NA	41.7952	-71.42474	FALSE	FALSE	Elmwood Ave and Lenox Ave, Providence, RI, USA	Med High	Raw	NA	FALSE	41.7952	-71.42474	2021	January	Elmwood
580	2021-01-18	838538	03:12:00	Pedestrian	1	NA	FALSE	FALSE	1	Pocasset ave	PLAINFIELD ST	2021-01-18	Unknown	Dry	Dark - Lighted	Clear	Other	Yes	No Controls	1	1	Pain Reported	NA	41.8137	-71.44794	FALSE	FALSE	Pocasset Ave and Plainfield Street, Providence, RI, USA	Med High	Raw	NA	FALSE	41.8137	-71.44794	2021	January	Silver Lake
578	2021-01-19	838622	14:28:00	Pedestrian	1	NA	FALSE	FALSE	1	BROAD ST	HARVARD AVE	2021-01-19	Two-Way , Not Divided	Dry	Daylight	Clear	Not a Collision Between Two Motor Vehicles in Transport	No	No Controls	3	1	Pain Reported	NA	41.80856	-71.42067	FALSE	FALSE	Broad Street and Harvard Ave, Providence, RI, USA	Med	Raw	NA	FALSE	41.80856	-71.42067	2021	January	Elmwood
579	2021-01-19	838630	17:55:00	Pedestrian	1	NA	FALSE	FALSE	1	BROAD ST	CHESTNUT ST	2021-01-19	Two-Way , Not Divided	Wet	Dark - Lighted	Cloudy	Not a Collision Between Two Motor Vehicles in Transport	No	Traffic Control Signal	6	1	Pain Reported	NA	41.82003	-71.41432	FALSE	FALSE	Broad Street and Chestnut Street, Providence, RI, USA	Med High	Raw	distance greater than 100m	TRUE	41.82003	-71.41432	2021	January	Downtown
577	2021-01-20	838746	16:11:00	Pedestrian	1	NA	FALSE	FALSE	1	CUSTOM HOUSE ST	DYER ST	2021-01-21	Two-Way , Not Divided	Dry	Daylight	Clear	Not a Collision Between Two Motor Vehicles in Transport	No	No Controls	3	0	No Injury	NA	41.8242	-71.40843	FALSE	FALSE	Custom House Street and Dyer Street, Providence, RI, USA	Med High	Raw	NA	FALSE	41.8242	-71.40843	2021	January	Downtown
575	2021-02-02	839629	18:02:00	Pedestrian	1	NA	FALSE	FALSE	1	CYR ST	BROAD STREET	2021-02-02	Two-Way , Not Divided	Dry	Dark - Lighted	Cloudy	Not a Collision Between Two Motor Vehicles in Transport	Yes	No Controls	1	0	No Injury	NA	41.78697	-71.40245	FALSE	FALSE	Cyr Street and Broad Street, Providence, RI, USA	Med High	Raw	NA	FALSE	41.78697	-71.40245	2021	February	Washington Park
576	2021-02-02	839631	19:54:00	Pedestrian	1	NA	FALSE	FALSE	1	BRIDGHAM ST	ELMWOOD AVE	2021-02-02	Two-Way, Not Divided With a Continuous Left Turn Lane	Dry	Dark - Lighted	Clear	Not a Collision Between Two Motor Vehicles in Transport	Yes	Traffic Control Signal	2	1	Pain Reported	NA	41.81277	-71.42219	FALSE	FALSE	Bridgham Street and Elmwood Ave, Providence, RI, USA	Med High	Raw	NA	FALSE	41.81277	-71.42219	2021	February	West End
574	2021-02-03	839700	19:21:00	Pedestrian	1	NA	FALSE	FALSE	1	WESTMINSTER ST	WESTMINSTER ST EXIT	2021-02-03	Two-Way , Not Divided	Sand	Dark - Not Lighted	Cloudy	Not a Collision Between Two Motor Vehicles in Transport	No	No Controls	2	1	Non-Incapacitating	NA	41.81598	-71.43959	FALSE	FALSE	Westminster Street and Westminster St Exit, Providence, RI, USA	Med	Raw	distance greater than 100m	TRUE	41.81598	-71.43959	2021	February	Olneyville
573	2021-02-04	839740	17:46:00	Pedestrian	1	NA	FALSE	FALSE	1	Broadway	KNIGHT ST	2021-02-04	Two-Way , Not Divided	Dry	Dark - Lighted	Clear	Not a Collision Between Two Motor Vehicles in Transport	Yes	Traffic Control Signal	3	1	Incapacitating	NA	41.8198	-71.42936	FALSE	FALSE	Broadway and Knight Street, Providence, RI, USA	Med	Raw	NA	FALSE	41.8198	-71.42936	2021	February	Federal Hill
571	2021-02-24	844340	18:58:00	Pedestrian	1	NA	FALSE	FALSE	1	WESTMINSTER ST	HAMMOND ST	2021-02-24	Two-Way , Not Divided	Dry	Dark - Lighted	Clear	Not a Collision Between Two Motor Vehicles in Transport	No	No Controls	2	1	Non-Incapacitating	NA	41.81681	-71.42939	FALSE	FALSE	Westminster Street and Hammond Street, Providence, RI, USA	Med High	Raw	NA	FALSE	41.81681	-71.42939	2021	February	West End
569	2021-02-26	844417	10:02:00	Pedestrian	1	NA	FALSE	FALSE	1	PLAINFIELD ST	MERINO ST	2021-02-26	Two-Way , Not Divided	Dry	Daylight	Clear	Not a Collision Between Two Motor Vehicles in Transport	No	No Controls	3	1	Incapacitating	NA	41.81294	-71.45733	FALSE	FALSE	Plainfield Street and Merino Street, Providence, RI, USA	Med High	Raw	NA	FALSE	41.81294	-71.45733	2021	February	Silver Lake
570	2021-02-26	844423	12:34:00	Pedestrian	2	NA	FALSE	FALSE	1	Bridgham St	Westminster St	2021-02-26	Two-Way , Not Divided	Dry	Daylight	Clear	Not a Collision Between Two Motor Vehicles in Transport	Yes	Traffic Control Signal	3	2	Pain Reported	2	NA	NA	FALSE	FALSE	Bridgham Street and Westminster Street, Providence, RI, USA	Med High	Geocoded	raw coords null but geocoded coords found	TRUE	41.8169384	-71.4284038	2021	February	West End
567	2021-02-27	844466	12:44:00	Pedestrian	1	NA	FALSE	FALSE	1	ACADEMY AVE	HEALTH AVE	2021-02-27	Two-Way , Not Divided	Wet	Daylight	Rain	Not a Collision Between Two Motor Vehicles in Transport	Yes	No Controls	2	1	Pain Reported	NA	41.82753	-71.44376	FALSE	FALSE	Academy Ave and Health Ave, Providence, RI, USA	Med High	Raw	NA	FALSE	41.82753	-71.44376	2021	February	Mount Pleasant
568	2021-02-27	844485	17:04:00	Pedestrian	1	NA	FALSE	FALSE	1	WESTMINSTER ST	CAHIR ST	2021-02-27	Two-Way , Not Divided	Wet	Daylight	Cloudy	Not a Collision Between Two Motor Vehicles in Transport	No	Traffic Control Signal	3	1	Pain Reported	NA	41.81822	-71.42018	FALSE	FALSE	Westminster Street and Cahir Street, Providence, RI, USA	Med High	Raw	NA	FALSE	41.81822	-71.42018	2021	February	Federal Hill
566	2021-03-01	844595	18:44:00	Pedestrian	1	NA	FALSE	FALSE	1	SMITH ST	NELSON ST	2021-03-01	Two-Way , Not Divided	Dry	Dark - Lighted	Clear	Not a Collision Between Two Motor Vehicles in Transport	No	Pavement Markings	4	1	Non-Incapacitating	NA	41.84214	-71.44412	FALSE	FALSE	Smith Street and Nelson Street, Providence, RI, USA	Med High	Raw	NA	FALSE	41.84214	-71.44412	2021	March	Elmhurst
565	2021-03-02	844644	06:32:00	Pedestrian	1	NA	FALSE	FALSE	1	West River St	CHARLES ST	2021-03-02	Two-Way , Not Divided	Dry	Daylight	Clear	Not a Collision Between Two Motor Vehicles in Transport	No	No Controls	3	1	Pain Reported	NA	41.8399	-71.41617	FALSE	FALSE	West River Street and Charles Street, Providence, RI, USA	Med High	Raw	NA	FALSE	41.8399	-71.41617	2021	March	Mount Hope