row_number	crash_date	crash_report_id	crash_time	collision_type	count_pedestrian	count_bicycle	scooter	wheel_chair	number_of_vehicles	street_or_highway	nearest_intersection	report_date	type_of_roadway	road_surface_condition	light_condition	weather_condition	manner_of_impact	hit_and_run	traffic_control	person_count	injury_count	most_serious_injury	number_of_lanes	lat_raw	lon_raw	has_st_number	is_intersection_null	address_sent_to_geocoder	api_coord_conf	best_coordinate_set	reason_for_qa	manually_qaed_record	final_lat	final_lon	year	month	pvd_nhood
310	2022-04-14	872909	13:57:00	Other	NA	1	TRUE	FALSE	1	330 EDDY ST	SHIP ST	2022-04-15	Two-Way , Not Divided	Dry	Daylight	Clear	Not a Collision Between Two Motor Vehicles in Transport	No	No Controls	3	1	Pain Reported	2	NA	NA	TRUE	FALSE	330 Eddy Street, Providence, RI, USA	High	Geocoded	raw coords null but geocoded coords found	TRUE	41.818861	-71.407692	2022	April	Downtown
308	2022-04-15	872915	11:48:00	Pedestrian	1	NA	FALSE	FALSE	1	CUSHING ST	HOPE ST	2022-04-15	Two-Way , Not Divided	Dry	Daylight	Clear	Not a Collision Between Two Motor Vehicles in Transport	No	No Controls	5	1	Pain Reported	NA	41.83018	-71.39871	FALSE	FALSE	Cushing Street and Hope Street, Providence, RI, USA	Med High	Raw	NA	FALSE	41.83018	-71.39871	2022	April	College Hill
309	2022-04-15	872936	17:10:00	Pedestrian	1	NA	FALSE	FALSE	1	COLE AVE	ROCHAMBEAU AVE	2022-04-15	Two-Way , Not Divided	Dry	Daylight	Clear	Not a Collision Between Two Motor Vehicles in Transport	No	Stop Signs	2	1	Pain Reported	NA	41.8458	-71.38919	FALSE	FALSE	Cole Ave and Rochambeau Ave, Providence, RI, USA	Med High	Raw	NA	FALSE	41.8458	-71.38919	2022	April	Blackstone
306	2022-04-16	872954	12:20:00	Pedestrian	1	NA	FALSE	FALSE	1	Potters Avenue	CRANSTON ST	2022-04-16	Two-Way, Divided, Unprotected (painted>4feet) Medium	Dry	Daylight	Clear	Not a Collision Between Two Motor Vehicles in Transport	No	No Controls	5	0	No Injury	NA	41.80497	-71.43756	FALSE	FALSE	Potters Avenue and Cranston Street, Providence, RI, USA	Med High	Raw	NA	FALSE	41.80497	-71.43756	2022	April	West End
307	2022-04-16	872959	16:59:00	Pedestrian	1	NA	TRUE	FALSE	1	Candace St	CHALKSTONE AVE	2022-04-16	Two-Way , Not Divided	Dry	Daylight	Clear	Other	No	No Controls	4	1	Pain Reported	NA	41.836	-71.42261	FALSE	FALSE	Candace Street and Chalkstone Ave, Providence, RI, USA	Med High	Raw	NA	FALSE	41.836	-71.42261	2022	April	Smith Hill
305	2022-04-18	873036	20:53:00	Pedestrian	1	NA	FALSE	FALSE	1	WASHINGTON ST	EXCHANGE ST	2022-04-18	One-Way Trafficway	Dry	Dark - Lighted	Clear	Not a Collision Between Two Motor Vehicles in Transport	Yes	Traffic Control Signal	2	1	Pain Reported	NA	41.82571	-71.41103	FALSE	FALSE	Washington Street and Exchange Street, Providence, RI, USA	Med	Raw	NA	FALSE	41.82571	-71.41103	2022	April	Downtown
304	2022-04-19	873055	11:58:00	Pedestrian	1	NA	FALSE	FALSE	1	Chalkstone Avenue	Van Ausdall Street	2022-04-19	Two-Way , Not Divided	Dry	Daylight	Clear	Not a Collision Between Two Motor Vehicles in Transport	No	No Controls	3	1	Pain Reported	1	NA	NA	FALSE	FALSE	Chalkstone Avenue and Van Ausdall Street, Providence, RI, USA	Med High	Geocoded	raw coords null but geocoded coords found	TRUE	41.8339432	-71.4662518	2022	April	Manton
303	2022-04-20	873121	23:12:00	Bicycle	NA	1	FALSE	FALSE	1	PARK ROW E	CANAL ST	2022-04-21	One-Way Trafficway	Dry	Dark - Lighted	Clear	Angle (Front - to - Side) Right Angle (Includes Broadside)	No	Traffic Control Signal	3	1	Pain Reported	NA	41.82847	-71.41069	FALSE	FALSE	Park Row E and Canal Street, Providence, RI, USA	Med High	Raw	NA	FALSE	41.82847	-71.41069	2022	April	Downtown
302	2022-04-22	873266	18:10:00	Pedestrian	1	NA	FALSE	FALSE	1	ANGELL ST	THAYER ST	2022-04-22	One-Way Trafficway	Dry	Daylight	Clear	Not a Collision Between Two Motor Vehicles in Transport	Yes	No Controls	4	1	Pain Reported	NA	41.82815	-71.40008	FALSE	FALSE	Angell Street and Thayer Street, Providence, RI, USA	Med High	Raw	NA	FALSE	41.82815	-71.40008	2022	April	College Hill
300	2022-04-27	873458	21:16:00	Bicycle	NA	1	FALSE	FALSE	1	CANAL ST	MILL ST	2022-04-27	Two-Way, Divided, Positive Median Barrier	Dry	Dark - Lighted	Clear	Not a Collision Between Two Motor Vehicles in Transport	No	No Controls	2	1	Non-Incapacitating	NA	41.8323	-71.41095	FALSE	FALSE	Canal Street and Mill Street, Providence, RI, USA	Med High	Raw	distance greater than 100m	TRUE	41.8323	-71.41095	2022	April	Downtown
301	2022-04-27	873499	22:56:00	Pedestrian	1	NA	TRUE	FALSE	1	ACADEMY AVE	SMITH ST	2022-04-28	Two-Way , Not Divided	Dry	Dark - Unknown Lighting	Cloudy	Sideswipe, Same Direction	Yes	Traffic Control Signal	1	1	Non-Incapacitating	NA	41.84258	-71.44515	FALSE	FALSE	Academy Ave and Smith Street, Providence, RI, USA	Med High	Raw	NA	FALSE	41.84258	-71.44515	2022	April	Mount Pleasant
298	2022-04-28	873494	15:34:00	Pedestrian	1	NA	FALSE	FALSE	1	HOPE ST	GEORGE ST	2022-04-28	Two-Way , Not Divided	Dry	Daylight	Clear	Not a Collision Between Two Motor Vehicles in Transport	Yes	Stop Signs	3	1	Pain Reported	NA	41.82579	-71.3973	FALSE	FALSE	Hope Street and George Street, Providence, RI, USA	Med High	Raw	NA	FALSE	41.82579	-71.3973	2022	April	College Hill
299	2022-04-28	873496	17:40:00	Bicycle	NA	1	FALSE	FALSE	1	broadway	KNIGHT ST	2022-04-28	Two-Way , Not Divided	Dry	Daylight	Clear	Angle (Front - to - Side) Same Direction	Yes	Flashing Traffic Control Signal	1	1	Pain Reported	NA	41.8198	-71.42936	FALSE	FALSE	Broadway and Knight Street, Providence, RI, USA	Med	Raw	NA	FALSE	41.8198	-71.42936	2022	April	Federal Hill
297	2022-04-30	873588	16:49:00	Pedestrian	1	NA	FALSE	FALSE	1	UNION AVE EXIT	SERVICE RD NO. 1	2022-04-30	One-Way Trafficway	Dry	Daylight	Clear	Not a Collision Between Two Motor Vehicles in Transport	Yes	Traffic Control Signal	4	1	Fatal	NA	41.80904	-71.44017	FALSE	FALSE	Union Ave Exit and Service Rd No. 1, Providence, RI, USA	Med High	Raw	distance greater than 100m	TRUE	41.80904	-71.44017	2022	April	West End
295	2022-05-01	874626	19:09:00	Bicycle	NA	1	FALSE	FALSE	1	NELSON ST	Smith St	2022-05-01	Two-Way, Divided, Unprotected (painted>4feet) Medium	Dry	Dusk	Clear	Not a Collision Between Two Motor Vehicles in Transport	Yes	Stop Signs	1	1	Pain Reported	NA	41.8423	-71.44422	FALSE	FALSE	Nelson Street and Smith Street, Providence, RI, USA	Med High	Raw	NA	FALSE	41.8423	-71.44422	2022	May	Elmhurst
296	2022-05-01	874633	21:59:00	Pedestrian	2	NA	FALSE	FALSE	1	Manton Ave	SISSON ST	2022-05-01	Two-Way , Not Divided	Dry	Dark - Lighted	Clear	Not a Collision Between Two Motor Vehicles in Transport	Yes	No Controls	3	2	Pain Reported	NA	41.82548	-71.45539	FALSE	FALSE	Manton Ave and Sisson Street, Providence, RI, USA	Med High	Raw	NA	FALSE	41.82548	-71.45539	2022	May	Olneyville
294	2022-05-02	874644	07:48:00	Pedestrian	1	NA	FALSE	FALSE	1	354 MANTON AVE	OWEN ST	2022-05-02	Two-Way , Not Divided	Dry	Daylight	Clear	Not a Collision Between Two Motor Vehicles in Transport	No	No Controls	5	1	Pain Reported	NA	41.82398	-71.45197	TRUE	FALSE	354 Manton Ave, Providence, RI, USA	High	Raw	NA	FALSE	41.82398	-71.45197	2022	May	Olneyville
292	2022-05-08	874859	20:33:00	Bicycle	NA	1	FALSE	FALSE	1	LONGFELLOW ST	ELMWOOD AVE	2022-05-08	Two-Way, Divided, Positive Median Barrier	Dry	Dark - Lighted	Cloudy	Angle (Front - to - Side) Opposite Direction	No	Stop Signs	2	1	Pain Reported	NA	41.79078	-71.42225	FALSE	FALSE	Longfellow Street and Elmwood Ave, Providence, RI, USA	Med High	Raw	NA	FALSE	41.79078	-71.42225	2022	May	Elmwood
293	2022-05-08	874862	23:56:00	Pedestrian	1	NA	FALSE	FALSE	1	BROAD STREET	THURBERS AVE	2022-05-09	Two-Way , Not Divided	Dry	Dark - Lighted	Clear	Not a Collision Between Two Motor Vehicles in Transport	No	No Controls	6	1	Pain Reported	NA	41.79806	-71.4145	FALSE	FALSE	Broad Street and Thurbers Ave, Providence, RI, USA	Med	Raw	NA	FALSE	41.79806	-71.4145	2022	May	Elmwood
291	2022-05-09	874883	17:33:00	Bicycle	NA	1	FALSE	FALSE	1	BROADWAY	RINGGOLD ST	2022-05-09	Two-Way , Not Divided	Dry	Daylight	Clear	Not a Collision Between Two Motor Vehicles in Transport	No	Pavement Markings	2	1	Pain Reported	NA	41.82121	-71.42335	FALSE	FALSE	Broadway and Ringgold Street, Providence, RI, USA	Med	Raw	NA	FALSE	41.82121	-71.42335	2022	May	Federal Hill
290	2022-05-10	874900	08:56:00	Pedestrian	1	NA	FALSE	FALSE	1	WESTMINSTER ST	COLLEGE ST	2022-05-10	One-Way Trafficway	Dry	Daylight	Clear	Other	No	Traffic Control Signal	2	1	Pain Reported	NA	41.82528	-71.409	FALSE	FALSE	Westminster Street and College Street, Providence, RI, USA	Med High	Raw	NA	FALSE	41.82528	-71.409	2022	May	Downtown
287	2022-05-12	874956	11:49:00	Pedestrian	1	NA	FALSE	FALSE	1	BRANCH AVE	OLMSTEAD WAY	2022-05-12	Unknown	Dry	Daylight	Clear	Not a Collision Between Two Motor Vehicles in Transport	Yes	No Controls	1	1	Pain Reported	NA	41.85383	-71.42946	FALSE	FALSE	Branch Ave and Olmstead Way, Providence, RI, USA	Med High	Raw	NA	FALSE	41.85383	-71.42946	2022	May	Wanskuck
288	2022-05-12	875000	17:18:00	Bicycle	NA	1	FALSE	FALSE	1	IRVING AVE	BLACKSTONE BLVD	2022-05-12	One-Way Trafficway	Dry	Daylight	Clear	Not a Collision Between Two Motor Vehicles in Transport	No	No Controls	2	1	Pain Reported	NA	41.83422	-71.38371	FALSE	FALSE	Irving Ave and Blackstone Blvd, Providence, RI, USA	Med High	Raw	NA	FALSE	41.83422	-71.38371	2022	May	Wayland
289	2022-05-12	875046	20:00:00	Pedestrian	1	NA	FALSE	FALSE	1	ALDRICH ST	BROAD ST	2022-05-13	Two-Way , Not Divided	Dry	Dark - Lighted	Clear	Other	Yes	No Controls	1	1	Pain Reported	NA	41.79368	-71.40884	FALSE	FALSE	Aldrich Street and Broad Street, Providence, RI, USA	Med High	Raw	NA	FALSE	41.79368	-71.40884	2022	May	South Elmwood
286	2022-05-13	875057	15:17:00	Bicycle	NA	1	FALSE	FALSE	1	294 ADMIRAL ST	NEWCOMB ST	2022-05-13	Two-Way , Not Divided	Dry	Daylight	Clear	Not a Collision Between Two Motor Vehicles in Transport	No	No Controls	2	1	Pain Reported	NA	41.84541	-71.42622	TRUE	FALSE	294 Admiral Street, Providence, RI, USA	High	Raw	NA	FALSE	41.84541	-71.42622	2022	May	Wanskuck
285	2022-05-14	875098	12:27:00	Pedestrian	1	NA	FALSE	FALSE	1	ELMWOOD AVE	ADELAIDE AVE	2022-05-14	Two-Way , Not Divided	Dry	Daylight	Clear	Not a Collision Between Two Motor Vehicles in Transport	No	No Controls	3	1	Non-Incapacitating	NA	41.79564	-71.42486	FALSE	FALSE	Elmwood Ave and Adelaide Ave, Providence, RI, USA	Med High	Raw	NA	FALSE	41.79564	-71.42486	2022	May	Elmwood
284	2022-05-16	875172	14:53:00	Other	NA	NA	TRUE	FALSE	1	CRANSTON ST	BENEDICT ST	2022-05-16	Two-Way , Not Divided	Dry	Daylight	Clear	Not a Collision Between Two Motor Vehicles in Transport	No	No Controls	2	0	No Injury	NA	41.80537	-71.43736	FALSE	FALSE	Cranston Street and Benedict Street, Providence, RI, USA	Med High	Raw	NA	FALSE	41.80537	-71.43736	2022	May	West End
283	2022-05-18	875244	16:55:00	Pedestrian	1	NA	FALSE	FALSE	1	BELLEVUE AVE	CRANSTON ST	2022-05-18	Two-Way , Not Divided	Dry	Daylight	Clear	Not a Collision Between Two Motor Vehicles in Transport	Yes	Stop Signs	2	1	Pain Reported	NA	41.80886	-71.43392	FALSE	FALSE	Bellevue Ave and Cranston Street, Providence, RI, USA	Med High	Raw	NA	FALSE	41.80886	-71.43392	2022	May	West End
282	2022-05-20	875325	20:18:00	Bicycle	NA	1	FALSE	FALSE	1	DEAN ST	FEDERAL ST	2022-05-20	Two-Way , Not Divided	Dry	Dark - Lighted	Cloudy	Sideswipe, Same Direction	No	Stop Signs	5	0	No Injury	NA	41.82228	-71.42327	FALSE	FALSE	Dean Street and Federal Street, Providence, RI, USA	Med High	Raw	NA	FALSE	41.82228	-71.42327	2022	May	Federal Hill
281	2022-05-21	875346	06:30:00	Pedestrian	1	NA	FALSE	FALSE	1	CHAD BROWN ST	RUGGLES ST	2022-05-21	Two-Way , Not Divided	Wet	Daylight	Clear	Not a Collision Between Two Motor Vehicles in Transport	Yes	No Controls	4	1	Incapacitating	NA	41.83874	-71.42738	FALSE	FALSE	Chad Brown Street and Ruggles Street, Providence, RI, USA	Med High	Raw	NA	FALSE	41.83874	-71.42738	2022	May	Smith Hill
280	2022-05-22	875423	20:43:00	Other	NA	1	FALSE	FALSE	1	VALLEY ST	HEMLOCK ST	2022-05-22	Two-Way , Not Divided	Dry	Dark - Lighted	Clear	Not a Collision Between Two Motor Vehicles in Transport	Yes	No Controls	1	1	Non-Incapacitating	NA	41.82994	-71.43162	FALSE	FALSE	Valley Street and Hemlock Street, Providence, RI, USA	Med High	Raw	distance greater than 100m	TRUE	41.82994	-71.43162	2022	May	Valley
279	2022-05-25	875494	17:43:00	Bicycle	1	NA	FALSE	FALSE	1	BROADWAY	VINTON ST	2022-05-25	Two-Way , Not Divided	Dry	Daylight	Clear	Not a Collision Between Two Motor Vehicles in Transport	Yes	Pavement Markings	1	1	Pain Reported	NA	41.82009	-71.4281	FALSE	FALSE	Broadway and Vinton Street, Providence, RI, USA	Med	Raw	NA	FALSE	41.82009	-71.4281	2022	May	Federal Hill
278	2022-05-26	875531	20:45:00	Bicycle	NA	1	FALSE	FALSE	1	PUBLIC ST	BROAD ST	2022-05-26	Two-Way, Divided, Unprotected (painted>4feet) Medium	Dry	Dark - Lighted	Clear	Angle (Front - to - Side) Same Direction	Yes	Traffic Control Signal	1	1	Pain Reported	NA	41.80441	-71.41937	FALSE	FALSE	Public Street and Broad Street, Providence, RI, USA	Med High	Raw	NA	FALSE	41.80441	-71.41937	2022	May	Elmwood
277	2022-05-27	875552	14:55:00	Bicycle	NA	1	TRUE	FALSE	1	BENEFIT ST	ANGELL ST	2022-05-27	Two-Way , Not Divided	Dry	Daylight	Clear	Not a Collision Between Two Motor Vehicles in Transport	No	Traffic Control Signal	3	1	Non-Incapacitating	NA	41.82751	-71.40765	FALSE	FALSE	Benefit Street and Angell Street, Providence, RI, USA	Med High	Raw	NA	FALSE	41.82751	-71.40765	2022	May	College Hill
276	2022-05-31	875655	09:18:00	Bicycle	NA	1	FALSE	FALSE	1	DOUGLAS AVE/RIVER AVE	DOUGLAS AVE	2022-05-31	Two-Way , Not Divided	Dry	Daylight	Clear	Rear End(Front-to-Rear)	No	No Controls	2	1	Pain Reported	NA	41.85275	-71.43714	FALSE	FALSE	Douglas Ave/River Ave and Douglas Ave, Providence, RI, USA	Med	Raw	NA	FALSE	41.85275	-71.43714	2022	May	Wanskuck
275	2022-06-02	875741	16:32:00	Pedestrian	1	NA	FALSE	FALSE	1	BROAD ST	THURBERS AVE	2022-06-02	Two-Way , Not Divided	Dry	Daylight	Clear	Not a Collision Between Two Motor Vehicles in Transport	No	Traffic Control Signal	3	1	Pain Reported	NA	41.79811	-71.41457	FALSE	FALSE	Broad Street and Thurbers Ave, Providence, RI, USA	Med	Raw	NA	FALSE	41.79811	-71.41457	2022	June	Elmwood
274	2022-06-03	875762	09:09:00	Pedestrian	1	NA	FALSE	FALSE	1	736 BRANCH AVENUE	NA	2022-06-03	Two-Way , Not Divided	Dry	Daylight	Cloudy	Other	No	No Controls	7	1	Pain Reported	NA	41.83582	-71.41572	TRUE	TRUE	736 Branch Avenue, Providence, RI, USA	High	Geocoded	distance greater than 100m	TRUE	41.8532706	-71.4285913	2022	June	Wanskuck
273	2022-06-06	876868	14:58:00	Other	NA	NA	TRUE	FALSE	2	GREENWICH ST	ELMWOOD AVENUE	2022-06-06	Two-Way , Not Divided	Dry	Daylight	Clear	Angle (Front - to - Side) Opposite Direction	Yes	Traffic Control Signal	1	0	No Injury	NA	41.80237	-71.42608	FALSE	FALSE	Greenwich Street and Elmwood Avenue, Providence, RI, USA	Med High	Raw	NA	FALSE	41.80237	-71.42608	2022	June	West End
272	2022-06-07	876875	07:50:00	Bicycle	NA	1	FALSE	FALSE	1	CRANSTON ST	LINWOOD AVE	2022-06-07	Two-Way , Not Divided	Dry	Daylight	Clear	Not a Collision Between Two Motor Vehicles in Transport	No	Traffic Control Signal	4	1	Pain Reported	NA	41.80701	-71.43571	FALSE	FALSE	Cranston Street and Linwood Ave, Providence, RI, USA	Med High	Raw	NA	FALSE	41.80701	-71.43571	2022	June	West End
270	2022-06-08	876918	18:56:00	Bicycle	NA	1	FALSE	FALSE	1	286 INDIANA AVE	VIRGINIA AVE	2022-06-08	Two-Way , Not Divided	Dry	Dark - Lighted	Clear	Not a Collision Between Two Motor Vehicles in Transport	No	No Controls	3	1	Pain Reported	NA	41.7896	-71.401	TRUE	FALSE	286 Indiana Ave, Providence, RI, USA	High	Raw	NA	FALSE	41.7896	-71.401	2022	June	Washington Park
271	2022-06-08	876924	18:26:00	Bicycle	NA	1	FALSE	FALSE	1	NEBRASKA ST	EDDY ST	2022-06-08	Two-Way , Not Divided	Dry	Dusk	Clear	Not a Collision Between Two Motor Vehicles in Transport	No	No Controls	2	0	No Injury	NA	41.79829	-71.40538	FALSE	FALSE	Nebraska Street and Eddy Street, Providence, RI, USA	Med High	Raw	NA	FALSE	41.79829	-71.40538	2022	June	Lower South Providence
267	2022-06-09	876943	12:37:00	Pedestrian	1	NA	TRUE	FALSE	1	BROAD ST	VERNDALE ST	2022-06-09	Two-Way , Not Divided	Dry	Daylight	Clear	Not a Collision Between Two Motor Vehicles in Transport	No	No Controls	4	1	Pain Reported	NA	41.79158	-71.40644	FALSE	FALSE	Broad Street and Verndale Street, Providence, RI, USA	Med	Raw	distance greater than 100m	TRUE	41.79158	-71.40644	2022	June	Washington Park
268	2022-06-09	876950	14:04:00	Pedestrian	1	NA	FALSE	FALSE	1	387 CHARLES ST	SILVER SPRING ST	2022-06-09	Two-Way , Not Divided	Dry	Daylight	Clear	Not a Collision Between Two Motor Vehicles in Transport	No	No Controls	2	1	Pain Reported	NA	41.84371	-71.41835	TRUE	FALSE	387 Charles Street, Providence, RI, USA	High	Raw	NA	FALSE	41.84371	-71.41835	2022	June	Charles
269	2022-06-09	876994	18:14:00	Other	NA	1	TRUE	FALSE	1	CAMP ST	DOYLE AVE	2022-06-10	Two-Way , Not Divided	Dry	Daylight	Clear	Unknown	No	Stop Signs	2	1	Pain Reported	NA	41.83879	-71.4042	FALSE	FALSE	Camp Street and Doyle Ave, Providence, RI, USA	Med High	Raw	NA	FALSE	41.83879	-71.4042	2022	June	Mount Hope
265	2022-06-10	876982	06:38:00	Pedestrian	1	NA	FALSE	FALSE	1	Broad	Oxford	2022-06-10	Two-Way , Not Divided	Dry	Dawn	Clear	Not a Collision Between Two Motor Vehicles in Transport	No	No Controls	3	0	No Injury	NA	NA	NA	FALSE	FALSE	Broad and Oxford, Providence, RI, USA	Med	Geocoded	raw coords null but geocoded coords found	TRUE	41.8004502	-71.417447	2022	June	Elmwood
266	2022-06-10	876998	15:38:00	Bicycle	NA	1	FALSE	FALSE	1	Smith and Canal St	SMITH ST	2022-06-10	Two-Way , Not Divided	Dry	Daylight	Clear	Angle (Front - to - Side) Opposite Direction	No	No Controls	2	1	Non-Incapacitating	NA	41.83108	-71.4113	FALSE	FALSE	Smith And Canal Street and Smith Street, Providence, RI, USA	Med	Raw	NA	FALSE	41.83108	-71.4113	2022	June	Downtown
264	2022-06-11	877034	12:55:00	Bicycle	NA	1	FALSE	FALSE	1	POINT ST	PRAIRIE AVE	2022-06-11	One-Way Trafficway	Dry	Daylight	Clear	Not a Collision Between Two Motor Vehicles in Transport	Yes	No Controls	1	1	Pain Reported	NA	41.81457	-71.41507	FALSE	FALSE	Point Street and Prairie Ave, Providence, RI, USA	Med High	Raw	NA	FALSE	41.81457	-71.41507	2022	June	Upper South Providence
262	2022-06-12	877060	09:48:00	Pedestrian	1	NA	FALSE	FALSE	1	981 BROAD ST	SUMTER ST	2022-06-12	Two-Way , Not Divided	Dry	Daylight	Clear	Not a Collision Between Two Motor Vehicles in Transport	No	No Controls	2	1	Pain Reported	NA	41.79776	-71.41414	TRUE	FALSE	981 Broad Street, Providence, RI, USA	High	Raw	NA	FALSE	41.79776	-71.41414	2022	June	Elmwood
263	2022-06-12	877069	16:32:00	Bicycle	NA	1	FALSE	FALSE	1	MURRAY ST	SIBYL ST	2022-06-12	Two-Way , Not Divided	Dry	Daylight	Clear	Not a Collision Between Two Motor Vehicles in Transport	No	No Controls	2	1	Pain Reported	NA	41.80873	-71.45947	FALSE	FALSE	Murray Street and Sibyl Street, Providence, RI, USA	Med High	Raw	NA	FALSE	41.80873	-71.45947	2022	June	Silver Lake
261	2022-06-13	877114	19:35:00	Bicycle	NA	1	FALSE	FALSE	1	NORTH AVE	BLACKSTONE BLVD	2022-06-13	One-Way Trafficway	Dry	Daylight	Clear	Not a Collision Between Two Motor Vehicles in Transport	No	No Controls	4	1	Non-Incapacitating	NA	41.85415	-71.39026	FALSE	FALSE	North Ave and Blackstone Blvd, Providence, RI, USA	Med High	Raw	NA	FALSE	41.85415	-71.39026	2022	June	Blackstone
258	2022-06-14	877136	08:43:00	Pedestrian	1	NA	FALSE	FALSE	1	CHALKSTONE AVENUE	ACADEMY AVENUE	2022-06-14	Two-Way , Not Divided	Dry	Daylight	Clear	Not a Collision Between Two Motor Vehicles in Transport	No	Traffic Control Signal	2	0	No Injury	NA	41.82422	-71.43364	FALSE	FALSE	Chalkstone Avenue and Academy Avenue, Providence, RI, USA	Med High	Geocoded	distance greater than 100m	TRUE	41.8324538	-71.4445249	2022	June	Mount Pleasant
259	2022-06-14	877137	11:30:00	Pedestrian	1	NA	FALSE	FALSE	1	PLAIN ST	BLACKSTONE ST	2022-06-14	Unknown	Dry	Daylight	Clear	Not a Collision Between Two Motor Vehicles in Transport	No	No Controls	3	1	Non-Incapacitating	NA	41.80942	-71.41091	FALSE	FALSE	Plain Street and Blackstone Street, Providence, RI, USA	Med High	Raw	NA	FALSE	41.80942	-71.41091	2022	June	Upper South Providence
260	2022-06-14	877144	15:34:00	Pedestrian	1	NA	FALSE	FALSE	1	HANNAH ST	ATWELLS AVE	2022-06-14	Unknown	Dry	Daylight	Clear	Other	Yes	No Controls	1	1	Pain Reported	NA	41.82506	-71.44863	FALSE	FALSE	Hannah Street and Atwells Ave, Providence, RI, USA	Med High	Raw	NA	FALSE	41.82506	-71.44863	2022	June	Olneyville
256	2022-06-20	877362	16:42:00	Bicycle	NA	1	FALSE	FALSE	1	NORTH MAIN ST	EVERGREEN ST	2022-06-20	Two-Way , Not Divided	Dry	Daylight	Clear	Not a Collision Between Two Motor Vehicles in Transport	No	Pavement Markings	2	1	Non-Incapacitating	NA	41.84488	-71.40615	FALSE	FALSE	North Main Street and Evergreen Street, Providence, RI, USA	Med	Raw	NA	FALSE	41.84488	-71.40615	2022	June	Mount Hope
257	2022-06-20	877364	18:01:00	Bicycle	NA	1	TRUE	FALSE	1	HOPE ST	WILLIAMS ST	2022-06-20	Two-Way, Divided, Unprotected (painted>4feet) Medium	Dry	Daylight	Clear	Not a Collision Between Two Motor Vehicles in Transport	No	Stop Signs	3	1	Pain Reported	NA	41.82254	-71.39682	FALSE	FALSE	Hope Street and Williams Street, Providence, RI, USA	Med High	Raw	NA	FALSE	41.82254	-71.39682	2022	June	Fox Point
255	2022-06-22	877418	12:49:00	Pedestrian	1	NA	FALSE	FALSE	1	81 WASHINGTON ST	CLEMENCE ST	2022-06-22	Two-Way , Not Divided	Dry	Daylight	Clear	Not a Collision Between Two Motor Vehicles in Transport	Yes	Pavement Markings	1	1	Pain Reported	NA	41.82346	-71.4142	TRUE	FALSE	81 Washington Street, Providence, RI, USA	High	Raw	NA	FALSE	41.82346	-71.4142	2022	June	Downtown
254	2022-06-23	877447	11:12:00	Bicycle	NA	1	FALSE	FALSE	1	Congress Ave	HAMILTON ST	2022-06-23	Two-Way , Not Divided	Dry	Daylight	Clear	Not a Collision Between Two Motor Vehicles in Transport	No	Stop Signs	2	1	Pain Reported	NA	41.79994	-71.42156	FALSE	FALSE	Congress Ave and Hamilton Street, Providence, RI, USA	Med High	Raw	NA	FALSE	41.79994	-71.42156	2022	June	Elmwood
253	2022-06-24	877485	01:41:00	Pedestrian	1	NA	FALSE	FALSE	1	Steeple St	CANAL ST	2022-06-24	One-Way Trafficway	Dry	Dark - Lighted	Clear	Not a Collision Between Two Motor Vehicles in Transport	No	Traffic Control Signal	2	0	No Injury	NA	41.82715	-71.40997	FALSE	FALSE	Steeple Street and Canal Street, Providence, RI, USA	Med High	Raw	NA	FALSE	41.82715	-71.40997	2022	June	Downtown
252	2022-06-25	877546	13:48:00	Bicycle	NA	1	FALSE	FALSE	1	VALLEY STREET	NEWARK ST	2022-06-25	Two-Way, Divided, Unprotected (painted>4feet) Medium	Dry	Daylight	Clear	Not a Collision Between Two Motor Vehicles in Transport	Yes	No Controls	1	1	Pain Reported	NA	41.82531	-71.43927	FALSE	FALSE	Valley Street and Newark Street, Providence, RI, USA	Med High	Raw	NA	FALSE	41.82531	-71.43927	2022	June	Valley
251	2022-06-27	877627	20:56:00	Pedestrian	1	NA	FALSE	FALSE	1	CRANSTON ST	DEXTER ST	2022-06-27	Two-Way , Not Divided	Wet	Dark - Lighted	Clear	Not a Collision Between Two Motor Vehicles in Transport	Yes	No Controls	1	1	Pain Reported	NA	41.81284	-71.42912	FALSE	FALSE	Cranston Street and Dexter Street, Providence, RI, USA	Med High	Raw	NA	FALSE	41.81284	-71.42912	2022	June	West End
250	2022-06-28	877641	11:36:00	Pedestrian	3	NA	FALSE	FALSE	1	Atwells Ave	Valley St	2022-06-28	Two-Way , Not Divided	Dry	Daylight	Clear	Not a Collision Between Two Motor Vehicles in Transport	No	Traffic Control Signal	6	1	Pain Reported	2	NA	NA	FALSE	FALSE	Atwells Ave and Valley Street, Providence, RI, USA	Med High	Geocoded	raw coords null but geocoded coords found	TRUE	41.8245768	-71.4394736	2022	June	Olneyville
249	2022-07-01	877799	18:15:00	Pedestrian	1	NA	TRUE	FALSE	1	DEXTER ST	SPRAGUE ST	2022-07-01	Two-Way , Not Divided	Dry	Daylight	Clear	Not a Collision Between Two Motor Vehicles in Transport	No	No Controls	2	1	Pain Reported	NA	41.80987	-71.42838	FALSE	FALSE	Dexter Street and Sprague Street, Providence, RI, USA	Med High	Raw	NA	FALSE	41.80987	-71.42838	2022	July	West End