row_number	crash_date	crash_report_id	crash_time	collision_type	count_pedestrian	count_bicycle	scooter	wheel_chair	number_of_vehicles	street_or_highway	nearest_intersection	report_date	type_of_roadway	road_surface_condition	light_condition	weather_condition	manner_of_impact	hit_and_run	traffic_control	person_count	injury_count	most_serious_injury	number_of_lanes	lat_raw	lon_raw	has_st_number	is_intersection_null	address_sent_to_geocoder	api_coord_conf	best_coordinate_set	reason_for_qa	manually_qaed_record	final_lat	final_lon	year	month	pvd_nhood
246	2022-07-03	878869	18:47:00	Pedestrian	1	NA	FALSE	FALSE	1	ELMWOOD AVE	DABOLL ST	2022-07-03	Two-Way , Not Divided	Dry	Daylight	Clear	Not a Collision Between Two Motor Vehicles in Transport	Yes	No Controls	3	1	Pain Reported	NA	41.80409	-71.42558	FALSE	FALSE	Elmwood Ave and Daboll Street, Providence, RI, USA	Med High	Raw	NA	FALSE	41.80409	-71.42558	2022	July	West End
247	2022-07-03	878930	15:43:00	Other	NA	NA	TRUE	FALSE	2	CUSTOM HOUSE ST	DYER ST	2022-07-05	One-Way Trafficway	Dry	Daylight	Clear	Not a Collision Between Two Motor Vehicles in Transport	Yes	No Controls	1	0	No Injury	1	41.82425	-71.40894	FALSE	FALSE	Custom House Street and Dyer Street, Providence, RI, USA	Med High	Raw	NA	FALSE	41.82425	-71.40894	2022	July	Downtown
244	2022-07-05	878925	14:10:00	Bicycle	NA	1	FALSE	FALSE	1	Broadway	KNIGHT ST	2022-07-05	Two-Way, Divided, Unprotected (painted>4feet) Medium	Dry	Daylight	Clear	Not a Collision Between Two Motor Vehicles in Transport	No	No Controls	3	1	Pain Reported	NA	41.81991	-71.42888	FALSE	FALSE	Broadway and Knight Street, Providence, RI, USA	Med	Raw	NA	FALSE	41.81991	-71.42888	2022	July	Federal Hill
245	2022-07-05	878927	15:57:00	Bicycle	NA	1	FALSE	FALSE	1	BUCKLIN ST	BELLEVUE AVE	2022-07-05	Two-Way , Not Divided	Dry	Daylight	Cloudy	Not a Collision Between Two Motor Vehicles in Transport	No	Pavement Markings	3	1	Pain Reported	NA	41.80724	-71.42787	FALSE	FALSE	Bucklin Street and Bellevue Ave, Providence, RI, USA	Med High	Raw	NA	FALSE	41.80724	-71.42787	2022	July	West End
241	2022-07-06	878944	17:30:00	Bicycle	NA	1	FALSE	FALSE	1	WESTMINSTER ST	COURTLAND ST	2022-07-06	Two-Way , Not Divided	Dry	Daylight	Clear	Sideswipe, Same Direction	No	No Controls	2	1	Pain Reported	NA	41.81669	-71.43043	FALSE	FALSE	Westminster Street and Courtland Street, Providence, RI, USA	Med High	Raw	NA	FALSE	41.81669	-71.43043	2022	July	West End
242	2022-07-06	878953	14:48:00	Bicycle	NA	1	FALSE	FALSE	1	EAGLE ST	VALLEY ST	2022-07-06	Two-Way , Not Divided	Dry	Daylight	Clear	Not a Collision Between Two Motor Vehicles in Transport	No	No Controls	2	1	Pain Reported	NA	41.82703	-71.43611	FALSE	FALSE	Eagle Street and Valley Street, Providence, RI, USA	Med High	Raw	NA	FALSE	41.82703	-71.43611	2022	July	Valley
240	2022-07-12	879080	06:33:00	Other	1	NA	TRUE	FALSE	1	Canal St/ Steeple St	CANAL ST	2022-07-12	One-Way Trafficway	Dry	Daylight	Clear	Not a Collision Between Two Motor Vehicles in Transport	No	Traffic Control Signal	2	1	Incapacitating	NA	41.82718	-71.40991	FALSE	FALSE	Canal St/ Steeple Street and Canal Street, Providence, RI, USA	Med High	Raw	NA	FALSE	41.82718	-71.40991	2022	July	Downtown
239	2022-07-13	879112	01:41:00	Pedestrian	1	NA	FALSE	FALSE	1	COMMODORE ST	BRANCH AVE	2022-07-13	Two-Way, Divided, Unprotected (painted>4feet) Medium	Wet	Dark - Lighted	Cloudy	Not a Collision Between Two Motor Vehicles in Transport	Yes	Pavement Markings	2	1	Pain Reported	NA	41.84955	-71.41837	FALSE	FALSE	Commodore Street and Branch Ave, Providence, RI, USA	Med High	Raw	NA	FALSE	41.84955	-71.41837	2022	July	Charles
238	2022-07-14	879158	15:55:00	Bicycle	NA	1	FALSE	FALSE	1	INDUSTRIAL DR	N MAIN ST	2022-07-14	Two-Way, Divided, Positive Median Barrier	Dry	Daylight	Clear	Not a Collision Between Two Motor Vehicles in Transport	No	Traffic Control Signal	2	1	Pain Reported	NA	41.84063	-71.40872	FALSE	FALSE	Industrial Dr and N Main Street, Providence, RI, USA	Med	Raw	NA	FALSE	41.84063	-71.40872	2022	July	Mount Hope
235	2022-07-15	879206	18:04:00	Bicycle	NA	1	FALSE	FALSE	1	PUBLIC ST	GORDON AVE	2022-07-15	Two-Way , Not Divided	Dry	Daylight	Clear	Not a Collision Between Two Motor Vehicles in Transport	No	No Controls	4	1	Pain Reported	NA	41.80519	-71.41634	FALSE	FALSE	Public Street and Gordon Ave, Providence, RI, USA	Med High	Raw	NA	FALSE	41.80519	-71.41634	2022	July	Upper South Providence
236	2022-07-15	879219	21:53:00	Pedestrian	1	NA	FALSE	FALSE	1	WARRINGTON ST	BROAD STREET	2022-07-15	Two-Way, Divided, Unprotected (painted>4feet) Medium	Dry	Dark - Lighted	Cloudy	Not a Collision Between Two Motor Vehicles in Transport	Yes	No Controls	6	1	Incapacitating	NA	41.79667	-71.41277	FALSE	FALSE	Warrington Street and Broad Street, Providence, RI, USA	Med High	Raw	NA	FALSE	41.79667	-71.41277	2022	July	Elmwood
233	2022-07-16	879257	21:23:00	Pedestrian	1	NA	FALSE	FALSE	1	ATWELLS AVE	CUTLER ST	2022-07-16	Two-Way, Divided, Positive Median Barrier	Dry	Dark - Lighted	Cloudy	Not a Collision Between Two Motor Vehicles in Transport	No	No Controls	4	1	Incapacitating	NA	41.82468	-71.44157	FALSE	FALSE	Atwells Ave and Cutler Street, Providence, RI, USA	Med High	Raw	NA	FALSE	41.82468	-71.44157	2022	July	Olneyville
234	2022-07-16	879259	01:41:00	Pedestrian	1	NA	FALSE	FALSE	1	UNION AVE	CUMERFORD ST	2022-07-16	Two-Way , Not Divided	Dry	Dark - Lighted	Clear	Not a Collision Between Two Motor Vehicles in Transport	Yes	Traffic Control Signal	2	1	Pain Reported	NA	41.80796	-71.44322	FALSE	FALSE	Union Ave and Cumerford Street, Providence, RI, USA	Med High	Raw	NA	FALSE	41.80796	-71.44322	2022	July	Silver Lake
232	2022-07-18	879312	09:55:00	Pedestrian	1	NA	FALSE	FALSE	1	BRANCH AVE	HAWKINS ST	2022-07-18	Two-Way , Not Divided	Dry	Daylight	Clear	Not a Collision Between Two Motor Vehicles in Transport	Yes	Traffic Control Signal	1	1	Pain Reported	NA	41.85096	-71.42157	FALSE	FALSE	Branch Ave and Hawkins Street, Providence, RI, USA	Med High	Raw	NA	FALSE	41.85096	-71.42157	2022	July	Charles
230	2022-07-22	879425	13:01:00	Pedestrian	1	NA	FALSE	FALSE	1	280 Atwells Ave	CROUT ST	2022-07-22	Unknown	Dry	Daylight	Clear	Not a Collision Between Two Motor Vehicles in Transport	Yes	No Controls	1	1	Pain Reported	NA	41.82364	-71.42752	TRUE	FALSE	280 Atwells Ave, Providence, RI, USA	High	Raw	NA	FALSE	41.82364	-71.42752	2022	July	Federal Hill
231	2022-07-22	879450	23:55:00	Pedestrian	1	NA	FALSE	FALSE	1	Oxford Street	FRENCH ST	2022-07-23	Two-Way, Divided, Positive Median Barrier	Dry	Dark - Lighted	Clear	Not a Collision Between Two Motor Vehicles in Transport	Yes	No Controls	2	1	Pain Reported	NA	41.80261	-71.40879	FALSE	FALSE	Oxford Street and French Street, Providence, RI, USA	Med High	Raw	NA	FALSE	41.80261	-71.40879	2022	July	Lower South Providence
229	2022-07-24	879505	21:24:00	Pedestrian	1	NA	TRUE	FALSE	1	DETROIT AVE	Broad Street	2022-07-24	Two-Way , Not Divided	Dry	Dark - Lighted	Clear	Not a Collision Between Two Motor Vehicles in Transport	No	Stop Signs	3	1	Pain Reported	NA	41.79439	-71.40993	FALSE	FALSE	Detroit Ave and Broad Street, Providence, RI, USA	Med High	Raw	NA	FALSE	41.79439	-71.40993	2022	July	Elmwood
228	2022-07-27	879609	16:36:00	Pedestrian	1	NA	FALSE	FALSE	1	WICKENDEN ST	BROOK ST	2022-07-27	Two-Way , Not Divided	Dry	Daylight	Clear	Not a Collision Between Two Motor Vehicles in Transport	Yes	Traffic Control Signal	2	0	No Injury	NA	41.81947	-71.3984	FALSE	FALSE	Wickenden Street and Brook Street, Providence, RI, USA	Med High	Raw	NA	FALSE	41.81947	-71.3984	2022	July	Fox Point
227	2022-07-28	879638	19:26:00	Bicycle	NA	1	FALSE	FALSE	1	HOPE ST	STIMSON AVE	2022-07-28	Two-Way , Not Divided	Dry	Dusk	Clear	Not a Collision Between Two Motor Vehicles in Transport	No	No Controls	2	0	No Injury	NA	41.82942	-71.3982	FALSE	FALSE	Hope Street and Stimson Ave, Providence, RI, USA	Med High	Raw	NA	FALSE	41.82942	-71.3982	2022	July	College Hill
226	2022-07-29	879658	14:58:00	Pedestrian	1	NA	FALSE	FALSE	1	CORLISS ST	CHARLES ST	2022-07-29	Two-Way , Not Divided	Dry	Daylight	Clear	Not a Collision Between Two Motor Vehicles in Transport	No	No Controls	4	1	Pain Reported	NA	41.83813	-71.41443	FALSE	FALSE	Corliss Street and Charles Street, Providence, RI, USA	Med High	Raw	NA	FALSE	41.83813	-71.41443	2022	July	Mount Hope
225	2022-07-30	879688	19:13:00	Bicycle	NA	1	TRUE	FALSE	1	TABER AVE	VILLA AVE	2022-07-30	Two-Way, Divided, Unprotected (painted>4feet) Medium	Dry	Daylight	Clear	Not a Collision Between Two Motor Vehicles in Transport	No	No Controls	2	1	Pain Reported	NA	41.8301	-71.39115	FALSE	FALSE	Taber Ave and Villa Ave, Providence, RI, USA	Med High	Raw	NA	FALSE	41.8301	-71.39115	2022	July	Wayland
224	2022-08-01	879744	22:42:00	Bicycle	NA	1	FALSE	FALSE	1	DOVER ST	CARLETON ST	2022-08-01	Two-Way , Not Divided	Dry	Dark - Lighted	Clear	Not a Collision Between Two Motor Vehicles in Transport	No	Stop Signs	3	1	Pain Reported	NA	41.82974	-71.44763	FALSE	FALSE	Dover Street and Carleton Street, Providence, RI, USA	Med High	Raw	NA	FALSE	41.82974	-71.44763	2022	August	Mount Pleasant
223	2022-08-02	879750	11:42:00	Pedestrian	1	NA	FALSE	FALSE	1	HARTFORD AVE	EDNA ST	2022-08-02	Two-Way , Not Divided	Dry	Daylight	Clear	Not a Collision Between Two Motor Vehicles in Transport	No	Pavement Markings	2	1	Pain Reported	NA	41.81686	-71.44563	FALSE	FALSE	Hartford Ave and Edna Street, Providence, RI, USA	Med High	Raw	NA	FALSE	41.81686	-71.44563	2022	August	Olneyville
220	2022-08-05	879811	06:19:00	Pedestrian	1	NA	FALSE	FALSE	1	GRIMWOOD ST	OPHELIA ST	2022-08-05	Two-Way , Not Divided	Dry	Daylight	Clear	Not a Collision Between Two Motor Vehicles in Transport	Yes	No Controls	1	1	Pain Reported	NA	41.82281	-71.46316	FALSE	FALSE	Grimwood Street and Ophelia Street, Providence, RI, USA	Med High	Raw	NA	FALSE	41.82281	-71.46316	2022	August	Hartford
221	2022-08-05	879831	18:02:00	Other	NA	NA	TRUE	FALSE	2	Washington St	UNION ST	2022-08-05	Two-Way , Not Divided	Dry	Daylight	Clear	Sideswipe, Same Direction	No	No Controls	2	1	Non-Incapacitating	NA	41.8236	-71.414	FALSE	FALSE	Washington Street and Union Street, Providence, RI, USA	Med	Raw	NA	FALSE	41.8236	-71.414	2022	August	Downtown
222	2022-08-05	879838	22:40:00	Pedestrian	1	NA	FALSE	FALSE	1	Charles Street	HAWKINS ST	2022-08-05	Two-Way , Not Divided	Dry	Dark - Lighted	Clear	Not a Collision Between Two Motor Vehicles in Transport	Yes	Stop Signs	3	1	Pain Reported	NA	41.8514	-71.42016	FALSE	FALSE	Charles Street and Hawkins Street, Providence, RI, USA	Med	Raw	NA	FALSE	41.8514	-71.42016	2022	August	Charles
219	2022-08-06	879852	13:33:00	Pedestrian	1	NA	FALSE	FALSE	1	POTTERS AVE	BAXTER ST	2022-08-06	Two-Way , Not Divided	Dry	Daylight	Clear	Not a Collision Between Two Motor Vehicles in Transport	No	Stop Signs	4	1	Non-Incapacitating	NA	41.80352	-71.41662	FALSE	FALSE	Potters Ave and Baxter Street, Providence, RI, USA	Med High	Raw	NA	FALSE	41.80352	-71.41662	2022	August	Lower South Providence
218	2022-08-07	879875	10:23:00	Pedestrian	1	NA	FALSE	TRUE	1	993 Manton Avenue	993 Manton Avenue	2022-08-07	Two-Way , Not Divided	Dry	Daylight	Clear	Not a Collision Between Two Motor Vehicles in Transport	No	No Controls	2	1	Pain Reported	1	NA	NA	TRUE	FALSE	993 Manton Avenue, Providence, RI, USA	High	Neither	raw coords null but geocoded coords found	TRUE	41.83305	-71.47026	2022	August	NA
217	2022-08-08	879899	01:42:00	Pedestrian	1	NA	FALSE	FALSE	1	257 ALLENS AVE	ALLENS AVE	2022-08-08	Two-Way, Divided, Positive Median Barrier	Dry	Dark - Lighted	Clear	Not a Collision Between Two Motor Vehicles in Transport	Yes	No Controls	3	1	Incapacitating	NA	41.80613	-71.40278	TRUE	FALSE	257 Allens Ave, Providence, RI, USA	High	Raw	NA	FALSE	41.80613	-71.40278	2022	August	Lower South Providence
216	2022-08-10	879964	15:05:00	Pedestrian	1	NA	FALSE	FALSE	1	BURLINGTON ST	HOPE ST	2022-08-10	Two-Way , Not Divided	Dry	Daylight	Clear	Not a Collision Between Two Motor Vehicles in Transport	Yes	Pavement Markings	1	1	Pain Reported	NA	41.84803	-71.3955	FALSE	FALSE	Burlington Street and Hope Street, Providence, RI, USA	Med High	Raw	NA	FALSE	41.84803	-71.3955	2022	August	Hope
215	2022-08-12	880209	17:34:00	Other	NA	1	TRUE	FALSE	1	584 SMITH ST	OAKLAND AVE	2022-08-18	Two-Way, Divided, Unprotected (painted>4feet) Medium	Dry	Daylight	Clear	Not a Collision Between Two Motor Vehicles in Transport	No	Traffic Control Signal	2	0	No Injury	NA	41.83624	-71.43048	TRUE	FALSE	584 Smith Street, Providence, RI, USA	High	Raw	NA	FALSE	41.83624	-71.43048	2022	August	Elmhurst
214	2022-08-13	880051	16:08:00	Pedestrian	2	NA	TRUE	FALSE	1	EXCHANGE ST	WASHINGTON ST	2022-08-13	One-Way Trafficway	Dry	Daylight	Clear	Not a Collision Between Two Motor Vehicles in Transport	No	No Controls	4	0	No Injury	NA	41.82573	-71.41105	FALSE	FALSE	Exchange Street and Washington Street, Providence, RI, USA	Med High	Raw	NA	FALSE	41.82573	-71.41105	2022	August	Downtown
212	2022-08-16	880161	19:51:00	Bicycle	NA	1	FALSE	FALSE	1	ELMWOOD AVE	ATLANTIC AVE	2022-08-16	Two-Way, Divided, Positive Median Barrier	Dry	Daylight	Clear	Not a Collision Between Two Motor Vehicles in Transport	No	No Controls	2	1	Pain Reported	NA	41.79653	-71.42535	FALSE	FALSE	Elmwood Ave and Atlantic Ave, Providence, RI, USA	Med High	Raw	NA	FALSE	41.79653	-71.42535	2022	August	Elmwood
211	2022-08-17	880165	23:13:00	Pedestrian	1	NA	FALSE	FALSE	1	Cranston st	BENEDICT ST	2022-08-17	Two-Way , Not Divided	Dry	Dark - Lighted	Clear	Not a Collision Between Two Motor Vehicles in Transport	Yes	No Controls	1	0	No Injury	NA	41.8054	-71.43733	FALSE	FALSE	Cranston Street and Benedict Street, Providence, RI, USA	Med High	Raw	NA	FALSE	41.8054	-71.43733	2022	August	West End
210	2022-08-18	880233	23:03:00	Pedestrian	1	NA	FALSE	FALSE	1	Broad Street	SERVICE ROAD 7	2022-08-19	Two-Way , Not Divided	Dry	Dark - Lighted	Clear	Not a Collision Between Two Motor Vehicles in Transport	Yes	Traffic Control Signal	2	1	Fatal	NA	41.81736	-71.41696	FALSE	FALSE	Broad Street and Service Road 7, Providence, RI, USA	Med	Raw	NA	FALSE	41.81736	-71.41696	2022	August	Upper South Providence
209	2022-08-19	880263	22:48:00	Bicycle	NA	1	FALSE	FALSE	1	S COURT ST	BENEFIT ST	2022-08-19	Two-Way , Not Divided	Dry	Dark - Lighted	Cloudy	Not a Collision Between Two Motor Vehicles in Transport	No	Stop Signs	2	1	Non-Incapacitating	NA	41.82904	-71.40838	FALSE	FALSE	S Court Street and Benefit Street, Providence, RI, USA	Med High	Raw	NA	FALSE	41.82904	-71.40838	2022	August	College Hill
208	2022-08-23	880345	09:42:00	Pedestrian	1	NA	FALSE	FALSE	1	RIVER AVE	ADMIRAL ST	2022-08-23	Two-Way, Divided, Unprotected (painted>4feet) Medium	Dry	Daylight	Clear	Not a Collision Between Two Motor Vehicles in Transport	No	Traffic Control Signal	4	1	Non-Incapacitating	2	41.8492	-71.43894	FALSE	FALSE	River Ave and Admiral Street, Providence, RI, USA	Med High	Raw	distance greater than 100m	TRUE	41.8492	-71.43894	2022	August	Elmhurst
207	2022-08-24	880389	12:35:00	Bicycle	NA	1	FALSE	FALSE	1	Francis St	Memorial Blvd	2022-08-24	Two-Way , Not Divided	Dry	Daylight	Clear	Not a Collision Between Two Motor Vehicles in Transport	No	Traffic Control Signal	3	0	No Injury	3	NA	NA	FALSE	FALSE	Francis Street and Memorial Blvd, Providence, RI, USA	Med	Geocoded	raw coords null but geocoded coords found	TRUE	41.8258972	-71.4153893	2022	August	Downtown
204	2022-08-25	880431	18:51:00	Pedestrian	1	NA	FALSE	FALSE	1	890 Douglas Ave	RIVER AVE	2022-08-25	Unknown	Dry	Daylight	Clear	Not a Collision Between Two Motor Vehicles in Transport	No	No Controls	2	1	Pain Reported	NA	41.8527	-71.43707	TRUE	FALSE	890 Douglas Ave, Providence, RI, USA	High	Raw	NA	FALSE	41.8527	-71.43707	2022	August	Wanskuck
205	2022-08-25	880432	18:26:00	Bicycle	NA	1	FALSE	FALSE	1	Westminster St.	BAINBRIDGE AVE	2022-08-25	Two-Way , Not Divided	Dry	Daylight	Clear	Not a Collision Between Two Motor Vehicles in Transport	No	No Controls	2	1	Pain Reported	NA	41.81608	-71.43539	FALSE	FALSE	Westminster St. and Bainbridge Ave, Providence, RI, USA	Med High	Raw	NA	FALSE	41.81608	-71.43539	2022	August	West End
206	2022-08-25	880442	22:50:00	Pedestrian	1	NA	FALSE	FALSE	1	955 Atwells Ave	HANNAH ST	2022-08-25	Two-Way , Not Divided	Dry	Dark - Lighted	Clear	Not a Collision Between Two Motor Vehicles in Transport	Yes	Unknown	1	1	Pain Reported	NA	41.82507	-71.44878	TRUE	FALSE	955 Atwells Ave, Providence, RI, USA	High	Raw	NA	FALSE	41.82507	-71.44878	2022	August	Olneyville
201	2022-08-27	880502	19:00:00	Bicycle	NA	1	FALSE	FALSE	1	WICKENDEN ST	BROOK ST	2022-08-27	Two-Way , Not Divided	Dry	Daylight	Clear	Not a Collision Between Two Motor Vehicles in Transport	No	No Controls	4	0	No Injury	NA	41.81948	-71.39826	FALSE	FALSE	Wickenden Street and Brook Street, Providence, RI, USA	Med High	Raw	NA	FALSE	41.81948	-71.39826	2022	August	Fox Point
202	2022-08-27	880529	20:11:00	Pedestrian	1	NA	FALSE	FALSE	1	ATWELLS AVE	HANNAH ST	2022-08-28	Two-Way , Not Divided	Dry	Dark - Lighted	Clear	Not a Collision Between Two Motor Vehicles in Transport	No	No Controls	4	1	Non-Incapacitating	NA	41.82506	-71.44854	FALSE	FALSE	Atwells Ave and Hannah Street, Providence, RI, USA	Med High	Raw	NA	FALSE	41.82506	-71.44854	2022	August	Olneyville
200	2022-08-30	880624	22:59:00	Pedestrian	1	NA	FALSE	FALSE	1	253 Elmwood Ave	WHITMARSH ST	2022-08-30	Unknown	Dry	Dark - Lighted	Clear	Not a Collision Between Two Motor Vehicles in Transport	No	No Controls	3	1	Pain Reported	NA	41.80589	-71.42509	TRUE	FALSE	253 Elmwood Ave, Providence, RI, USA	High	Raw	NA	FALSE	41.80589	-71.42509	2022	August	West End
198	2022-09-01	880669	12:54:00	Other	NA	NA	TRUE	FALSE	1	342 BROADWAY	KNIGHT ST	2022-09-01	Two-Way , Not Divided	Dry	Daylight	Clear	Not a Collision Between Two Motor Vehicles in Transport	No	Traffic Control Signal	3	1	Pain Reported	NA	41.81997	-71.42862	TRUE	FALSE	342 Broadway, Providence, RI, USA	High	Raw	NA	FALSE	41.81997	-71.42862	2022	September	Federal Hill
199	2022-09-01	880679	15:20:00	Bicycle	NA	1	FALSE	FALSE	1	BROOK ST	GEORGE ST	2022-09-01	Two-Way , Not Divided	Dry	Daylight	Clear	Not a Collision Between Two Motor Vehicles in Transport	No	No Controls	2	0	No Injury	NA	41.82595	-71.39911	FALSE	FALSE	Brook Street and George Street, Providence, RI, USA	Med	Raw	NA	FALSE	41.82595	-71.39911	2022	September	College Hill
197	2022-09-03	880731	10:11:00	Pedestrian	1	NA	FALSE	FALSE	1	850 MANTON AVE	MANTON AVE	2022-09-03	Unknown	Dry	Daylight	Clear	Not a Collision Between Two Motor Vehicles in Transport	No	No Controls	2	1	Pain Reported	NA	41.83391	-71.46722	TRUE	FALSE	850 Manton Ave, Providence, RI, USA	High	Neither	distance greater than 100m	TRUE	41.833169	-71.465136	2022	September	Manton
196	2022-09-04	880777	13:16:00	Bicycle	NA	1	FALSE	FALSE	1	361 RESERVOIR AVE	RESERVOIR AVE	2022-09-04	Two-Way , Not Divided	Dry	Daylight	Clear	Not a Collision Between Two Motor Vehicles in Transport	No	No Controls	3	1	Pain Reported	NA	NA	NA	TRUE	FALSE	361 Reservoir Ave, Providence, RI, USA	High	Neither	raw coords null but geocoded coords found	TRUE	41.78796	-71.43197	2022	September	Reservoir
195	2022-09-07	880879	08:20:00	Pedestrian	1	NA	FALSE	FALSE	1	160 BROADWAY	BRADFORD ST	2022-09-07	Two-Way , Not Divided	Dry	Daylight	Clear	Not a Collision Between Two Motor Vehicles in Transport	No	No Controls	4	1	Incapacitating	NA	41.82148	-71.42222	TRUE	FALSE	160 Broadway, Providence, RI, USA	High	Raw	NA	FALSE	41.82148	-71.42222	2022	September	Federal Hill
193	2022-09-08	880931	17:53:00	Bicycle	NA	1	FALSE	FALSE	1	PLAINFIELD ST.	EDNA ST	2022-09-08	Two-Way , Not Divided	Dry	Daylight	Clear	Not a Collision Between Two Motor Vehicles in Transport	No	Traffic Control Signal	2	1	Pain Reported	NA	41.81592	-71.44513	FALSE	FALSE	Plainfield St. and Edna Street, Providence, RI, USA	Med High	Raw	NA	FALSE	41.81592	-71.44513	2022	September	Olneyville
194	2022-09-08	880935	20:11:00	Pedestrian	1	NA	FALSE	FALSE	1	valley st	DEAN ST	2022-09-08	Two-Way , Not Divided	Dry	Dark - Lighted	Clear	Not a Collision Between Two Motor Vehicles in Transport	No	No Controls	2	1	Non-Incapacitating	NA	41.83128	-71.42868	FALSE	FALSE	Valley Street and Dean Street, Providence, RI, USA	Med	Raw	distance greater than 100m	TRUE	41.83128	-71.42868	2022	September	Valley
191	2022-09-09	880944	09:38:00	Pedestrian	1	NA	FALSE	FALSE	1	CHALKSTONE AVE	LISBON ST	2022-09-09	Two-Way , Not Divided	Dry	Daylight	Clear	Not a Collision Between Two Motor Vehicles in Transport	No	No Controls	4	1	Pain Reported	NA	41.83321	-71.43682	FALSE	FALSE	Chalkstone Ave and Lisbon Street, Providence, RI, USA	Med High	Raw	NA	FALSE	41.83321	-71.43682	2022	September	Elmhurst
192	2022-09-09	880967	19:40:00	Other	1	NA	TRUE	FALSE	1	Atwells Ave	CUTLER ST	2022-09-09	Two-Way , Not Divided	Dry	Dark - Lighted	Clear	Not a Collision Between Two Motor Vehicles in Transport	Yes	Stop Signs	2	1	Pain Reported	NA	41.82468	-71.44157	FALSE	FALSE	Atwells Ave and Cutler Street, Providence, RI, USA	Med High	Raw	NA	FALSE	41.82468	-71.44157	2022	September	Olneyville
188	2022-09-10	880983	13:22:00	Bicycle	NA	1	FALSE	FALSE	1	FRICKER ST	CRANSTON ST	2022-09-10	Two-Way , Not Divided	Dry	Daylight	Clear	Not a Collision Between Two Motor Vehicles in Transport	No	Traffic Control Signal	2	0	No Injury	NA	41.8169	-71.42204	FALSE	FALSE	Fricker Street and Cranston Street, Providence, RI, USA	Med High	Raw	NA	FALSE	41.8169	-71.42204	2022	September	West End
189	2022-09-10	880984	09:32:00	Bicycle	NA	1	FALSE	FALSE	1	W EXCHANGE ST	DEAN ST	2022-09-10	Two-Way, Divided, Unprotected (painted>4feet) Medium	Dry	Daylight	Clear	Not a Collision Between Two Motor Vehicles in Transport	No	No Controls	3	1	Non-Incapacitating	2	41.82545	-71.42569	FALSE	FALSE	W Exchange Street and Dean Street, Providence, RI, USA	Med High	Raw	NA	FALSE	41.82545	-71.42569	2022	September	Federal Hill
190	2022-09-10	880993	16:25:00	Bicycle	NA	1	TRUE	FALSE	1	S WATER ST	POINT	2022-09-10	One-Way Trafficway	Dry	Daylight	Clear	Not a Collision Between Two Motor Vehicles in Transport	No	No Controls	2	1	Non-Incapacitating	NA	41.81876	-71.40189	FALSE	FALSE	S Water Street and Point, Providence, RI, USA	Med	Raw	NA	FALSE	41.81876	-71.40189	2022	September	Fox Point
187	2022-09-12	881032	08:36:00	Bicycle	NA	1	FALSE	FALSE	1	SMITH ST	RADCLIFFE AVE	2022-09-12	Two-Way , Not Divided	Wet	Daylight	Rain	Not a Collision Between Two Motor Vehicles in Transport	No	Pavement Markings	3	1	Pain Reported	NA	41.83694	-71.43209	FALSE	FALSE	Smith Street and Radcliffe Ave, Providence, RI, USA	Med High	Raw	NA	FALSE	41.83694	-71.43209	2022	September	Elmhurst
186	2022-09-13	881083	19:45:00	Bicycle	NA	1	FALSE	FALSE	1	DUDLEY ST	EDDY STREET	2022-09-13	Two-Way, Divided, Unprotected (painted>4feet) Medium	Dry	Dark - Lighted	Cloudy	Not a Collision Between Two Motor Vehicles in Transport	No	Traffic Control Signal	2	1	Pain Reported	NA	41.81079	-71.40734	FALSE	FALSE	Dudley Street and Eddy Street, Providence, RI, USA	Med High	Raw	NA	FALSE	41.81079	-71.40734	2022	September	Upper South Providence
185	2022-09-14	881107	22:00:00	Pedestrian	1	NA	FALSE	FALSE	1	CHARLESFIELD ST	HOPE ST	2022-09-15	Two-Way, Not Divided With a Continuous Left Turn Lane	Dry	Dark - Lighted	Clear	Not a Collision Between Two Motor Vehicles in Transport	Yes	Pavement Markings	1	0	No Injury	NA	41.82414	-71.3972	FALSE	FALSE	Charlesfield Street and Hope Street, Providence, RI, USA	Med High	Raw	NA	FALSE	41.82414	-71.3972	2022	September	College Hill
183	2022-09-16	881163	16:00:00	Pedestrian	1	NA	FALSE	FALSE	1	UNION AVE	MESSER ST	2022-09-16	Two-Way , Not Divided	Dry	Daylight	Clear	Not a Collision Between Two Motor Vehicles in Transport	No	No Controls	2	1	Pain Reported	NA	41.81013	-71.43513	FALSE	FALSE	Union Ave and Messer Street, Providence, RI, USA	Med High	Raw	NA	FALSE	41.81013	-71.43513	2022	September	West End
184	2022-09-16	881192	19:18:00	Bicycle	NA	1	FALSE	FALSE	1	CUMERFORD ST	UNION AVE	2022-09-17	Two-Way , Not Divided	Dry	Dark - Lighted	Cloudy	Not a Collision Between Two Motor Vehicles in Transport	Yes	No Controls	1	1	Pain Reported	NA	41.80859	-71.44331	FALSE	FALSE	Cumerford Street and Union Ave, Providence, RI, USA	Med High	Raw	NA	FALSE	41.80859	-71.44331	2022	September	Silver Lake