row_number	crash_date	crash_report_id	crash_time	collision_type	count_pedestrian	count_bicycle	scooter	wheel_chair	number_of_vehicles	street_or_highway	nearest_intersection	report_date	type_of_roadway	road_surface_condition	light_condition	weather_condition	manner_of_impact	hit_and_run	traffic_control	person_count	injury_count	most_serious_injury	number_of_lanes	lat_raw	lon_raw	has_st_number	is_intersection_null	address_sent_to_geocoder	api_coord_conf	best_coordinate_set	reason_for_qa	manually_qaed_record	final_lat	final_lon	year	month	pvd_nhood
182	2022-09-18	881218	17:00:00	Pedestrian	1	NA	FALSE	FALSE	1	FARMINGTON AVE	ROSARIO DR	2022-09-18	Two-Way , Not Divided	Dry	Daylight	Clear	Not a Collision Between Two Motor Vehicles in Transport	No	No Controls	3	1	Non-Incapacitating	NA	41.80603	-71.46136	FALSE	FALSE	Farmington Ave and Rosario Dr, Providence, RI, USA	Med High	Raw	NA	FALSE	41.80603	-71.46136	2022	September	Silver Lake
181	2022-09-22	881334	14:22:00	Pedestrian	1	NA	FALSE	FALSE	1	BROAD ST	GALLUP ST	2022-09-22	Two-Way , Not Divided	Wet	Daylight	Rain	Not a Collision Between Two Motor Vehicles in Transport	No	Pavement Markings	3	1	Pain Reported	NA	41.79929	-71.41603	FALSE	FALSE	Broad Street and Gallup Street, Providence, RI, USA	Med	Raw	NA	FALSE	41.79929	-71.41603	2022	September	Elmwood
180	2022-09-24	881411	21:16:00	Pedestrian	1	NA	FALSE	FALSE	1	ELMWOOD AVE.	DABOLL ST	2022-09-25	Two-Way , Not Divided	Dry	Dark - Lighted	Clear	Not a Collision Between Two Motor Vehicles in Transport	Yes	No Controls	3	1	Incapacitating	NA	41.80424	-71.42553	FALSE	FALSE	Elmwood Ave. and Daboll Street, Providence, RI, USA	Med High	Raw	NA	FALSE	41.80424	-71.42553	2022	September	West End
179	2022-09-27	881590	17:45:00	Bicycle	NA	NA	FALSE	FALSE	2	South Water St	Dollar St	2022-09-30	One-Way Trafficway	Dry	Dusk	Clear	Sideswipe, Same Direction	Yes	No Controls	2	0	No Injury	NA	NA	NA	FALSE	FALSE	South Water Street and Dollar Street, Providence, RI, USA	Med High	Geocoded	raw coords null but geocoded coords found	TRUE	41.8194222	-71.4030998	2022	September	Fox Point
178	2022-09-28	881521	07:07:00	Bicycle	NA	1	FALSE	FALSE	1	CHARLES ST	W RIVER ST	2022-09-28	Two-Way , Not Divided	Dry	Daylight	Clear	Not a Collision Between Two Motor Vehicles in Transport	No	No Controls	3	1	Pain Reported	NA	41.8401	-71.41707	FALSE	FALSE	Charles Street and W River Street, Providence, RI, USA	Med	Raw	NA	FALSE	41.8401	-71.41707	2022	September	Smith Hill
176	2022-09-30	881608	22:15:00	Pedestrian	1	NA	FALSE	FALSE	1	North Main Street	Hewes Street	2022-09-30	Two-Way, Divided, Positive Median Barrier	Dry	Dark - Lighted	Clear	Not a Collision Between Two Motor Vehicles in Transport	No	No Controls	3	1	Incapacitating	NA	41.83663	-71.40992	FALSE	FALSE	North Main Street and Hewes Street, Providence, RI, USA	Med	Raw	NA	FALSE	41.83663	-71.40992	2022	September	College Hill
174	2022-10-03	882680	08:57:00	Other	NA	1	TRUE	FALSE	1	PEACE ST	BUCKLIN ST	2022-10-03	Two-Way , Not Divided	Dry	Daylight	Clear	Not a Collision Between Two Motor Vehicles in Transport	No	No Controls	2	0	No Injury	NA	41.80652	-71.42783	FALSE	FALSE	Peace Street and Bucklin Street, Providence, RI, USA	Med High	Raw	NA	FALSE	41.80652	-71.42783	2022	October	West End
175	2022-10-03	882694	14:35:00	Pedestrian	1	NA	TRUE	FALSE	1	SMITHFIELD AVE	I95N RAMP	2022-10-03	Two-Way , Not Divided	Dry	Daylight	Cloudy	Not a Collision Between Two Motor Vehicles in Transport	No	No Controls	3	1	Non-Incapacitating	NA	41.85501	-71.40489	FALSE	FALSE	Smithfield Ave and I95n Ramp, Providence, RI, USA	Med High	Raw	distance greater than 100m	TRUE	41.85501	-71.40489	2022	October	Hope
173	2022-10-04	882738	12:30:00	Bicycle	NA	1	FALSE	FALSE	1	WASHINGTON ST	EMPIRE ST	2022-10-04	Two-Way , Not Divided	Dry	Daylight	Cloudy	Not a Collision Between Two Motor Vehicles in Transport	No	Traffic Control Signal	3	1	Pain Reported	NA	41.82182	-71.41645	FALSE	FALSE	Washington Street and Empire Street, Providence, RI, USA	Med	Raw	NA	FALSE	41.82182	-71.41645	2022	October	Downtown
172	2022-10-05	882783	20:40:00	Pedestrian	1	NA	FALSE	FALSE	1	Memorial Blvd	STEEPLE ST	2022-10-05	Two-Way, Divided, Positive Median Barrier	Wet	Dark - Lighted	Rain	Not a Collision Between Two Motor Vehicles in Transport	Yes	Traffic Control Signal	1	1	Pain Reported	NA	41.82677	-71.41063	FALSE	FALSE	Memorial Blvd and Steeple Street, Providence, RI, USA	Med	Raw	distance greater than 100m	TRUE	41.82677	-71.41063	2022	October	Downtown
171	2022-10-06	882795	23:23:00	Pedestrian	1	NA	FALSE	FALSE	1	NORTH MAIN ST	N MAIN ST	2022-10-06	Two-Way, Divided, Positive Median Barrier	Dry	Daylight	Clear	Not a Collision Between Two Motor Vehicles in Transport	No	Pavement Markings	3	1	Pain Reported	NA	41.83744	-71.40942	FALSE	FALSE	North Main Street and N Main Street, Providence, RI, USA	Med High	Raw	distance greater than 100m	TRUE	41.83744	-71.40942	2022	October	College Hill
169	2022-10-07	882850	15:00:00	Pedestrian	1	NA	FALSE	FALSE	1	Westminster St.	BARTON ST	2022-10-07	Two-Way , Not Divided	Dry	Daylight	Clear	Not a Collision Between Two Motor Vehicles in Transport	No	Traffic Control Signal	2	1	Non-Incapacitating	NA	41.81594	-71.43642	FALSE	FALSE	Westminster St. and Barton Street, Providence, RI, USA	Med High	Raw	NA	FALSE	41.81594	-71.43642	2022	October	West End
170	2022-10-07	882857	15:12:00	Bicycle	NA	1	FALSE	FALSE	1	HARTFORD AVE	HARTFORD AVE	2022-10-07	Two-Way , Not Divided	Dry	Daylight	Clear	Not a Collision Between Two Motor Vehicles in Transport	Yes	Unknown	1	1	Pain Reported	NA	41.81838	-71.45754	FALSE	FALSE	Hartford Ave and Hartford Ave, Providence, RI, USA	Med	Raw	distance greater than 100m	TRUE	41.81838	-71.45754	2022	October	Hartford
167	2022-10-10	882948	18:30:00	Pedestrian	1	NA	FALSE	TRUE	1	EDDY ST	BLACKSTONE STREET	2022-10-10	Two-Way , Not Divided	Dry	Dark - Not Lighted	Clear	Not a Collision Between Two Motor Vehicles in Transport	No	No Controls	4	1	Pain Reported	NA	41.81042	-71.40721	FALSE	FALSE	Eddy Street and Blackstone Street, Providence, RI, USA	Med High	Raw	NA	FALSE	41.81042	-71.40721	2022	October	Upper South Providence
168	2022-10-10	882951	21:07:00	Pedestrian	1	NA	FALSE	FALSE	1	CRANSTON ST	ANTHONY AVE	2022-10-10	Two-Way , Not Divided	Dry	Dark - Lighted	Clear	Not a Collision Between Two Motor Vehicles in Transport	Yes	No Controls	2	1	Incapacitating	NA	41.80435	-71.43856	FALSE	FALSE	Cranston Street and Anthony Ave, Providence, RI, USA	Med High	Raw	NA	FALSE	41.80435	-71.43856	2022	October	West End
164	2022-10-12	883013	22:58:00	Pedestrian	1	NA	TRUE	FALSE	1	Broadway	SUTTON ST	2022-10-12	Two-Way , Not Divided	Dry	Dark - Lighted	Clear	Not a Collision Between Two Motor Vehicles in Transport	No	Stop Signs	3	1	Pain Reported	NA	41.82027	-71.42736	FALSE	FALSE	Broadway and Sutton Street, Providence, RI, USA	Med	Raw	distance greater than 100m	TRUE	41.82027	-71.42736	2022	October	Federal Hill
165	2022-10-12	882989	09:19:00	Pedestrian	1	NA	FALSE	FALSE	1	ROCHAMBEAU AVE	ELMGROVE AVE	2022-10-12	Two-Way , Not Divided	Dry	Daylight	Clear	Not a Collision Between Two Motor Vehicles in Transport	No	Stop Signs	3	1	Pain Reported	NA	41.84657	-71.39126	FALSE	FALSE	Rochambeau Ave and Elmgrove Ave, Providence, RI, USA	Med High	Raw	NA	FALSE	41.84657	-71.39126	2022	October	Blackstone
166	2022-10-12	882991	22:23:00	Pedestrian	1	NA	TRUE	FALSE	1	FONES ALY	BROOK ST	2022-10-12	Two-Way , Not Divided	Dry	Daylight	Clear	Not a Collision Between Two Motor Vehicles in Transport	No	Pavement Markings	3	1	Pain Reported	NA	41.8278	-71.3994	FALSE	FALSE	Fones Aly and Brook Street, Providence, RI, USA	Med High	Raw	NA	FALSE	41.8278	-71.3994	2022	October	College Hill
163	2022-10-14	883066	12:16:00	Pedestrian	1	NA	FALSE	FALSE	1	GANO ST	I 195 E	2022-10-14	Two-Way , Not Divided	Dry	Daylight	Clear	Not a Collision Between Two Motor Vehicles in Transport	No	No Controls	2	1	Pain Reported	2	41.81906	-71.38931	FALSE	FALSE	Gano Street and I 195 E, Providence, RI, USA	Med High	Raw	distance greater than 100m	TRUE	41.81906	-71.38931	2022	October	Fox Point
162	2022-10-16	883174	19:01:00	Bicycle	1	NA	FALSE	FALSE	1	GlOSSOP STREET	WOONASQUATUCKET AVENUE	2022-10-16	Two-Way , Not Divided	Dry	Dark - Not Lighted	Clear	Not a Collision Between Two Motor Vehicles in Transport	No	No Controls	3	1	Non-Incapacitating	NA	NA	NA	FALSE	FALSE	Glossop Street and Woonasquatucket Avenue, Providence, RI, USA	Med High	Geocoded	raw coords null but geocoded coords found	TRUE	41.8376124	-71.4704512	2022	October	Manton
159	2022-10-18	883218	07:32:00	Bicycle	NA	1	FALSE	FALSE	1	Cranston St	DEXTER ST	2022-10-18	Two-Way, Divided, Positive Median Barrier	Dry	Daylight	Clear	Not a Collision Between Two Motor Vehicles in Transport	No	Unknown	3	1	Pain Reported	NA	41.8126	-71.42959	FALSE	FALSE	Cranston Street and Dexter Street, Providence, RI, USA	Med High	Raw	NA	FALSE	41.8126	-71.42959	2022	October	West End
160	2022-10-18	883237	18:40:00	Bicycle	NA	1	FALSE	FALSE	1	MEMORIAL BLVD.	EXIT 22A  (RT )	2022-10-18	Two-Way , Not Divided	Dry	Dark - Lighted	Clear	Not a Collision Between Two Motor Vehicles in Transport	No	Traffic Control Signal	5	1	Non-Incapacitating	NA	41.82578	-71.41523	FALSE	FALSE	Memorial Blvd. and Exit 22a  (Rt ), Providence, RI, USA	Med	Raw	distance greater than 100m	TRUE	41.82578	-71.41523	2022	October	Downtown
161	2022-10-18	883238	15:42:00	Pedestrian	1	NA	FALSE	FALSE	1	SABIN ST	SABIN ST	2022-10-18	One-Way Trafficway	Dry	Daylight	Clear	Other	No	Pavement Markings	4	1	Incapacitating	NA	41.82429	-71.41593	FALSE	FALSE	Sabin Street and Sabin Street, Providence, RI, USA	Med	Raw	NA	FALSE	41.82429	-71.41593	2022	October	Downtown
157	2022-10-19	883240	08:49:00	Pedestrian	1	NA	FALSE	FALSE	1	N MAIN ST	ROCHAMBEAU AVE	2022-10-19	Two-Way, Divided, Positive Median Barrier	Dry	Daylight	Clear	Not a Collision Between Two Motor Vehicles in Transport	Yes	Traffic Control Signal	1	1	Pain Reported	NA	41.84676	-71.40505	FALSE	FALSE	N Main Street and Rochambeau Ave, Providence, RI, USA	Med	Raw	NA	FALSE	41.84676	-71.40505	2022	October	Mount Hope
158	2022-10-19	883254	20:00:00	Pedestrian	1	NA	FALSE	FALSE	1	LAUREL AVE	COLE AVE	2022-10-19	Two-Way, Divided, Unprotected (painted>4feet) Medium	Dry	Dark - Lighted	Clear	Not a Collision Between Two Motor Vehicles in Transport	No	Pavement Markings	3	1	Pain Reported	NA	41.83784	-71.38817	FALSE	FALSE	Laurel Ave and Cole Ave, Providence, RI, USA	Med High	Raw	NA	FALSE	41.83784	-71.38817	2022	October	Blackstone
156	2022-10-21	883301	07:38:00	Bicycle	NA	1	FALSE	FALSE	1	PUBLIC ST	BROAD ST	2022-10-21	Two-Way , Not Divided	Dry	Daylight	Clear	Not a Collision Between Two Motor Vehicles in Transport	No	No Controls	2	1	Pain Reported	NA	41.80435	-71.41953	FALSE	FALSE	Public Street and Broad Street, Providence, RI, USA	Med High	Raw	NA	FALSE	41.80435	-71.41953	2022	October	Elmwood
154	2022-10-22	883347	09:54:00	Pedestrian	1	NA	FALSE	FALSE	1	PRESIDENT AVE	COLE AVE	2022-10-22	Two-Way , Not Divided	Dry	Daylight	Clear	Not a Collision Between Two Motor Vehicles in Transport	No	Stop Signs	2	1	Pain Reported	NA	41.83598	-71.38729	FALSE	FALSE	President Ave and Cole Ave, Providence, RI, USA	Med High	Raw	NA	FALSE	41.83598	-71.38729	2022	October	Blackstone
155	2022-10-22	883356	19:05:00	Pedestrian	1	NA	FALSE	FALSE	1	POTTERS AVE	ELMWOOD AVE	2022-10-22	Two-Way , Not Divided	Dry	Dark - Lighted	Clear	Not a Collision Between Two Motor Vehicles in Transport	Yes	Flashing Traffic Control Signal	1	1	Non-Incapacitating	NA	41.80151	-71.42635	FALSE	FALSE	Potters Ave and Elmwood Ave, Providence, RI, USA	Med High	Raw	NA	FALSE	41.80151	-71.42635	2022	October	West End
150	2022-10-25	884410	08:33:00	Pedestrian	1	NA	FALSE	FALSE	1	280 BROAD ST	280 BROAD ST	2022-10-25	Two-Way, Divided, Unprotected (painted>4feet) Medium	Wet	Daylight	Cloudy	Not a Collision Between Two Motor Vehicles in Transport	No	Yield Signs	3	1	Pain Reported	NA	41.81415	-71.4213	TRUE	FALSE	280 Broad Street, Providence, RI, USA	High	Neither	distance greater than 100m	TRUE	41.815129	-71.42077	2022	October	West End
151	2022-10-25	884442	18:00:00	Pedestrian	1	NA	FALSE	FALSE	1	STEWART ST.	BROAD ST	2022-10-25	Two-Way , Not Divided	Wet	Dark - Lighted	Rain	Not a Collision Between Two Motor Vehicles in Transport	No	Traffic Control Signal	2	1	Pain Reported	NA	41.81689	-71.41793	FALSE	FALSE	Stewart St. and Broad Street, Providence, RI, USA	Med	Raw	NA	FALSE	41.81689	-71.41793	2022	October	Upper South Providence
152	2022-10-25	884443	18:19:00	Pedestrian	1	NA	FALSE	FALSE	1	COURTLAND ST.	PENN ST	2022-10-25	Two-Way , Not Divided	Wet	Dark - Lighted	Rain	Not a Collision Between Two Motor Vehicles in Transport	Yes	No Controls	1	1	Pain Reported	NA	41.82133	-71.43206	FALSE	FALSE	Courtland St. and Penn Street, Providence, RI, USA	Med High	Raw	NA	FALSE	41.82133	-71.43206	2022	October	Federal Hill
153	2022-10-25	884447	20:38:00	Pedestrian	1	NA	FALSE	FALSE	1	BROAD ST	FRICKER ST	2022-10-25	Two-Way , Not Divided	Wet	Dark - Not Lighted	Rain	Not a Collision Between Two Motor Vehicles in Transport	No	No Controls	3	1	Pain Reported	NA	41.81527	-71.42067	FALSE	FALSE	Broad Street and Fricker Street, Providence, RI, USA	Med	Raw	NA	FALSE	41.81527	-71.42067	2022	October	West End
149	2022-10-26	884476	17:25:00	Bicycle	1	NA	FALSE	FALSE	1	CRANSTON ST	WESTMINSTER ST	2022-10-26	Two-Way , Not Divided	Dry	Daylight	Cloudy	Not a Collision Between Two Motor Vehicles in Transport	Yes	No Controls	2	0	No Injury	NA	41.81765	-71.4214	FALSE	FALSE	Cranston Street and Westminster Street, Providence, RI, USA	Med High	Raw	NA	FALSE	41.81765	-71.4214	2022	October	Federal Hill
146	2022-10-27	884501	10:49:00	Pedestrian	1	NA	FALSE	FALSE	1	GANO ST	GANO ST EXIT	2022-10-27	Two-Way , Not Divided	Dry	Daylight	Clear	Not a Collision Between Two Motor Vehicles in Transport	No	Pavement Markings	2	1	Pain Reported	NA	41.82112	-71.38967	FALSE	FALSE	Gano Street and Gano St Exit, Providence, RI, USA	Med	Raw	distance greater than 100m	TRUE	41.82112	-71.38967	2022	October	Fox Point
147	2022-10-27	884511	14:48:00	Pedestrian	1	NA	FALSE	FALSE	1	EXCHANGE TERRACE	FRANCIS ST	2022-10-27	Two-Way , Not Divided	Dry	Daylight	Clear	Not a Collision Between Two Motor Vehicles in Transport	Yes	Traffic Control Signal	1	0	No Injury	NA	41.82503	-71.4148	FALSE	FALSE	Exchange Terrace and Francis Street, Providence, RI, USA	Med High	Raw	NA	FALSE	41.82503	-71.4148	2022	October	Downtown
148	2022-10-27	884527	22:13:00	Pedestrian	1	NA	FALSE	FALSE	1	POTTERS AVE	MELROSE ST	2022-10-27	Two-Way , Not Divided	Dry	Dark - Lighted	Clear	Not a Collision Between Two Motor Vehicles in Transport	Yes	No Controls	2	1	Non-Incapacitating	NA	41.80153	-71.42413	FALSE	FALSE	Potters Ave and Melrose Street, Providence, RI, USA	Med High	Raw	NA	FALSE	41.80153	-71.42413	2022	October	Elmwood
145	2022-10-29	884617	18:26:00	Pedestrian	1	NA	FALSE	FALSE	1	BROADWAY	KNIGHT ST	2022-10-29	Two-Way , Not Divided	Dry	Dark - Lighted	Clear	Not a Collision Between Two Motor Vehicles in Transport	No	Traffic Control Signal	2	1	Non-Incapacitating	NA	41.81979	-71.42939	FALSE	FALSE	Broadway and Knight Street, Providence, RI, USA	Med	Raw	NA	FALSE	41.81979	-71.42939	2022	October	Federal Hill
143	2022-10-30	884622	00:07:00	Pedestrian	1	NA	FALSE	FALSE	1	MEMORIAL BLVD	STEEPLE ST	2022-10-30	Two-Way, Divided, Positive Median Barrier	Dry	Dark - Lighted	Clear	Not a Collision Between Two Motor Vehicles in Transport	No	Traffic Control Signal	3	1	Pain Reported	NA	41.82677	-71.41063	FALSE	FALSE	Memorial Blvd and Steeple Street, Providence, RI, USA	Med	Raw	distance greater than 100m	TRUE	41.82677	-71.41063	2022	October	Downtown
144	2022-10-30	884649	19:48:00	Pedestrian	1	NA	FALSE	FALSE	1	130 SMART ST	JOB ST	2022-10-30	Two-Way , Not Divided	Dry	Dark - Lighted	Clear	Not a Collision Between Two Motor Vehicles in Transport	No	No Controls	6	1	Fatal	NA	41.85674	-71.41524	TRUE	FALSE	130 Smart Street, Providence, RI, USA	High	Geocoded	distance greater than 100m	TRUE	41.8576398	-71.4148849	2022	October	Charles
140	2022-11-03	884795	13:49:00	Pedestrian	3	NA	FALSE	FALSE	1	OVERHILL RD	LORIMER AVE	2022-11-03	Two-Way , Not Divided	Dry	Daylight	Clear	Not a Collision Between Two Motor Vehicles in Transport	No	No Controls	4	3	Pain Reported	NA	41.85052	-71.39152	FALSE	FALSE	Overhill Rd and Lorimer Ave, Providence, RI, USA	Med High	Raw	NA	FALSE	41.85052	-71.39152	2022	November	Blackstone
141	2022-11-03	884810	18:03:00	Bicycle	NA	1	FALSE	FALSE	1	HOPE ST	CYPRESS ST	2022-11-03	Two-Way , Not Divided	Dry	Dark - Lighted	Clear	Angle - Direction Not Specified	No	Traffic Control Signal	3	1	Pain Reported	NA	41.84098	-71.39901	FALSE	FALSE	Hope Street and Cypress Street, Providence, RI, USA	Med High	Raw	NA	FALSE	41.84098	-71.39901	2022	November	Mount Hope
142	2022-11-03	884819	18:30:00	Other	NA	NA	TRUE	FALSE	2	Public Street	PRAIRIE AVE	2022-11-03	Two-Way , Not Divided	Dry	Dark - Lighted	Clear	Angle (Front - to - Side) Right Angle (Includes Broadside)	No	Traffic Control Signal	3	1	Pain Reported	NA	41.80556	-71.41481	FALSE	FALSE	Public Street and Prairie Ave, Providence, RI, USA	Med High	Raw	NA	FALSE	41.80556	-71.41481	2022	November	Upper South Providence
139	2022-11-04	884850	13:45:00	Pedestrian	1	NA	FALSE	FALSE	1	BROAD ST	CAHIR ST	2022-11-04	Two-Way , Not Divided	Dry	Daylight	Clear	Not a Collision Between Two Motor Vehicles in Transport	Yes	Traffic Control Signal	1	1	Pain Reported	2	41.81692	-71.41795	FALSE	FALSE	Broad Street and Cahir Street, Providence, RI, USA	Med	Raw	NA	FALSE	41.81692	-71.41795	2022	November	Upper South Providence
138	2022-11-05	884960	20:21:00	Pedestrian	1	NA	FALSE	FALSE	1	Elmwood Ave	ATLANTIC AVE	2022-11-05	Two-Way, Divided, Positive Median Barrier	Dry	Dark - Lighted	Clear	Not a Collision Between Two Motor Vehicles in Transport	No	No Controls	2	1	Pain Reported	NA	41.79641	-71.4254	FALSE	FALSE	Elmwood Ave and Atlantic Ave, Providence, RI, USA	Med High	Raw	NA	FALSE	41.79641	-71.4254	2022	November	Elmwood
135	2022-11-08	885058	09:46:00	Pedestrian	1	NA	FALSE	FALSE	1	WAYLAND AVE	ORCHARD AVE	2022-11-08	Two-Way , Not Divided	Dry	Daylight	Clear	Not a Collision Between Two Motor Vehicles in Transport	No	No Controls	2	1	Pain Reported	NA	41.83124	-71.38813	FALSE	FALSE	Wayland Ave and Orchard Ave, Providence, RI, USA	Med High	Raw	NA	FALSE	41.83124	-71.38813	2022	November	Wayland
133	2022-11-09	885117	12:57:00	Pedestrian	1	NA	FALSE	FALSE	1	FOUNTAIN ST	DORRANCE ST	2022-11-09	Two-Way , Not Divided	Dry	Daylight	Clear	Not a Collision Between Two Motor Vehicles in Transport	No	Traffic Control Signal	5	1	Pain Reported	2	41.82479	-71.41468	FALSE	FALSE	Fountain Street and Dorrance Street, Providence, RI, USA	Med High	Raw	NA	FALSE	41.82479	-71.41468	2022	November	Downtown
134	2022-11-09	885120	14:30:00	Pedestrian	1	NA	FALSE	FALSE	1	CRANSTON ST	MESSER ST	2022-11-09	Two-Way , Not Divided	Dry	Daylight	Clear	Not a Collision Between Two Motor Vehicles in Transport	No	No Controls	3	1	Pain Reported	NA	41.80963	-71.43345	FALSE	FALSE	Cranston Street and Messer Street, Providence, RI, USA	Med High	Raw	NA	FALSE	41.80963	-71.43345	2022	November	West End
129	2022-11-10	885144	08:32:00	Pedestrian	1	NA	FALSE	FALSE	1	POTTERS AVE	DEXTER ST	2022-11-10	Two-Way , Not Divided	Dry	Daylight	Clear	Not a Collision Between Two Motor Vehicles in Transport	No	Stop Signs	2	1	Pain Reported	NA	41.8025	-71.43064	FALSE	FALSE	Potters Ave and Dexter Street, Providence, RI, USA	Med High	Raw	NA	FALSE	41.8025	-71.43064	2022	November	West End
130	2022-11-10	885155	14:58:00	Pedestrian	1	NA	FALSE	FALSE	1	CRANSTON ST	DEXTER ST	2022-11-10	Two-Way , Not Divided	Dry	Daylight	Clear	Not a Collision Between Two Motor Vehicles in Transport	No	Traffic Control Signal	3	1	Pain Reported	NA	41.8126	-71.42959	FALSE	FALSE	Cranston Street and Dexter Street, Providence, RI, USA	Med High	Raw	NA	FALSE	41.8126	-71.42959	2022	November	West End
132	2022-11-10	885174	17:19:00	Pedestrian	1	NA	FALSE	FALSE	1	Doyle Avenue	CAMP ST	2022-11-10	Two-Way , Not Divided	Dry	Dark - Lighted	Clear	Other	No	No Controls	3	1	Fatal	NA	41.83878	-71.40297	FALSE	FALSE	Doyle Avenue and Camp Street, Providence, RI, USA	Med High	Raw	distance greater than 100m	TRUE	41.83878	-71.40297	2022	November	Mount Hope
127	2022-11-11	885207	21:36:00	Pedestrian	1	NA	TRUE	FALSE	1	OLNEY ST	BROWN ST	2022-11-11	Two-Way , Not Divided	Wet	Dark - Unknown Lighting	Rain	Other	No	No Controls	2	1	Pain Reported	NA	41.8356	-71.40546	FALSE	FALSE	Olney Street and Brown Street, Providence, RI, USA	Med High	Raw	NA	FALSE	41.8356	-71.40546	2022	November	College Hill
128	2022-11-11	885247	18:40:00	Bicycle	NA	2	FALSE	FALSE	1	WASHINGTON ST	DORRANCE ST	2022-11-12	Two-Way , Not Divided	Dry	Dark - Lighted	Clear	Other	No	No Controls	2	2	Pain Reported	NA	41.82445	-71.41277	FALSE	FALSE	Washington Street and Dorrance Street, Providence, RI, USA	Med High	Raw	NA	FALSE	41.82445	-71.41277	2022	November	Downtown
126	2022-11-13	885268	17:38:00	Pedestrian	1	NA	FALSE	FALSE	1	EMMETT ST	PLAIN ST	2022-11-13	Two-Way , Not Divided	Dry	Dark - Lighted	Clear	Not a Collision Between Two Motor Vehicles in Transport	Yes	No Controls	1	1	Pain Reported	NA	41.8144	-71.41271	FALSE	FALSE	Emmett Street and Plain Street, Providence, RI, USA	Med High	Raw	NA	FALSE	41.8144	-71.41271	2022	November	Upper South Providence
123	2022-11-14	885288	06:51:00	Pedestrian	1	NA	FALSE	FALSE	1	SERVICE ROAD 7	BROAD ST	2022-11-14	One-Way Trafficway	Dry	Daylight	Clear	Not a Collision Between Two Motor Vehicles in Transport	No	Traffic Control Signal	2	1	Non-Incapacitating	NA	41.81736	-71.41696	FALSE	FALSE	Service Road 7 and Broad Street, Providence, RI, USA	Med High	Raw	NA	FALSE	41.81736	-71.41696	2022	November	Upper South Providence
124	2022-11-14	885305	15:16:00	Pedestrian	1	NA	FALSE	FALSE	1	Geneva Street	ALTON ST	2022-11-14	Two-Way , Not Divided	Dry	Daylight	Clear	Unknown	Yes	No Controls	1	1	Pain Reported	NA	41.83097	-71.44071	FALSE	FALSE	Geneva Street and Alton Street, Providence, RI, USA	Med High	Raw	NA	FALSE	41.83097	-71.44071	2022	November	Valley
125	2022-11-14	885308	18:20:00	Pedestrian	1	NA	FALSE	FALSE	1	ELMWOOD AVE	BURNETT ST	2022-11-14	Two-Way , Not Divided	Dry	Dark - Lighted	Clear	Not a Collision Between Two Motor Vehicles in Transport	Yes	No Controls	1	1	Pain Reported	NA	41.80325	-71.4258	FALSE	FALSE	Elmwood Ave and Burnett Street, Providence, RI, USA	Med High	Raw	NA	FALSE	41.80325	-71.4258	2022	November	West End
118	2022-11-15	885332	07:44:00	Pedestrian	1	NA	FALSE	FALSE	1	ELMWOOD AVE	POTTERS AVE	2022-11-15	Two-Way , Not Divided	Dry	Daylight	Clear	Not a Collision Between Two Motor Vehicles in Transport	No	Traffic Control Signal	3	1	Pain Reported	NA	41.80151	-71.42635	FALSE	FALSE	Elmwood Ave and Potters Ave, Providence, RI, USA	Med High	Raw	NA	FALSE	41.80151	-71.42635	2022	November	West End
119	2022-11-15	885354	14:57:00	Bicycle	NA	1	FALSE	FALSE	1	COOKE ST	MANNING ST	2022-11-15	Two-Way , Not Divided	Dry	Daylight	Cloudy	Not a Collision Between Two Motor Vehicles in Transport	No	Stop Signs	2	1	Pain Reported	NA	41.8268	-71.39544	FALSE	FALSE	Cooke Street and Manning Street, Providence, RI, USA	Med High	Raw	NA	FALSE	41.8268	-71.39544	2022	November	College Hill
120	2022-11-15	885364	17:07:00	Other	NA	NA	TRUE	FALSE	1	BROAD ST	ELMWOOD AVENUE	2022-11-15	Two-Way, Divided, Positive Median Barrier	Dry	Dark - Lighted	Clear	Not a Collision Between Two Motor Vehicles in Transport	No	Traffic Control Signal	5	1	Pain Reported	NA	41.81279	-71.42193	FALSE	FALSE	Broad Street and Elmwood Avenue, Providence, RI, USA	Med	Raw	NA	FALSE	41.81279	-71.42193	2022	November	West End
121	2022-11-15	885373	21:15:00	Bicycle	NA	1	FALSE	FALSE	1	CHARLES ST	W RIVER ST	2022-11-15	Two-Way , Not Divided	Dry	Dark - Lighted	Clear	Not a Collision Between Two Motor Vehicles in Transport	No	Stop Signs	2	1	Pain Reported	NA	41.83961	-71.41638	FALSE	FALSE	Charles Street and W River Street, Providence, RI, USA	Med	Raw	NA	FALSE	41.83961	-71.41638	2022	November	Mount Hope