row_number	crash_date	crash_report_id	crash_time	collision_type	count_pedestrian	count_bicycle	scooter	wheel_chair	number_of_vehicles	street_or_highway	nearest_intersection	report_date	type_of_roadway	road_surface_condition	light_condition	weather_condition	manner_of_impact	hit_and_run	traffic_control	person_count	injury_count	most_serious_injury	number_of_lanes	lat_raw	lon_raw	has_st_number	is_intersection_null	address_sent_to_geocoder	api_coord_conf	best_coordinate_set	reason_for_qa	manually_qaed_record	final_lat	final_lon	year	month	pvd_nhood
206	2023-11-09	904895	16:52:00	Pedestrian	1	NA	FALSE	FALSE	1	CRANSTON ST	BENEDICT ST	2023-11-09	Two-Way , Not Divided	Dry	Dusk	Clear	Not a Collision Between Two Motor Vehicles in Transport	No	No Controls	3	1	Pain Reported	NA	41.80547	-71.43723	FALSE	FALSE	Cranston Street and Benedict Street, Providence, RI, USA	NA	Raw	NA	FALSE	41.80547	-71.43723	2023	November	West End
207	2023-11-13	905008	20:02:00	Bicycle	NA	1	FALSE	FALSE	1	280 BROAD STREET	PEARL ST	2023-11-13	Two-Way , Not Divided	Dry	Dark - Lighted	Clear	Not a Collision Between Two Motor Vehicles in Transport	No	No Controls	2	1	Incapacitating	NA	41.81487	-71.42089	TRUE	FALSE	280 Broad Street, Providence, RI, USA	NA	Raw	NA	FALSE	41.81487	-71.42089	2023	November	West End
208	2023-11-16	905068	12:27:00	Bicycle	1	NA	FALSE	FALSE	1	BROAD ST	MONTGOMERY AVE	2023-11-16	Two-Way , Not Divided	Dry	Daylight	Clear	Not a Collision Between Two Motor Vehicles in Transport	No	Pavement Markings	2	1	Pain Reported	NA	41.78591	-71.40167	FALSE	FALSE	Broad Street and Montgomery Ave, Providence, RI, USA	NA	Raw	NA	FALSE	41.78591	-71.40167	2023	November	NA
209	2023-11-20	906193	17:27:00	Pedestrian	1	NA	FALSE	FALSE	1	BROAD ST	BROAD ST	2023-11-20	Two-Way , Not Divided	Dry	Dark - Lighted	Clear	Not a Collision Between Two Motor Vehicles in Transport	No	Pavement Markings	2	1	Pain Reported	NA	41.80704	-71.42018	FALSE	FALSE	Broad Street and Broad Street, Providence, RI, USA	NA	Raw	distance greater than 100m	TRUE	41.80704	-71.42018	2023	November	Elmwood
210	2023-11-23	906279	17:01:00	Bicycle	NA	NA	FALSE	FALSE	2	South Water St	JAMES ST	2023-11-23	One-Way Trafficway	Dry	Dark - Lighted	Clear	Sideswipe, Same Direction	Yes	No Controls	1	0	No Injury	NA	41.82053	-71.40425	FALSE	FALSE	South Water Street and James Street, Providence, RI, USA	NA	Raw	NA	FALSE	41.82053	-71.40425	2023	November	Downtown
211	2023-11-24	906305	20:55:00	Bicycle	NA	1	FALSE	FALSE	1	Admiral Street	Berkshire Street	2023-11-24	Two-Way , Not Divided	Dry	Dark - Lighted	Clear	Not a Collision Between Two Motor Vehicles in Transport	No	Stop Signs	3	1	Pain Reported	NA	41.84418	-71.42372	FALSE	FALSE	Admiral Street and Berkshire Street, Providence, RI, USA	NA	Raw	NA	FALSE	41.84418	-71.42372	2023	November	Wanskuck
212	2023-11-24	906287	06:05:00	Pedestrian	1	NA	FALSE	FALSE	1	BROADWAY	SUTTON ST	2023-11-24	Two-Way , Not Divided	Dry	Dark - Lighted	Clear	Not a Collision Between Two Motor Vehicles in Transport	Yes	No Controls	1	1	Fatal	NA	41.82021	-71.42762	FALSE	FALSE	Broadway and Sutton Street, Providence, RI, USA	NA	Raw	distance greater than 100m	TRUE	41.82021	-71.42762	2023	November	Federal Hill
213	2023-11-25	906318	15:03:00	Bicycle	NA	1	FALSE	FALSE	1	PLAINFIELD ST	PLAINFIELD ST	2023-11-25	Two-Way , Not Divided	Dry	Daylight	Clear	Not a Collision Between Two Motor Vehicles in Transport	No	Pavement Markings	3	1	Pain Reported	NA	41.81501	-71.44633	FALSE	FALSE	Plainfield Street and Plainfield Street, Providence, RI, USA	NA	Raw	distance greater than 100m	TRUE	41.81501	-71.44633	2023	November	Silver Lake
214	2023-11-30	906463	16:23:00	Other	NA	NA	TRUE	FALSE	1	ALBRO ST	ATWELLS AVE	2023-11-30	One-Way Trafficway	Dry	Daylight	Clear	Not a Collision Between Two Motor Vehicles in Transport	No	No Controls	2	1	Non-Incapacitating	NA	41.82344	-71.42479	FALSE	FALSE	Albro Street and Atwells Ave, Providence, RI, USA	NA	Raw	NA	FALSE	41.82344	-71.42479	2023	November	Federal Hill
215	2023-11-30	906459	17:33:00	Pedestrian	1	NA	FALSE	FALSE	1	DOUGLAS AVENUE	RIVER AVE	2023-11-30	Two-Way, Divided, Unprotected (painted>4feet) Medium	Dry	Dark - Lighted	Clear	Not a Collision Between Two Motor Vehicles in Transport	No	No Controls	2	0	No Injury	NA	41.85288	-71.43734	FALSE	FALSE	Douglas Avenue and River Ave, Providence, RI, USA	NA	Raw	NA	FALSE	41.85288	-71.43734	2023	November	Wanskuck
216	2023-11-30	906467	17:31:00	Bicycle	NA	1	FALSE	FALSE	1	ANGELL ST	BROOK ST	2023-11-30	One-Way Trafficway	Dry	Dark - Unknown Lighting	Clear	Not a Collision Between Two Motor Vehicles in Transport	Yes	Unknown	1	1	Non-Incapacitating	NA	41.82821	-71.39947	FALSE	FALSE	Angell Street and Brook Street, Providence, RI, USA	NA	Raw	NA	FALSE	41.82821	-71.39947	2023	November	College Hill
217	2023-12-01	906506	19:06:00	Bicycle	NA	1	FALSE	FALSE	1	Potters Ave.	CHAMBERS ST	2023-12-01	Two-Way , Not Divided	Dry	Dark - Lighted	Clear	Rear End(Front-to-Rear)	No	No Controls	2	1	Pain Reported	NA	41.80334	-71.43299	FALSE	FALSE	Potters Ave. and Chambers Street, Providence, RI, USA	NA	Raw	NA	FALSE	41.80334	-71.43299	2023	December	West End
218	2023-12-01	906486	08:43:00	Pedestrian	1	NA	FALSE	FALSE	1	350 Plainfield Street	WEBSTER AVE	2023-12-01	Two-Way , Not Divided	Dry	Daylight	Clear	Other	No	No Controls	3	1	Pain Reported	NA	41.81366	-71.45067	TRUE	FALSE	350 Plainfield Street, Providence, RI, USA	NA	Raw	NA	FALSE	41.81366	-71.45067	2023	December	Silver Lake
219	2023-12-01	906500	16:38:00	Pedestrian	1	NA	FALSE	FALSE	1	WASHINGTON ST	SERVICE ROAD 8	2023-12-01	Two-Way , Not Divided	Wet	Dark - Lighted	Clear	Not a Collision Between Two Motor Vehicles in Transport	No	Pavement Markings	3	1	Pain Reported	NA	41.82021	-71.41885	FALSE	FALSE	Washington Street and Service Road 8, Providence, RI, USA	NA	Raw	distance greater than 100m	TRUE	41.82021	-71.41885	2023	December	Downtown
220	2023-12-01	906499	16:14:00	Bicycle	NA	NA	FALSE	FALSE	1	Hartford Ave.	HARTFORD AVE	2023-12-01	Two-Way , Not Divided	Dry	Daylight	Cloudy	Not a Collision Between Two Motor Vehicles in Transport	No	No Controls	3	1	Pain Reported	NA	41.81761	-71.45341	FALSE	FALSE	Hartford Ave. and Hartford Ave, Providence, RI, USA	NA	Raw	distance greater than 100m	TRUE	41.81761	-71.45341	2023	December	Hartford
221	2023-12-03	906558	18:25:00	Pedestrian	1	NA	FALSE	FALSE	1	MEMORIAL BLVD	EXCHANGE ST	2023-12-03	Two-Way, Divided, Positive Median Barrier	Wet	Daylight	Rain	Not a Collision Between Two Motor Vehicles in Transport	No	Pavement Markings	3	1	Pain Reported	NA	41.8269	-71.41213	FALSE	FALSE	Memorial Blvd and Exchange Street, Providence, RI, USA	NA	Raw	NA	FALSE	41.8269	-71.41213	2023	December	Downtown
222	2023-12-03	906571	08:33:00	Pedestrian	1	NA	FALSE	FALSE	1	OAKLAND AVE	PLEASANT VALLEY PKWY	2023-12-04	Two-Way , Not Divided	Wet	Daylight	Clear	Not a Collision Between Two Motor Vehicles in Transport	Yes	Pavement Markings	3	1	Pain Reported	NA	41.83567	-71.43045	FALSE	FALSE	Oakland Ave and Pleasant Valley Pkwy, Providence, RI, USA	NA	Raw	NA	FALSE	41.83567	-71.43045	2023	December	Elmhurst
223	2023-12-05	906609	11:56:00	Bicycle	NA	1	FALSE	FALSE	1	BROAD ST	SOMERSET ST	2023-12-05	Two-Way , Not Divided	Dry	Daylight	Cloudy	Not a Collision Between Two Motor Vehicles in Transport	No	Stop Signs	2	1	Pain Reported	NA	41.81347	-71.42158	FALSE	FALSE	Broad Street and Somerset Street, Providence, RI, USA	NA	Raw	NA	FALSE	41.81347	-71.42158	2023	December	West End
224	2023-12-07	906679	16:20:00	Pedestrian	1	NA	FALSE	FALSE	1	COOKE ST	ANGELL ST	2023-12-07	Two-Way , Not Divided	Dry	Dark - Not Lighted	Clear	Not a Collision Between Two Motor Vehicles in Transport	No	Pavement Markings	3	1	Pain Reported	NA	41.82875	-71.39548	FALSE	FALSE	Cooke Street and Angell Street, Providence, RI, USA	NA	Raw	NA	FALSE	41.82875	-71.39548	2023	December	College Hill
225	2023-12-07	906692	22:31:00	Pedestrian	1	NA	FALSE	FALSE	1	Thayer Street	MEETING ST	2023-12-07	One-Way Trafficway	Dry	Dark - Lighted	Clear	Not a Collision Between Two Motor Vehicles in Transport	Yes	Stop Signs	1	1	Non-Incapacitating	NA	41.829	-71.40077	FALSE	FALSE	Thayer Street and Meeting Street, Providence, RI, USA	NA	Raw	NA	FALSE	41.829	-71.40077	2023	December	College Hill
226	2023-12-08	906720	19:35:00	Pedestrian	1	NA	FALSE	FALSE	1	NORTH MAIN ST	N MAIN ST	2023-12-08	Two-Way, Divided, Positive Median Barrier	Dry	Dark - Lighted	Clear	Not a Collision Between Two Motor Vehicles in Transport	Yes	No Controls	4	1	Pain Reported	NA	41.83921	-71.40904	FALSE	FALSE	North Main Street and N Main Street, Providence, RI, USA	NA	Raw	distance greater than 100m	TRUE	41.83921	-71.40904	2023	December	Mount Hope
227	2023-12-10	906768	20:38:00	Pedestrian	1	NA	FALSE	FALSE	1	PUBLIC ST	BROAD ST	2023-12-10	Two-Way , Not Divided	Wet	Dark - Lighted	Rain	Not a Collision Between Two Motor Vehicles in Transport	Yes	Pavement Markings	1	1	Pain Reported	NA	41.80442	-71.41935	FALSE	FALSE	Public Street and Broad Street, Providence, RI, USA	NA	Raw	NA	FALSE	41.80442	-71.41935	2023	December	Elmwood
228	2023-12-10	906934	01:42:00	Pedestrian	1	NA	FALSE	FALSE	1	valley St	BROADWAY	2023-12-15	Two-Way, Divided, Unprotected (painted>4feet) Medium	Dry	Dark - Lighted	Clear	Not a Collision Between Two Motor Vehicles in Transport	Yes	No Controls	4	1	Pain Reported	NA	41.81703	-71.44096	FALSE	FALSE	Valley Street and Broadway, Providence, RI, USA	NA	Raw	NA	FALSE	41.81703	-71.44096	2023	December	Olneyville
229	2023-12-12	906810	13:19:00	Pedestrian	1	NA	FALSE	FALSE	1	BROAD ST	SERVICE ROAD 7	2023-12-12	One-Way Trafficway	Dry	Daylight	Clear	Not a Collision Between Two Motor Vehicles in Transport	Yes	Traffic Control Signal	1	1	Pain Reported	NA	41.81736	-71.41696	FALSE	FALSE	Broad Street and Service Road 7, Providence, RI, USA	NA	Raw	NA	FALSE	41.81736	-71.41696	2023	December	Upper South Providence
230	2023-12-12	906838	18:37:00	Pedestrian	1	NA	TRUE	FALSE	1	NORTH MAIN ST	N MAIN ST	2023-12-12	Two-Way, Divided, Positive Median Barrier	Dry	Dark - Lighted	Clear	Not a Collision Between Two Motor Vehicles in Transport	No	Pavement Markings	3	1	Non-Incapacitating	NA	41.84578	-71.40564	FALSE	FALSE	North Main Street and N Main Street, Providence, RI, USA	NA	Raw	distance greater than 100m	TRUE	41.84578	-71.40564	2023	December	Mount Hope
231	2023-12-13	906851	08:01:00	Pedestrian	1	NA	FALSE	FALSE	1	W FOUNTAIN ST	DEAN ST	2023-12-13	Two-Way , Not Divided	Dry	Daylight	Clear	Not a Collision Between Two Motor Vehicles in Transport	No	Pavement Markings	2	0	No Injury	NA	41.81929	-71.4212	FALSE	FALSE	W Fountain Street and Dean Street, Providence, RI, USA	NA	Raw	NA	FALSE	41.81929	-71.4212	2023	December	Federal Hill
232	2023-12-14	906883	05:55:00	Bicycle	NA	1	FALSE	FALSE	1	CRANSTON ST	BRIDGHAM ST	2023-12-14	Two-Way , Not Divided	Dry	Dawn	Clear	Not a Collision Between Two Motor Vehicles in Transport	No	Traffic Control Signal	2	1	Pain Reported	NA	41.81396	-71.42694	FALSE	FALSE	Cranston Street and Bridgham Street, Providence, RI, USA	NA	Raw	NA	FALSE	41.81396	-71.42694	2023	December	West End
233	2023-12-15	906967	21:55:00	Pedestrian	1	NA	FALSE	FALSE	1	ATWELLS AVE	KNIGHT ST	2023-12-15	Two-Way , Not Divided	Dry	Dark - Lighted	Clear	Not a Collision Between Two Motor Vehicles in Transport	No	Pavement Markings	2	1	Pain Reported	NA	41.82399	-71.43232	FALSE	FALSE	Atwells Ave and Knight Street, Providence, RI, USA	NA	Raw	NA	FALSE	41.82399	-71.43232	2023	December	Federal Hill
234	2023-12-15	906966	22:02:00	Pedestrian	1	NA	FALSE	FALSE	1	SWAN ST	EDDY ST	2023-12-15	Two-Way , Not Divided	Dry	Dark - Lighted	Clear	Not a Collision Between Two Motor Vehicles in Transport	No	No Controls	2	1	Pain Reported	NA	41.80464	-71.40705	FALSE	FALSE	Swan Street and Eddy Street, Providence, RI, USA	NA	Raw	NA	FALSE	41.80464	-71.40705	2023	December	Lower South Providence
235	2023-12-16	907004	22:57:00	Pedestrian	1	NA	FALSE	FALSE	1	ALLENS AVE	TORONTO AVE	2023-12-17	Two-Way , Not Divided	Dry	Dark - Lighted	Clear	Not a Collision Between Two Motor Vehicles in Transport	Yes	No Controls	5	1	Incapacitating	2	41.79262	-71.39719	FALSE	FALSE	Allens Ave and Toronto Ave, Providence, RI, USA	NA	Raw	NA	FALSE	41.79262	-71.39719	2023	December	Washington Park
236	2023-12-17	907020	18:31:00	Pedestrian	1	NA	FALSE	FALSE	1	BROAD ST.	BROAD ST	2023-12-17	Two-Way , Not Divided	Wet	Dark - Lighted	Rain	Not a Collision Between Two Motor Vehicles in Transport	No	No Controls	3	1	Pain Reported	NA	41.81443	-71.42115	FALSE	FALSE	Broad St. and Broad Street, Providence, RI, USA	NA	Raw	distance greater than 100m	TRUE	41.81443	-71.42115	2023	December	West End
237	2023-12-19	907071	15:22:00	Pedestrian	1	NA	TRUE	FALSE	1	ORMS STREET	BATH STREET	2023-12-19	Two-Way , Not Divided	Dry	Daylight	Clear	Angle (Front - to - Side) Right Angle (Includes Broadside)	Yes	Stop Signs	1	1	Pain Reported	2	NA	NA	FALSE	FALSE	Orms Street and Bath Street, Providence, RI, USA	NA	Geocoded	raw coords null but geocoded coords found	TRUE	41.8332163	-71.42545270000001	2023	December	Smith Hill
238	2023-12-20	907108	18:03:00	Bicycle	NA	1	FALSE	FALSE	1	Broad St.	FRICKER ST	2023-12-20	Two-Way , Not Divided	Dry	Dark - Lighted	Clear	Not a Collision Between Two Motor Vehicles in Transport	No	No Controls	3	1	Pain Reported	NA	41.81485	-71.4209	FALSE	FALSE	Broad St. and Fricker Street, Providence, RI, USA	NA	Raw	NA	FALSE	41.81485	-71.4209	2023	December	West End
239	2023-12-21	907142	20:24:00	Pedestrian	1	NA	FALSE	FALSE	1	PLAINFIELD ST	HARTFORD AVE	2023-12-21	Two-Way , Not Divided	Dry	Dark - Lighted	Clear	Not a Collision Between Two Motor Vehicles in Transport	No	No Controls	2	1	Pain Reported	NA	41.81655	-71.4441	FALSE	FALSE	Plainfield Street and Hartford Ave, Providence, RI, USA	NA	Raw	NA	FALSE	41.81655	-71.4441	2023	December	Olneyville
240	2023-12-23	907172	02:41:00	Pedestrian	1	NA	FALSE	FALSE	1	EXIT 22 (RT 6)	ATWELLS AVE	2023-12-23	One-Way Trafficway	Dry	Dark - Lighted	Clear	Not a Collision Between Two Motor Vehicles in Transport	No	No Controls	5	1	Non-Incapacitating	NA	41.82308	-71.41968	FALSE	FALSE	Exit 22 (Rt 6) and Atwells Ave, Providence, RI, USA	NA	Raw	NA	FALSE	41.82308	-71.41968	2023	December	Federal Hill
241	2023-12-31	907555	23:20:00	Pedestrian	1	NA	FALSE	FALSE	1	Broad St	Aldrich St	2024-01-08	Two-Way , Not Divided	Dry	Dark - Lighted	Clear	Not a Collision Between Two Motor Vehicles in Transport	No	No Controls	2	1	Pain Reported	2	NA	NA	FALSE	FALSE	Broad Street and Aldrich Street, Providence, RI, USA	NA	Geocoded	raw coords null but geocoded coords found	TRUE	41.793628	-71.4089741	2023	December	South Elmwood
242	2023-12-31	907371	19:20:00	Pedestrian	1	NA	FALSE	FALSE	1	N. MAIN ST.	ROCHAMBEAU AVE	2023-12-31	Two-Way , Not Divided	Dry	Dark - Lighted	Clear	Not a Collision Between Two Motor Vehicles in Transport	Yes	Traffic Control Signal	4	1	Fatal	NA	41.84676	-71.40505	FALSE	FALSE	N. Main St. and Rochambeau Ave, Providence, RI, USA	NA	Raw	NA	FALSE	41.84676	-71.40505	2023	December	Mount Hope
1	2024-01-02	907406	15:14:00	Pedestrian	1	NA	FALSE	FALSE	1	95 Manton Ave	CHAFFEE ST	2024-01-02	Two-Way , Not Divided	Dry	Daylight	Clear	Not a Collision Between Two Motor Vehicles in Transport	No	No Controls	2	1	Pain Reported	NA	41.81867	-71.44558	TRUE	FALSE	95 Manton Ave, Providence, RI, USA	NA	Raw	NA	FALSE	41.81867	-71.44558	2024	January	Olneyville
2	2024-01-02	907410	16:02:00	Bicycle	NA	1	TRUE	FALSE	1	BROAD ST	BROAD ST	2024-01-02	Two-Way , Not Divided	Dry	Dusk	Clear	Not a Collision Between Two Motor Vehicles in Transport	No	Pavement Markings	3	1	Pain Reported	NA	41.80153	-71.41838	FALSE	FALSE	Broad Street and Broad Street, Providence, RI, USA	NA	Raw	distance greater than 100m	TRUE	41.80153	-71.41838	2024	January	Elmwood
3	2024-01-03	907421	10:57:00	Bicycle	NA	NA	FALSE	FALSE	2	DOUGLAS AVE	CRIMEA ST	2024-01-03	Two-Way , Not Divided	Dry	Daylight	Clear	Sideswipe, Same Direction	No	Stop Signs	3	0	No Injury	NA	41.83698	-71.42186	FALSE	FALSE	Douglas Ave and Crimea Street, Providence, RI, USA	NA	Raw	NA	FALSE	41.83698	-71.42186	2024	January	Smith Hill
4	2024-01-05	907478	10:00:00	Pedestrian	1	NA	FALSE	FALSE	1	DOYLE AVE	HOPE ST	2024-01-05	Two-Way , Not Divided	Dry	Daylight	Clear	Angle (Front - to - Side) Opposite Direction	Yes	Traffic Control Signal	1	1	Non-Incapacitating	2	41.83877	-71.40017	FALSE	FALSE	Doyle Ave and Hope Street, Providence, RI, USA	NA	Raw	NA	FALSE	41.83877	-71.40017	2024	January	Mount Hope
5	2024-01-05	907489	18:31:00	Pedestrian	1	NA	TRUE	FALSE	1	CHALKSTONE AVE.	ACADEMY AVE	2024-01-05	Two-Way , Not Divided	Dry	Dark - Lighted	Clear	Angle (Front - to - Side) Right Angle (Includes Broadside)	No	No Controls	4	1	Pain Reported	NA	41.83245	-71.44454	FALSE	FALSE	Chalkstone Ave. and Academy Ave, Providence, RI, USA	NA	Raw	NA	FALSE	41.83245	-71.44454	2024	January	Mount Pleasant
6	2024-01-07	907527	14:09:00	Pedestrian	1	NA	FALSE	FALSE	1	PORTLAND ST	BROAD ST	2024-01-07	Two-Way , Not Divided	Snow	Daylight	Snow	Not a Collision Between Two Motor Vehicles in Transport	Yes	No Controls	2	1	Pain Reported	NA	41.81407	-71.42115	FALSE	FALSE	Portland Street and Broad Street, Providence, RI, USA	NA	Raw	NA	FALSE	41.81407	-71.42115	2024	January	West End
7	2024-01-09	907648	16:30:00	Pedestrian	1	NA	FALSE	FALSE	1	BROAD ST	BROAD ST	2024-01-09	Two-Way , Not Divided	Wet	Dark - Lighted	Rain	Not a Collision Between Two Motor Vehicles in Transport	No	No Controls	3	1	Pain Reported	NA	41.81459	-71.42105	FALSE	FALSE	Broad Street and Broad Street, Providence, RI, USA	NA	Raw	distance greater than 100m	TRUE	41.81459	-71.42105	2024	January	West End
8	2024-01-10	907676	18:03:00	Pedestrian	1	NA	TRUE	FALSE	1	WATERMAN ST	HOPE ST	2024-01-10	One-Way Trafficway	Dry	Dark - Lighted	Clear	Not a Collision Between Two Motor Vehicles in Transport	No	Traffic Control Signal	4	1	Pain Reported	NA	41.82758	-71.39723	FALSE	FALSE	Waterman Street and Hope Street, Providence, RI, USA	NA	Raw	NA	FALSE	41.82758	-71.39723	2024	January	College Hill
9	2024-01-11	907707	20:19:00	Pedestrian	1	NA	FALSE	FALSE	1	CARTER ST	ELMWOOD AVE	2024-01-11	Two-Way, Divided, Unprotected (painted>4feet) Medium	Dry	Dark - Lighted	Clear	Not a Collision Between Two Motor Vehicles in Transport	No	No Controls	4	1	Non-Incapacitating	NA	41.8002	-71.42657	FALSE	FALSE	Carter Street and Elmwood Ave, Providence, RI, USA	NA	Raw	NA	FALSE	41.8002	-71.42657	2024	January	West End
10	2024-01-12	907735	17:35:00	Bicycle	NA	1	TRUE	FALSE	1	BROAD ST	VERNDALE AVE	2024-01-12	Two-Way , Not Divided	Dry	Dark - Lighted	Clear	Not a Collision Between Two Motor Vehicles in Transport	No	Pavement Markings	4	1	Pain Reported	NA	41.79178	-71.4067	FALSE	FALSE	Broad Street and Verndale Ave, Providence, RI, USA	NA	Raw	NA	FALSE	41.79178	-71.4067	2024	January	Washington Park
11	2024-01-12	907736	18:44:00	Pedestrian	1	NA	FALSE	FALSE	1	CRANSTON ST	HARRISON ST	2024-01-12	Two-Way , Not Divided	Dry	Dark - Lighted	Clear	Not a Collision Between Two Motor Vehicles in Transport	No	No Controls	3	1	Pain Reported	NA	41.813	-71.42881	FALSE	FALSE	Cranston Street and Harrison Street, Providence, RI, USA	NA	Raw	NA	FALSE	41.813	-71.42881	2024	January	West End
12	2024-01-13	907772	18:22:00	Pedestrian	1	NA	FALSE	FALSE	1	POCASSET AVENUE	BANCROFT ST	2024-01-13	Two-Way , Not Divided	Dry	Dark - Lighted	Clear	Other	No	No Controls	2	0	No Injury	NA	41.81334	-71.44837	FALSE	FALSE	Pocasset Avenue and Bancroft Street, Providence, RI, USA	NA	Raw	NA	FALSE	41.81334	-71.44837	2024	January	Silver Lake
13	2024-01-13	907775	20:49:00	Bicycle	NA	1	FALSE	FALSE	1	Gallup St	GORDON AVE	2024-01-13	Two-Way , Not Divided	Dry	Dark - Lighted	Clear	Not a Collision Between Two Motor Vehicles in Transport	No	Stop Signs	2	1	Non-Incapacitating	NA	41.79971	-71.41403	FALSE	FALSE	Gallup Street and Gordon Ave, Providence, RI, USA	NA	Raw	NA	FALSE	41.79971	-71.41403	2024	January	Lower South Providence
15	2024-01-18	907922	15:19:00	Pedestrian	1	NA	FALSE	FALSE	1	HAWKINS ST	BRANCH AVE	2024-01-18	Two-Way , Not Divided	Dry	Daylight	Clear	Not a Collision Between Two Motor Vehicles in Transport	No	No Controls	4	1	Pain Reported	NA	41.85054	-71.4225	FALSE	FALSE	Hawkins Street and Branch Ave, Providence, RI, USA	NA	Raw	NA	FALSE	41.85054	-71.4225	2024	January	Charles
16	2024-01-18	907929	19:39:00	Pedestrian	1	NA	FALSE	FALSE	1	BROADWAY	MARSHALL ST	2024-01-18	One-Way Trafficway	Ice/Frost	Dark - Lighted	Clear	Not a Collision Between Two Motor Vehicles in Transport	No	No Controls	3	1	Pain Reported	NA	41.81912	-71.43223	FALSE	FALSE	Broadway and Marshall Street, Providence, RI, USA	NA	Raw	NA	FALSE	41.81912	-71.43223	2024	January	Federal Hill
17	2024-01-19	907958	18:04:00	Bicycle	NA	1	FALSE	FALSE	1	VALLEY ST	BARSTOW ST	2024-01-19	Two-Way , Not Divided	Wet	Dark - Lighted	Clear	Angle (Front - to - Side) Right Angle (Includes Broadside)	No	No Controls	3	0	No Injury	NA	41.82427	-71.43955	FALSE	FALSE	Valley Street and Barstow Street, Providence, RI, USA	NA	Raw	NA	FALSE	41.82427	-71.43955	2024	January	Olneyville
18	2024-01-20	907979	14:11:00	Bicycle	NA	NA	FALSE	FALSE	2	CLADRASH'S AVE	MAPLE AVE	2024-01-20	Two-Way , Not Divided	Dry	Daylight	Clear	Angle (Front - to - Side) Right Angle (Includes Broadside)	No	No Controls	3	0	No Injury	NA	41.78404	-71.4123	FALSE	FALSE	Cladrash's Ave and Maple Ave, Providence, RI, USA	NA	Raw	distance greater than 100m	TRUE	41.78404	-71.4123	2024	January	South Elmwood
19	2024-01-20	907985	17:23:00	Pedestrian	1	NA	FALSE	FALSE	1	WATERMAN ST	WAYLAND AVE	2024-01-20	Two-Way , Not Divided	Wet	Dark - Lighted	Snow	Not a Collision Between Two Motor Vehicles in Transport	No	Pavement Markings	3	1	Pain Reported	NA	41.8286	-71.38839	FALSE	FALSE	Waterman Street and Wayland Ave, Providence, RI, USA	NA	Raw	NA	FALSE	41.8286	-71.38839	2024	January	Wayland
20	2024-01-26	908125	08:04:00	Pedestrian	1	NA	TRUE	FALSE	1	GEORGE ST	HOPE ST	2024-01-26	Two-Way , Not Divided	Wet	Daylight	Rain	Not a Collision Between Two Motor Vehicles in Transport	No	Stop Signs	2	0	No Injury	NA	41.82579	-71.39727	FALSE	FALSE	George Street and Hope Street, Providence, RI, USA	NA	Raw	NA	FALSE	41.82579	-71.39727	2024	January	College Hill
21	2024-01-27	908162	13:23:00	Pedestrian	1	NA	FALSE	FALSE	1	POTTERS AVE	ELMWOOD AVE	2024-01-27	Two-Way , Not Divided	Dry	Daylight	Cloudy	Not a Collision Between Two Motor Vehicles in Transport	Yes	No Controls	2	1	Pain Reported	NA	41.80151	-71.42635	FALSE	FALSE	Potters Ave and Elmwood Ave, Providence, RI, USA	NA	Raw	NA	FALSE	41.80151	-71.42635	2024	January	West End
22	2024-01-30	908244	12:30:00	Pedestrian	1	NA	FALSE	FALSE	1	Frienship Street	Hay Street	2024-01-30	One-Way Trafficway	Dry	Daylight	Cloudy	Head-On (Front - to - Front)	No	Pavement Markings	3	1	Pain Reported	NA	NA	NA	FALSE	FALSE	Frienship Street and Hay Street, Providence, RI, USA	NA	Geocoded	raw coords null but geocoded coords found	TRUE	41.8230288	-71.40843869999999	2024	January	Downtown
23	2024-02-02	908300	10:17:00	Pedestrian	1	NA	FALSE	FALSE	1	1303 NORTH MAIN ST	N MAIN ST	2024-02-02	Two-Way, Divided, Positive Median Barrier	Dry	Daylight	Cloudy	Not a Collision Between Two Motor Vehicles in Transport	No	No Controls	2	1	Pain Reported	NA	41.8558	-71.39988	TRUE	FALSE	1303 North Main Street, Providence, RI, USA	NA	Raw	NA	FALSE	41.8558	-71.39988	2024	February	Hope
24	2024-02-03	908339	15:35:00	Pedestrian	1	NA	FALSE	FALSE	1	Cranston St.	BENEDICT ST	2024-02-03	Two-Way , Not Divided	Dry	Daylight	Clear	Not a Collision Between Two Motor Vehicles in Transport	No	No Controls	3	1	Pain Reported	NA	41.8056	-71.43705	FALSE	FALSE	Cranston St. and Benedict Street, Providence, RI, USA	NA	Raw	NA	FALSE	41.8056	-71.43705	2024	February	West End
25	2024-02-03	908342	14:52:00	Pedestrian	1	NA	FALSE	FALSE	1	BUTLER AVE	S ANGELL ST	2024-02-03	One-Way Trafficway	Dry	Daylight	Clear	Not a Collision Between Two Motor Vehicles in Transport	No	Traffic Control Signal	2	1	Pain Reported	NA	41.82947	-71.38504	FALSE	FALSE	Butler Ave and S Angell Street, Providence, RI, USA	NA	Raw	NA	FALSE	41.82947	-71.38504	2024	February	Wayland
26	2024-02-08	908450	17:06:00	Pedestrian	1	NA	FALSE	FALSE	1	PRISCILLA AVE	UNION AVE	2024-02-08	Two-Way , Not Divided	Dry	Dusk	Clear	Not a Collision Between Two Motor Vehicles in Transport	No	No Controls	3	1	Pain Reported	NA	41.80736	-71.44574	FALSE	FALSE	Priscilla Ave and Union Ave, Providence, RI, USA	NA	Raw	NA	FALSE	41.80736	-71.44574	2024	February	Silver Lake