row_number	crash_date	crash_report_id	crash_time	collision_type	count_pedestrian	count_bicycle	scooter	wheel_chair	number_of_vehicles	street_or_highway	nearest_intersection	report_date	type_of_roadway	road_surface_condition	light_condition	weather_condition	manner_of_impact	hit_and_run	traffic_control	person_count	injury_count	most_serious_injury	number_of_lanes	lat_raw	lon_raw	has_st_number	is_intersection_null	address_sent_to_geocoder	api_coord_conf	best_coordinate_set	reason_for_qa	manually_qaed_record	final_lat	final_lon	year	month	pvd_nhood
27	2024-02-09	908480	10:09:00	Pedestrian	1	NA	FALSE	FALSE	1	North Main St	Rochambeau Ave	2024-02-09	Two-Way , Not Divided	Wet	Daylight	Cloudy	Not a Collision Between Two Motor Vehicles in Transport	No	Traffic Control Signal	4	1	Pain Reported	4	NA	NA	FALSE	FALSE	North Main Street and Rochambeau Ave, Providence, RI, USA	NA	Geocoded	raw coords null but geocoded coords found	TRUE	41.8468221	-71.4052146	2024	February	Mount Hope
28	2024-02-09	908511	18:45:00	Pedestrian	1	NA	FALSE	FALSE	1	WATERMAN ST	WAYLAND AVE	2024-02-09	One-Way Trafficway	Dry	Dark - Lighted	Clear	Not a Collision Between Two Motor Vehicles in Transport	No	Traffic Control Signal	3	1	Pain Reported	NA	41.8286	-71.38838	FALSE	FALSE	Waterman Street and Wayland Ave, Providence, RI, USA	NA	Raw	NA	FALSE	41.8286	-71.38838	2024	February	Wayland
29	2024-02-12	908581	17:54:00	Bicycle	NA	1	FALSE	FALSE	1	ELMWOOD AVE	SPOONER ST	2024-02-12	Two-Way , Not Divided	Dry	Dark - Lighted	Clear	Not a Collision Between Two Motor Vehicles in Transport	No	Pavement Markings	3	1	Pain Reported	NA	41.77807	-71.42086	FALSE	FALSE	Elmwood Ave and Spooner Street, Providence, RI, USA	NA	Raw	NA	FALSE	41.77807	-71.42086	2024	February	South Elmwood
30	2024-02-14	908622	13:54:00	Pedestrian	1	NA	FALSE	FALSE	1	ANGELL STREET	ELMGROVE AVE	2024-02-14	One-Way Trafficway	Dry	Daylight	Clear	Other	No	No Controls	4	1	Non-Incapacitating	NA	41.82997	-71.38887	FALSE	FALSE	Angell Street and Elmgrove Ave, Providence, RI, USA	NA	Raw	NA	FALSE	41.82997	-71.38887	2024	February	Wayland
31	2024-02-18	908751	01:40:00	Other	NA	NA	TRUE	FALSE	2	N MAIN ST	CEMETERY ST	2024-02-18	One-Way Trafficway	Dry	Dark - Lighted	Clear	Sideswipe, Same Direction	Yes	No Controls	2	0	No Injury	NA	41.8474	-71.40481	FALSE	FALSE	N Main Street and Cemetery Street, Providence, RI, USA	NA	Geocoded	distance greater than 100m	TRUE	41.849069	-71.4037688	2024	February	Mount Hope
32	2024-02-18	908770	16:40:00	Bicycle	NA	1	FALSE	FALSE	1	WESTMINSTER ST.	MESSER ST	2024-02-18	Two-Way , Not Divided	Dry	Daylight	Clear	Not a Collision Between Two Motor Vehicles in Transport	No	No Controls	3	1	Pain Reported	NA	41.81586	-71.43704	FALSE	FALSE	Westminster St. and Messer Street, Providence, RI, USA	NA	Raw	NA	FALSE	41.81586	-71.43704	2024	February	West End
33	2024-02-19	908787	15:32:00	Pedestrian	1	NA	FALSE	FALSE	1	CLIFF ST	VALLEY ST	2024-02-19	Two-Way , Not Divided	Dry	Daylight	Clear	Not a Collision Between Two Motor Vehicles in Transport	No	No Controls	5	1	Pain Reported	NA	41.82623	-71.43865	FALSE	FALSE	Cliff Street and Valley Street, Providence, RI, USA	NA	Raw	NA	FALSE	41.82623	-71.43865	2024	February	Valley
34	2024-02-19	908791	12:25:00	Pedestrian	1	NA	FALSE	FALSE	1	BROAD ST	WEST FRIENDSHIP ST	2024-02-19	Two-Way , Not Divided	Dry	Daylight	Clear	Not a Collision Between Two Motor Vehicles in Transport	Yes	Traffic Control Signal	2	1	Incapacitating	NA	41.80977	-71.42101	FALSE	FALSE	Broad Street and West Friendship Street, Providence, RI, USA	NA	Raw	NA	FALSE	41.80977	-71.42101	2024	February	Elmwood
35	2024-02-21	908841	13:20:00	Pedestrian	1	NA	FALSE	FALSE	1	Adelaide Ave	Elmwood Ave	2024-02-21	Two-Way , Not Divided	Dry	Daylight	Clear	Not a Collision Between Two Motor Vehicles in Transport	No	No Controls	2	1	Pain Reported	2	NA	NA	FALSE	FALSE	Adelaide Ave and Elmwood Ave, Providence, RI, USA	NA	Geocoded	raw coords null but geocoded coords found	TRUE	41.79590779999999	-71.4249889	2024	February	Elmwood
36	2024-02-22	908891	15:26:00	Pedestrian	1	NA	FALSE	FALSE	1	FELIX ST	CHALKSTONE AVE	2024-02-22	Two-Way , Not Divided	Dry	Daylight	Clear	Not a Collision Between Two Motor Vehicles in Transport	No	No Controls	3	1	Pain Reported	NA	41.83452	-71.42838	FALSE	FALSE	Felix Street and Chalkstone Ave, Providence, RI, USA	NA	Raw	NA	FALSE	41.83452	-71.42838	2024	February	Smith Hill
37	2024-02-25	908947	10:14:00	Pedestrian	1	NA	FALSE	FALSE	1	THAYER ST	CUSHING ST	2024-02-25	Two-Way , Not Divided	Dry	Daylight	Clear	Not a Collision Between Two Motor Vehicles in Transport	No	Pavement Markings	3	1	Non-Incapacitating	NA	41.83003	-71.4009	FALSE	FALSE	Thayer Street and Cushing Street, Providence, RI, USA	NA	Raw	NA	FALSE	41.83003	-71.4009	2024	February	College Hill
38	2024-02-28	908997	12:03:00	Bicycle	NA	1	FALSE	FALSE	1	NORTH MAIN ST	EVERGREEN ST	2024-02-28	Two-Way, Divided, Positive Median Barrier	Wet	Daylight	Rain	Not a Collision Between Two Motor Vehicles in Transport	No	Stop Signs	2	1	Incapacitating	NA	41.84488	-71.40615	FALSE	FALSE	North Main Street and Evergreen Street, Providence, RI, USA	NA	Raw	NA	FALSE	41.84488	-71.40615	2024	February	Mount Hope
39	2024-02-28	909015	17:14:00	Pedestrian	1	NA	FALSE	FALSE	1	NEW YORK AVE	ALLENS AVE	2024-02-28	Two-Way, Divided, Unprotected (painted>4feet) Medium	Dry	Dark - Lighted	Clear	Not a Collision Between Two Motor Vehicles in Transport	No	Traffic Control Signal	3	1	Non-Incapacitating	NA	41.791	-71.39665	FALSE	FALSE	New York Ave and Allens Ave, Providence, RI, USA	NA	Raw	NA	FALSE	41.791	-71.39665	2024	February	Washington Park
40	2024-02-28	909019	18:58:00	Pedestrian	1	NA	FALSE	FALSE	1	DUDLEY ST.	PLAIN ST	2024-02-28	Two-Way , Not Divided	Wet	Dark - Lighted	Rain	Not a Collision Between Two Motor Vehicles in Transport	No	Stop Signs	3	1	Pain Reported	NA	41.81022	-71.41121	FALSE	FALSE	Dudley St. and Plain Street, Providence, RI, USA	NA	Raw	NA	FALSE	41.81022	-71.41121	2024	February	Upper South Providence
41	2024-03-01	909052	19:33:00	Bicycle	NA	1	FALSE	FALSE	1	NIANTIC AVE	CRANSTON ST	2024-03-01	Two-Way, Not Divided With a Continuous Left Turn Lane	Dry	Dark - Lighted	Clear	Not a Collision Between Two Motor Vehicles in Transport	No	Traffic Control Signal	3	1	Pain Reported	NA	41.80339	-71.44	FALSE	FALSE	Niantic Ave and Cranston Street, Providence, RI, USA	NA	Raw	NA	FALSE	41.80339	-71.44	2024	March	NA
42	2024-03-02	909103	17:52:00	Pedestrian	1	NA	FALSE	FALSE	1	ORMS ST	SMITH ST	2024-03-02	Two-Way, Divided, Unprotected (painted>4feet) Medium	Wet	Dark - Lighted	Rain	Not a Collision Between Two Motor Vehicles in Transport	No	Traffic Control Signal	3	0	No Injury	NA	41.83376	-71.42199	FALSE	FALSE	Orms Street and Smith Street, Providence, RI, USA	NA	Raw	NA	FALSE	41.83376	-71.42199	2024	March	Smith Hill
43	2024-03-04	909148	15:49:00	Pedestrian	1	NA	FALSE	FALSE	1	DABOLL ST	BUCKLIN ST	2024-03-04	Two-Way , Not Divided	Dry	Daylight	Cloudy	Not a Collision Between Two Motor Vehicles in Transport	No	Stop Signs	3	1	Pain Reported	2	41.80409	-71.42772	FALSE	FALSE	Daboll Street and Bucklin Street, Providence, RI, USA	NA	Raw	NA	FALSE	41.80409	-71.42772	2024	March	West End
44	2024-03-05	909179	14:52:00	Pedestrian	1	NA	FALSE	FALSE	1	MAUDE ST	SMITH ST	2024-03-05	Two-Way , Not Divided	Wet	Daylight	Rain	Not a Collision Between Two Motor Vehicles in Transport	No	Stop Signs	3	1	Pain Reported	NA	41.83755	-71.43347	FALSE	FALSE	Maude Street and Smith Street, Providence, RI, USA	NA	Raw	NA	FALSE	41.83755	-71.43347	2024	March	Elmhurst
45	2024-03-07	909248	16:50:00	Pedestrian	1	NA	TRUE	FALSE	1	HOLLYWOOD RD	PARADE ST	2024-03-07	Two-Way , Not Divided	Dry	Daylight	Clear	Not a Collision Between Two Motor Vehicles in Transport	Yes	No Controls	3	1	Pain Reported	NA	41.81577	-71.43307	FALSE	FALSE	Hollywood Rd and Parade Street, Providence, RI, USA	NA	Raw	NA	FALSE	41.81577	-71.43307	2024	March	West End
46	2024-03-10	909326	17:10:00	Pedestrian	1	NA	FALSE	FALSE	1	THAYER ST	MEETING ST	2024-03-10	One-Way Trafficway	Dry	Daylight	Clear	Not a Collision Between Two Motor Vehicles in Transport	Yes	No Controls	1	1	Pain Reported	NA	41.82915	-71.40079	FALSE	FALSE	Thayer Street and Meeting Street, Providence, RI, USA	NA	Raw	NA	FALSE	41.82915	-71.40079	2024	March	College Hill
47	2024-03-12	909347	04:01:00	Pedestrian	1	NA	FALSE	FALSE	1	CANTON ST	LINTON ST	2024-03-12	Two-Way , Not Divided	Dry	Dark - Lighted	Clear	Not a Collision Between Two Motor Vehicles in Transport	Yes	No Controls	1	1	Pain Reported	NA	41.83161	-71.44238	FALSE	FALSE	Canton Street and Linton Street, Providence, RI, USA	NA	Raw	NA	FALSE	41.83161	-71.44238	2024	March	Valley
48	2024-03-12	909358	15:09:00	Pedestrian	1	NA	FALSE	FALSE	1	THURBERS AVE.	MENI CT	2024-03-12	Two-Way , Not Divided	Dry	Daylight	Clear	Angle (Front - to - Side) Right Angle (Includes Broadside)	No	Stop Signs	3	1	Pain Reported	NA	41.79847	-71.41323	FALSE	FALSE	Thurbers Ave. and Meni Ct, Providence, RI, USA	NA	Raw	NA	FALSE	41.79847	-71.41323	2024	March	Lower South Providence
49	2024-03-15	909456	15:31:00	Bicycle	NA	1	FALSE	FALSE	1	DOUGLAS AVE	DOUGLAS AVE	2024-03-15	Two-Way , Not Divided	Dry	Daylight	Cloudy	Not a Collision Between Two Motor Vehicles in Transport	Yes	No Controls	1	1	Pain Reported	NA	41.84128	-71.42741	FALSE	FALSE	Douglas Ave and Douglas Ave, Providence, RI, USA	NA	Raw	distance greater than 100m	TRUE	41.84128	-71.42741	2024	March	Wanskuck
50	2024-03-16	909474	23:23:00	Pedestrian	1	NA	FALSE	FALSE	1	PEMBROKE AVE	CHAD BROWN ST	2024-03-16	Two-Way , Not Divided	Dry	Dark - Lighted	Clear	Not a Collision Between Two Motor Vehicles in Transport	Yes	Stop Signs	5	1	Pain Reported	NA	41.8391	-71.43025	FALSE	FALSE	Pembroke Ave and Chad Brown Street, Providence, RI, USA	NA	Raw	NA	FALSE	41.8391	-71.43025	2024	March	Elmhurst
51	2024-03-16	909499	23:58:00	Pedestrian	1	NA	FALSE	FALSE	1	Dover Street	CARLETON ST	2024-03-17	Two-Way , Not Divided	Dry	Dark - Lighted	Cloudy	Not a Collision Between Two Motor Vehicles in Transport	No	No Controls	2	1	Pain Reported	NA	41.82973	-71.44766	FALSE	FALSE	Dover Street and Carleton Street, Providence, RI, USA	NA	Raw	NA	FALSE	41.82973	-71.44766	2024	March	Mount Pleasant
52	2024-03-17	909503	09:35:00	Pedestrian	1	NA	FALSE	FALSE	1	77 Hillhurst Ave	NA	2024-03-17	Two-Way , Not Divided	Wet	Daylight	Cloudy	Not a Collision Between Two Motor Vehicles in Transport	No	No Controls	3	1	Pain Reported	NA	NA	NA	TRUE	TRUE	77 Hillhurst Ave, Providence, RI, USA	NA	Neither	raw coords null but geocoded coords found	TRUE	41.80733	-71.45358	2024	March	Silver Lake
53	2024-03-20	909571	16:14:00	Pedestrian	1	NA	FALSE	FALSE	1	DUDLEY ST	PLAIN ST	2024-03-20	Two-Way , Not Divided	Wet	Daylight	Rain	Not a Collision Between Two Motor Vehicles in Transport	No	Pavement Markings	5	1	Pain Reported	NA	41.81022	-71.41121	FALSE	FALSE	Dudley Street and Plain Street, Providence, RI, USA	NA	Raw	NA	FALSE	41.81022	-71.41121	2024	March	Upper South Providence
54	2024-03-20	909581	19:09:00	Pedestrian	1	NA	FALSE	FALSE	1	SAYLES ST	PRAIRIE AVE	2024-03-20	Two-Way , Not Divided	Wet	Dark - Lighted	Rain	Not a Collision Between Two Motor Vehicles in Transport	Yes	Pavement Markings	1	1	Pain Reported	NA	41.80264	-71.41358	FALSE	FALSE	Sayles Street and Prairie Ave, Providence, RI, USA	NA	Raw	NA	FALSE	41.80264	-71.41358	2024	March	Lower South Providence
56	2024-03-21	909662	17:40:00	Pedestrian	2	NA	FALSE	FALSE	1	Laurel Hill Ave	PLAINFIELD ST	2024-03-23	Two-Way, Divided, Unprotected (painted>4feet) Medium	Dry	Daylight	Clear	Sideswipe, Same Direction	Yes	No Controls	2	2	Pain Reported	NA	41.81321	-71.45542	FALSE	FALSE	Laurel Hill Ave and Plainfield Street, Providence, RI, USA	NA	Raw	NA	FALSE	41.81321	-71.45542	2024	March	Silver Lake
57	2024-03-24	909680	10:07:00	Pedestrian	1	NA	FALSE	FALSE	1	60 Valley St	SCHOOL ST	2024-03-24	Two-Way , Not Divided	Dry	Daylight	Clear	Not a Collision Between Two Motor Vehicles in Transport	No	No Controls	3	0	No Injury	2	41.81896	-71.44059	TRUE	FALSE	60 Valley Street, Providence, RI, USA	NA	Raw	distance greater than 100m	TRUE	41.81896	-71.44059	2024	March	Olneyville
58	2024-03-25	909717	17:04:00	Other	NA	NA	TRUE	FALSE	2	BLACKSTONE BLVD	ROCHAMBEAU AVE	2024-03-25	Two-Way, Divided, Positive Median Barrier	Dry	Daylight	Clear	Rear End(Front-to-Rear)	No	No Controls	2	0	No Injury	NA	41.84554	-71.38722	FALSE	FALSE	Blackstone Blvd and Rochambeau Ave, Providence, RI, USA	NA	Raw	NA	FALSE	41.84554	-71.38722	2024	March	Blackstone
59	2024-03-27	909782	18:31:00	Bicycle	NA	1	TRUE	FALSE	1	VALLEY ST	SCHOOL ST	2024-03-27	Unknown	Dry	Dusk	Clear	Not a Collision Between Two Motor Vehicles in Transport	No	No Controls	2	1	Pain Reported	NA	41.81894	-71.4406	FALSE	FALSE	Valley Street and School Street, Providence, RI, USA	NA	Raw	NA	FALSE	41.81894	-71.4406	2024	March	Olneyville
60	2024-03-28	909834	20:28:00	Pedestrian	1	NA	FALSE	FALSE	1	CHARLES ST	SILVER SPRING ST	2024-03-28	Two-Way, Divided, Unprotected (painted>4feet) Medium	Wet	Dark - Lighted	Rain	Not a Collision Between Two Motor Vehicles in Transport	No	No Controls	2	0	No Injury	NA	41.84481	-71.4187	FALSE	FALSE	Charles Street and Silver Spring Street, Providence, RI, USA	NA	Raw	NA	FALSE	41.84481	-71.4187	2024	March	Charles
61	2024-03-29	909853	14:12:00	Pedestrian	1	NA	FALSE	FALSE	1	F C GREENE MEMORIAL BLVD	F C GREENE MEMORIAL BLVD	2024-03-29	Two-Way, Divided, Positive Median Barrier	Dry	Daylight	Clear	Not a Collision Between Two Motor Vehicles in Transport	No	Pavement Markings	4	1	Pain Reported	NA	41.78035	-71.4162	FALSE	FALSE	F C Greene Memorial Blvd and F C Greene Memorial Blvd, Providence, RI, USA	NA	Raw	distance greater than 100m	TRUE	41.78035	-71.4162	2024	March	South Elmwood
62	2024-04-01	909942	06:53:00	Bicycle	NA	1	FALSE	FALSE	1	NORTH MAIN ST	STENTON AVE	2024-04-01	Two-Way , Not Divided	Dry	Daylight	Clear	Other	No	Stop Signs	2	1	Pain Reported	NA	41.84922	-71.40349	FALSE	FALSE	North Main Street and Stenton Ave, Providence, RI, USA	NA	Raw	NA	FALSE	41.84922	-71.40349	2024	April	Mount Hope
63	2024-04-03	909986	00:54:00	Pedestrian	1	NA	FALSE	FALSE	1	387 Charles Street	Ramp	2024-04-03	Two-Way , Not Divided	Wet	Dark - Lighted	Clear	Not a Collision Between Two Motor Vehicles in Transport	No	Traffic Control Signal	3	1	Pain Reported	NA	41.84214	-71.41783	TRUE	FALSE	387 Charles Street, Providence, RI, USA	NA	Raw	distance greater than 100m	TRUE	41.84214	-71.41783	2024	April	Charles
64	2024-04-03	910015	19:19:00	Pedestrian	1	NA	FALSE	FALSE	1	PROSPECT ST	COLLEGE ST	2024-04-03	Two-Way , Not Divided	Wet	Dark - Lighted	Rain	Not a Collision Between Two Motor Vehicles in Transport	No	No Controls	2	1	Pain Reported	NA	41.82572	-71.40456	FALSE	FALSE	Prospect Street and College Street, Providence, RI, USA	NA	Raw	NA	FALSE	41.82572	-71.40456	2024	April	College Hill
65	2024-04-04	910060	16:23:00	Pedestrian	1	NA	FALSE	FALSE	1	MEMORIAL BLVD	FRANCIS ST	2024-04-04	Two-Way, Divided, Positive Median Barrier	Wet	Daylight	Rain	Not a Collision Between Two Motor Vehicles in Transport	No	No Controls	2	1	Pain Reported	NA	41.8259	-71.41535	FALSE	FALSE	Memorial Blvd and Francis Street, Providence, RI, USA	NA	Raw	NA	FALSE	41.8259	-71.41535	2024	April	Downtown
66	2024-04-08	910172	16:24:00	Pedestrian	1	NA	FALSE	FALSE	1	BROAD ST	BROAD ST	2024-04-08	Two-Way , Not Divided	Dry	Daylight	Clear	Not a Collision Between Two Motor Vehicles in Transport	No	Pavement Markings	3	1	Pain Reported	NA	41.81418	-71.42128	FALSE	FALSE	Broad Street and Broad Street, Providence, RI, USA	NA	Raw	distance greater than 100m	TRUE	41.81418	-71.42128	2024	April	West End
67	2024-04-09	910253	19:20:00	Bicycle	NA	1	FALSE	FALSE	1	BAYARD ST	4TH ST	2024-04-11	Two-Way , Not Divided	Dry	Daylight	Clear	Not a Collision Between Two Motor Vehicles in Transport	No	Stop Signs	2	1	Pain Reported	NA	41.84979	-71.39626	FALSE	FALSE	Bayard Street and 4th Street, Providence, RI, USA	NA	Raw	NA	FALSE	41.84979	-71.39626	2024	April	Hope
68	2024-04-10	910236	23:05:00	Pedestrian	1	NA	FALSE	FALSE	1	CHARLES ST	W RIVER ST	2024-04-11	One-Way Trafficway	Wet	Dark - Lighted	Clear	Angle (Front - to - Side) Opposite Direction	No	Unknown	2	1	Pain Reported	NA	41.83961	-71.41638	FALSE	FALSE	Charles Street and W River Street, Providence, RI, USA	NA	Raw	NA	FALSE	41.83961	-71.41638	2024	April	Mount Hope
69	2024-04-11	910247	12:55:00	Pedestrian	1	NA	FALSE	FALSE	1	BROAD ST	FRICKER ST	2024-04-11	Two-Way , Not Divided	Wet	Daylight	Rain	Not a Collision Between Two Motor Vehicles in Transport	No	No Controls	4	1	Pain Reported	NA	41.81517	-71.42073	FALSE	FALSE	Broad Street and Fricker Street, Providence, RI, USA	NA	Raw	NA	FALSE	41.81517	-71.42073	2024	April	West End
70	2024-04-11	910260	16:15:00	Bicycle	NA	1	FALSE	FALSE	1	PLENTY ST	PLENTY ST	2024-04-11	Two-Way , Not Divided	Dry	Daylight	Clear	Not a Collision Between Two Motor Vehicles in Transport	No	Traffic Control Signal	2	1	Pain Reported	NA	41.80725	-71.42024	FALSE	FALSE	Plenty Street and Plenty Street, Providence, RI, USA	NA	Raw	distance greater than 100m	TRUE	41.80725	-71.42024	2024	April	Elmwood
71	2024-04-13	910310	04:51:00	Bicycle	NA	1	FALSE	FALSE	1	DEXTER ST	BUCKLIN ST	2024-04-13	Two-Way , Not Divided	Dry	Dark - Lighted	Clear	Rear End(Front-to-Rear)	Yes	Unknown	2	1	Non-Incapacitating	NA	41.80909	-71.42803	FALSE	FALSE	Dexter Street and Bucklin Street, Providence, RI, USA	NA	Raw	NA	FALSE	41.80909	-71.42803	2024	April	West End
72	2024-04-15	910366	10:57:00	Pedestrian	1	NA	FALSE	FALSE	1	1000 Elmwood Ave	NA	2024-04-15	Unknown	Dry	Daylight	Clear	Not a Collision Between Two Motor Vehicles in Transport	Yes	No Controls	2	1	Pain Reported	NA	NA	NA	TRUE	TRUE	1000 Elmwood Ave, Providence, RI, USA	NA	Geocoded	raw coords null but geocoded coords found	TRUE	41.7842216	-71.4185877	2024	April	South Elmwood
73	2024-04-17	910415	15:49:00	Bicycle	NA	1	FALSE	FALSE	1	CHALKSTONE AVE	PEKIN ST	2024-04-17	Two-Way , Not Divided	Dry	Daylight	Clear	Rear End(Front-to-Rear)	Yes	No Controls	1	1	Pain Reported	NA	41.83575	-71.42368	FALSE	FALSE	Chalkstone Ave and Pekin Street, Providence, RI, USA	NA	Raw	NA	FALSE	41.83575	-71.42368	2024	April	Smith Hill
74	2024-04-18	910436	13:05:00	Pedestrian	1	NA	FALSE	FALSE	1	BOWEN ST.	HOPE ST	2024-04-18	Two-Way , Not Divided	Dry	Daylight	Clear	Not a Collision Between Two Motor Vehicles in Transport	Yes	Stop Signs	2	1	Pain Reported	NA	41.83091	-71.39923	FALSE	FALSE	Bowen St. and Hope Street, Providence, RI, USA	NA	Raw	NA	FALSE	41.83091	-71.39923	2024	April	College Hill
75	2024-04-20	910465	01:09:00	Pedestrian	1	NA	FALSE	FALSE	1	LIVINGSTON ST	DRYDEN LN	2024-04-20	Unknown	Dry	Dark - Lighted	Clear	Not a Collision Between Two Motor Vehicles in Transport	Yes	No Controls	3	1	Pain Reported	NA	41.8416	-71.40992	FALSE	FALSE	Livingston Street and Dryden Ln, Providence, RI, USA	NA	Raw	NA	FALSE	41.8416	-71.40992	2024	April	Mount Hope
76	2024-04-20	910468	02:37:00	Bicycle	NA	1	FALSE	FALSE	1	SHELDON ST	BROOK ST	2024-04-20	Two-Way , Not Divided	Wet	Dark - Lighted	Cloudy	Not a Collision Between Two Motor Vehicles in Transport	No	Stop Signs	3	1	Non-Incapacitating	NA	41.81998	-71.39833	FALSE	FALSE	Sheldon Street and Brook Street, Providence, RI, USA	NA	Raw	NA	FALSE	41.81998	-71.39833	2024	April	Fox Point
77	2024-04-21	910506	18:12:00	Other	1	NA	TRUE	FALSE	1	HOPE ST	12TH ST	2024-04-21	Two-Way , Not Divided	Dry	Daylight	Clear	Not a Collision Between Two Motor Vehicles in Transport	No	No Controls	5	1	Pain Reported	NA	41.85582	-71.39165	FALSE	FALSE	Hope Street and 12th Street, Providence, RI, USA	NA	Raw	NA	FALSE	41.85582	-71.39165	2024	April	Hope
78	2024-04-22	910520	10:11:00	Pedestrian	1	NA	FALSE	FALSE	1	GEORGE ST	HOPE ST	2024-04-22	Two-Way , Not Divided	Dry	Daylight	Clear	Not a Collision Between Two Motor Vehicles in Transport	Yes	Stop Signs	1	0	No Injury	2	41.82579	-71.39727	FALSE	FALSE	George Street and Hope Street, Providence, RI, USA	NA	Raw	NA	FALSE	41.82579	-71.39727	2024	April	College Hill
79	2024-04-27	910675	17:47:00	Bicycle	NA	1	FALSE	FALSE	1	WESTMINSTER ST	WINTER ST	2024-04-27	Two-Way , Not Divided	Dry	Daylight	Clear	Not a Collision Between Two Motor Vehicles in Transport	No	Traffic Control Signal	2	1	Pain Reported	NA	NA	NA	FALSE	FALSE	Westminster Street and Winter Street, Providence, RI, USA	NA	Neither	raw coords null but geocoded coords found	TRUE	41.81742	-71.42234	2024	April	West End
80	2024-04-29	910769	14:59:00	Bicycle	NA	1	FALSE	FALSE	1	INDIA ST	S MAIN ST	2024-04-30	Two-Way , Not Divided	Dry	Daylight	Clear	Not a Collision Between Two Motor Vehicles in Transport	Yes	No Controls	1	1	Pain Reported	NA	41.81698	-71.39774	FALSE	FALSE	India Street and S Main Street, Providence, RI, USA	NA	Raw	NA	FALSE	41.81698	-71.39774	2024	April	Fox Point
81	2024-05-03	910855	12:18:00	Pedestrian	1	NA	FALSE	FALSE	1	BROAD ST	PORTLAND ST	2024-05-03	Two-Way , Not Divided	Dry	Daylight	Cloudy	Not a Collision Between Two Motor Vehicles in Transport	No	No Controls	2	1	Pain Reported	NA	41.81416	-71.42129	FALSE	FALSE	Broad Street and Portland Street, Providence, RI, USA	NA	Raw	NA	FALSE	41.81416	-71.42129	2024	May	West End
82	2024-05-04	910908	11:30:00	Pedestrian	1	NA	FALSE	FALSE	1	Salter St	Nelson St	2024-05-04	Two-Way , Not Divided	Dry	Daylight	Clear	Not a Collision Between Two Motor Vehicles in Transport	Yes	No Controls	1	1	Pain Reported	2	NA	NA	FALSE	FALSE	Salter Street and Nelson Street, Providence, RI, USA	NA	Geocoded	raw coords null but geocoded coords found	TRUE	41.8450631	-71.4444202	2024	May	Elmhurst
83	2024-05-06	910996	06:36:00	Pedestrian	1	NA	FALSE	FALSE	1	BROAD ST	OXFORD ST	2024-05-06	Two-Way , Not Divided	Dry	Dawn	Clear	Not a Collision Between Two Motor Vehicles in Transport	Yes	No Controls	1	1	Pain Reported	NA	41.80048	-71.41748	FALSE	FALSE	Broad Street and Oxford Street, Providence, RI, USA	NA	Raw	NA	FALSE	41.80048	-71.41748	2024	May	Elmwood
84	2024-05-07	911014	07:17:00	Pedestrian	1	NA	FALSE	FALSE	1	ATWELLS AVE	SUTTON ST	2024-05-07	Two-Way , Not Divided	Dry	Daylight	Clear	Not a Collision Between Two Motor Vehicles in Transport	No	Pavement Markings	3	1	Pain Reported	NA	41.82378	-71.42953	FALSE	FALSE	Atwells Ave and Sutton Street, Providence, RI, USA	NA	Raw	NA	FALSE	41.82378	-71.42953	2024	May	Federal Hill
85	2024-05-08	911050	16:22:00	Bicycle	NA	1	FALSE	FALSE	1	PUBLIC ST	BROAD ST	2024-05-08	Two-Way , Not Divided	Dry	Daylight	Cloudy	Not a Collision Between Two Motor Vehicles in Transport	No	Pavement Markings	4	1	Pain Reported	NA	41.80442	-71.41935	FALSE	FALSE	Public Street and Broad Street, Providence, RI, USA	NA	Raw	NA	FALSE	41.80442	-71.41935	2024	May	Elmwood
86	2024-05-10	911115	19:37:00	Bicycle	NA	1	FALSE	FALSE	1	BROADWAY	EMPIRE ST	2024-05-10	Two-Way, Divided, Unprotected (painted>4feet) Medium	Dry	Daylight	Clear	Not a Collision Between Two Motor Vehicles in Transport	No	Traffic Control Signal	2	1	Pain Reported	NA	41.82257	-71.41746	FALSE	FALSE	Broadway and Empire Street, Providence, RI, USA	NA	Raw	NA	FALSE	41.82257	-71.41746	2024	May	Downtown
87	2024-05-12	911188	21:04:00	Pedestrian	2	NA	FALSE	FALSE	1	245 ATWELLS AVE	NA	2024-05-12	Two-Way , Not Divided	Wet	Dark - Lighted	Cloudy	Not a Collision Between Two Motor Vehicles in Transport	No	No Controls	3	0	No Injury	NA	NA	NA	TRUE	TRUE	245 Atwells Ave, Providence, RI, USA	NA	Neither	raw coords null but geocoded coords found	TRUE	41.82358	-71.42619	2024	May	Federal Hill
88	2024-05-14	911226	02:04:00	Pedestrian	1	NA	FALSE	FALSE	1	KENNEDY PLZ	DORRANCE ST	2024-05-14	Two-Way, Divided, Unprotected (painted>4feet) Medium	Dry	Dark - Lighted	Clear	Not a Collision Between Two Motor Vehicles in Transport	No	No Controls	3	2	Pain Reported	NA	41.82414	-71.41234	FALSE	FALSE	Kennedy Plz and Dorrance Street, Providence, RI, USA	NA	Raw	NA	FALSE	41.82414	-71.41234	2024	May	Downtown
89	2024-05-15	911285	16:22:00	Bicycle	NA	1	FALSE	FALSE	1	Planet Street	S Main Street	2024-05-15	One-Way Trafficway	Wet	Dusk	Rain	Not a Collision Between Two Motor Vehicles in Transport	No	Stop Signs	2	1	Pain Reported	NA	41.82317	-71.40585	FALSE	FALSE	Planet Street and S Main Street, Providence, RI, USA	NA	Raw	NA	FALSE	41.82317	-71.40585	2024	May	Downtown