row_number	crash_date	crash_report_id	crash_time	collision_type	count_pedestrian	count_bicycle	scooter	wheel_chair	number_of_vehicles	street_or_highway	nearest_intersection	report_date	type_of_roadway	road_surface_condition	light_condition	weather_condition	manner_of_impact	hit_and_run	traffic_control	person_count	injury_count	most_serious_injury	number_of_lanes	lat_raw	lon_raw	has_st_number	is_intersection_null	address_sent_to_geocoder	api_coord_conf	best_coordinate_set	reason_for_qa	manually_qaed_record	final_lat	final_lon	year	month	pvd_nhood
216	2024-09-06	915843	22:49:00	Pedestrian	1	NA	TRUE	FALSE	1	BROAD ST	PEARL ST	2024-09-06	Two-Way, Divided, Unprotected (painted>4feet) Medium	Dry	Dark - Lighted	Clear	Not a Collision Between Two Motor Vehicles in Transport	No	Traffic Control Signal	3	1	Non-Incapacitating	NA	41.81475	-71.42095	FALSE	FALSE	Broad Street and Pearl Street, Providence, RI, USA	NA	Raw	NA	FALSE	41.81475	-71.42095	2024	September	West End
217	2024-09-07	915851	12:14:00	Pedestrian	1	NA	TRUE	FALSE	1	WESTMINSTER ST	CAHIR ST	2024-09-07	Two-Way , Not Divided	Dry	Daylight	Clear	Not a Collision Between Two Motor Vehicles in Transport	No	Traffic Control Signal	2	1	Pain Reported	NA	41.81822	-71.42018	FALSE	FALSE	Westminster Street and Cahir Street, Providence, RI, USA	NA	Raw	NA	FALSE	41.81822	-71.42018	2024	September	Federal Hill
218	2024-09-07	915870	18:43:00	Bicycle	NA	1	FALSE	FALSE	1	CRANSTON ST.	WAVERLY ST	2024-09-07	Two-Way , Not Divided	Dry	Daylight	Clear	Not a Collision Between Two Motor Vehicles in Transport	Yes	No Controls	1	1	Pain Reported	NA	41.80861	-71.4343	FALSE	FALSE	Cranston St. and Waverly Street, Providence, RI, USA	NA	Raw	NA	FALSE	41.80861	-71.4343	2024	September	West End
219	2024-09-11	916014	12:00:00	Bicycle	NA	1	FALSE	FALSE	1	HARTFORD AVE	MERINO ST	2024-09-11	Two-Way , Not Divided	Dry	Dark - Lighted	Clear	Not a Collision Between Two Motor Vehicles in Transport	Yes	No Controls	2	1	Pain Reported	NA	41.81863	-71.4591	FALSE	FALSE	Hartford Ave and Merino Street, Providence, RI, USA	NA	Raw	NA	FALSE	41.81863	-71.4591	2024	September	Hartford
220	2024-09-11	916035	17:26:00	Bicycle	NA	1	FALSE	FALSE	1	CHALKSTONE AVE	PEKIN ST	2024-09-11	Two-Way, Divided, Unprotected (painted>4feet) Medium	Dry	Daylight	Clear	Angle (Front - to - Side) Right Angle (Includes Broadside)	No	No Controls	2	0	No Injury	NA	41.83574	-71.42369	FALSE	FALSE	Chalkstone Ave and Pekin Street, Providence, RI, USA	NA	Raw	NA	FALSE	41.83574	-71.42369	2024	September	Smith Hill
221	2024-09-12	916084	12:50:00	Bicycle	NA	1	FALSE	FALSE	1	FRIENDSHIP ST	POINT ST	2024-09-12	Two-Way , Not Divided	Dry	Daylight	Clear	Not a Collision Between Two Motor Vehicles in Transport	No	Stop Signs	2	1	Non-Incapacitating	NA	41.81688	-71.41439	FALSE	FALSE	Friendship Street and Point Street, Providence, RI, USA	NA	Geocoded	distance greater than 100m	TRUE	41.8143034	-71.4168102	2024	September	Upper South Providence
222	2024-09-12	916099	16:09:00	Pedestrian	1	NA	FALSE	FALSE	1	MARIETTA ST	HALL ST	2024-09-12	Two-Way, Divided, Unprotected (painted>4feet) Medium	Dry	Daylight	Clear	Not a Collision Between Two Motor Vehicles in Transport	No	Stop Signs	3	1	Pain Reported	NA	41.85277	-71.41703	FALSE	FALSE	Marietta Street and Hall Street, Providence, RI, USA	NA	Raw	NA	FALSE	41.85277	-71.41703	2024	September	Charles
224	2024-09-16	916245	14:38:00	Bicycle	NA	1	FALSE	FALSE	1	CHALKSTONE AVE	HILLCREST AVE	2024-09-16	Two-Way , Not Divided	Dry	Daylight	Clear	Not a Collision Between Two Motor Vehicles in Transport	Yes	No Controls	2	1	Pain Reported	NA	41.83269	-71.45827	FALSE	FALSE	Chalkstone Ave and Hillcrest Ave, Providence, RI, USA	NA	Raw	NA	FALSE	41.83269	-71.45827	2024	September	Manton
225	2024-09-16	916250	17:09:00	Pedestrian	1	NA	FALSE	FALSE	1	ADELAIDE AVE	ELMWOOD AVE	2024-09-16	Two-Way, Divided, Positive Median Barrier	Dry	Daylight	Clear	Not a Collision Between Two Motor Vehicles in Transport	No	Pavement Markings	4	1	Pain Reported	NA	41.79586	-71.4251	FALSE	FALSE	Adelaide Ave and Elmwood Ave, Providence, RI, USA	NA	Raw	NA	FALSE	41.79586	-71.4251	2024	September	Elmwood
226	2024-09-17	916261	09:16:00	Pedestrian	1	NA	TRUE	FALSE	1	NORTH MAIN ST	N MAIN ST	2024-09-17	Two-Way , Not Divided	Dry	Daylight	Clear	Not a Collision Between Two Motor Vehicles in Transport	No	No Controls	3	1	Pain Reported	NA	41.83642	-71.40964	FALSE	FALSE	North Main Street and N Main Street, Providence, RI, USA	NA	Raw	distance greater than 100m	TRUE	41.83642	-71.40964	2024	September	College Hill
227	2024-09-17	916263	12:56:00	Pedestrian	1	NA	FALSE	FALSE	1	WESTMINSTER ST	MANTON AVE	2024-09-17	Two-Way , Not Divided	Dry	Daylight	Clear	Not a Collision Between Two Motor Vehicles in Transport	No	No Controls	2	1	Pain Reported	NA	41.81675	-71.44311	FALSE	FALSE	Westminster Street and Manton Ave, Providence, RI, USA	NA	Raw	distance greater than 100m	TRUE	41.81675	-71.44311	2024	September	Olneyville
228	2024-09-17	916285	16:53:00	Pedestrian	1	NA	FALSE	FALSE	1	COLLEGE ST	PROSPECT ST	2024-09-17	Two-Way , Not Divided	Dry	Daylight	Clear	Not a Collision Between Two Motor Vehicles in Transport	No	Pavement Markings	3	1	Pain Reported	NA	41.82611	-71.4046	FALSE	FALSE	College Street and Prospect Street, Providence, RI, USA	NA	Raw	NA	FALSE	41.82611	-71.4046	2024	September	College Hill
229	2024-09-18	916310	11:32:00	Pedestrian	1	NA	FALSE	FALSE	1	BROAD ST	FOSTER ST	2024-09-18	Two-Way , Not Divided	Dry	Daylight	Clear	Not a Collision Between Two Motor Vehicles in Transport	No	Pavement Markings	3	1	Pain Reported	NA	41.81882	-71.41545	FALSE	FALSE	Broad Street and Foster Street, Providence, RI, USA	NA	Raw	NA	FALSE	41.81882	-71.41545	2024	September	Downtown
230	2024-09-21	916406	13:01:00	Pedestrian	1	NA	FALSE	FALSE	1	EXCHANGE TER	DORRANCE ST	2024-09-21	Two-Way , Not Divided	Wet	Daylight	Rain	Not a Collision Between Two Motor Vehicles in Transport	No	Pavement Markings	4	1	Pain Reported	NA	41.82487	-71.41426	FALSE	FALSE	Exchange Ter and Dorrance Street, Providence, RI, USA	NA	Neither	distance greater than 100m	TRUE	41.824986	-71.414644	2024	September	Downtown
231	2024-09-22	916455	14:10:00	Bicycle	NA	1	FALSE	FALSE	1	425 S MAIN ST	WICKENDEN ST	2024-09-22	One-Way Trafficway	Dry	Daylight	Clear	Not a Collision Between Two Motor Vehicles in Transport	No	No Controls	4	1	Pain Reported	NA	41.81794	-71.39958	TRUE	FALSE	425 S Main Street, Providence, RI, USA	NA	Raw	NA	FALSE	41.81794	-71.39958	2024	September	Fox Point
232	2024-09-23	916506	15:09:00	Other	NA	NA	TRUE	FALSE	2	CHAD BROWN ST	ADMIRAL ST	2024-09-23	Two-Way, Divided, Unprotected (painted>4feet) Medium	Dry	Daylight	Clear	Angle (Front - to - Side) Right Angle (Includes Broadside)	Yes	No Controls	1	0	No Injury	NA	41.84213	-71.42138	FALSE	FALSE	Chad Brown Street and Admiral Street, Providence, RI, USA	NA	Raw	NA	FALSE	41.84213	-71.42138	2024	September	Wanskuck
233	2024-09-25	916553	16:27:00	Pedestrian	1	NA	TRUE	FALSE	1	SOLAR ST	ATWELLS AVE	2024-09-25	Two-Way , Not Divided	Dry	Daylight	Clear	Not a Collision Between Two Motor Vehicles in Transport	No	No Controls	2	1	Non-Incapacitating	NA	41.82336	-71.42359	FALSE	FALSE	Solar Street and Atwells Ave, Providence, RI, USA	NA	Raw	NA	FALSE	41.82336	-71.42359	2024	September	Federal Hill
234	2024-09-28	916620	02:04:00	Pedestrian	1	NA	FALSE	FALSE	1	STEEPLE ST	N MAIN ST	2024-09-28	Unknown	Dry	Dark - Not Lighted	Clear	Not a Collision Between Two Motor Vehicles in Transport	No	No Controls	4	1	Pain Reported	NA	41.82746	-71.40913	FALSE	FALSE	Steeple Street and N Main Street, Providence, RI, USA	NA	Raw	NA	FALSE	41.82746	-71.40913	2024	September	Downtown
235	2024-09-28	916642	19:03:00	Pedestrian	1	NA	FALSE	FALSE	1	SMITH ST	OAKLAND AVE	2024-09-28	Unknown	Dry	Dark - Lighted	Clear	Not a Collision Between Two Motor Vehicles in Transport	Yes	No Controls	5	1	Pain Reported	NA	41.8361	-71.43001	FALSE	FALSE	Smith Street and Oakland Ave, Providence, RI, USA	NA	Raw	NA	FALSE	41.8361	-71.43001	2024	September	Elmhurst
236	2024-09-30	916711	15:24:00	Bicycle	NA	1	FALSE	FALSE	1	SMITH ST	SMITH ST	2024-09-30	Two-Way, Divided, Unprotected (painted>4feet) Medium	Dry	Daylight	Clear	Angle (Front - to - Side) Opposite Direction	No	No Controls	2	1	Pain Reported	NA	41.83667	-71.43148	FALSE	FALSE	Smith Street and Smith Street, Providence, RI, USA	NA	Raw	distance greater than 100m	TRUE	41.83667	-71.43148	2024	September	Elmhurst
237	2024-09-30	916746	18:57:00	Pedestrian	1	NA	FALSE	FALSE	1	BROAD ST	FENNER ST	2024-10-01	Two-Way, Divided, Unprotected (painted>4feet) Medium	Dry	Dark - Lighted	Clear	Head-On (Front - to - Front)	No	Unknown	2	1	Pain Reported	NA	41.81834	-71.4159	FALSE	FALSE	Broad Street and Fenner Street, Providence, RI, USA	NA	Raw	NA	FALSE	41.81834	-71.4159	2024	September	Downtown
238	2024-10-03	916824	16:39:00	Bicycle	NA	1	TRUE	FALSE	1	ROCHAMBEAU AVE	HOPE ST	2024-10-03	Two-Way , Not Divided	Dry	Daylight	Clear	Not a Collision Between Two Motor Vehicles in Transport	No	Pavement Markings	4	1	Pain Reported	NA	41.84691	-71.39606	FALSE	FALSE	Rochambeau Ave and Hope Street, Providence, RI, USA	NA	Raw	NA	FALSE	41.84691	-71.39606	2024	October	Mount Hope
239	2024-10-03	916825	16:50:00	Bicycle	NA	1	FALSE	FALSE	1	NIANTIC AVE EXIT	NIANTIC AVE	2024-10-03	Two-Way , Not Divided	Dry	Daylight	Clear	Not a Collision Between Two Motor Vehicles in Transport	No	Unknown	3	1	Pain Reported	NA	41.80062	-71.43923	FALSE	FALSE	Niantic Ave Exit and Niantic Ave, Providence, RI, USA	NA	Raw	distance greater than 100m	TRUE	41.80062	-71.43923	2024	October	NA
240	2024-10-08	916983	12:55:00	Pedestrian	1	NA	TRUE	FALSE	1	RANDALL ST	N MAIN ST	2024-10-08	Two-Way, Divided, Positive Median Barrier	Dry	Daylight	Clear	Not a Collision Between Two Motor Vehicles in Transport	No	Traffic Control Signal	2	1	Pain Reported	NA	41.83834	-71.40953	FALSE	FALSE	Randall Street and N Main Street, Providence, RI, USA	NA	Geocoded	distance greater than 100m	TRUE	41.86882250000001	-71.3985314	2024	October	NA
241	2024-10-09	917002	08:13:00	Pedestrian	1	NA	TRUE	FALSE	1	TRANSIT ST	HOPE ST	2024-10-09	Two-Way , Not Divided	Dry	Daylight	Clear	Other	No	Pavement Markings	2	1	Pain Reported	NA	41.82072	-71.39592	FALSE	FALSE	Transit Street and Hope Street, Providence, RI, USA	NA	Raw	NA	FALSE	41.82072	-71.39592	2024	October	Fox Point
242	2024-10-09	917024	18:42:00	Pedestrian	1	NA	FALSE	FALSE	1	MOUNT PLEASANT AVE	CHALKSTONE AVE	2024-10-09	Two-Way , Not Divided	Dry	Daylight	Clear	Not a Collision Between Two Motor Vehicles in Transport	No	No Controls	2	1	Non-Incapacitating	NA	41.83268	-71.44975	FALSE	FALSE	Mount Pleasant Ave and Chalkstone Ave, Providence, RI, USA	NA	Raw	NA	FALSE	41.83268	-71.44975	2024	October	Mount Pleasant
243	2024-10-10	917034	09:33:00	Pedestrian	1	NA	FALSE	FALSE	1	EDDY ST	DUDLEY ST	2024-10-10	Two-Way , Not Divided	Dry	Daylight	Clear	Not a Collision Between Two Motor Vehicles in Transport	No	Pavement Markings	4	1	Pain Reported	NA	41.81099	-71.40715	FALSE	FALSE	Eddy Street and Dudley Street, Providence, RI, USA	NA	Raw	NA	FALSE	41.81099	-71.40715	2024	October	Upper South Providence
244	2024-10-10	917059	16:59:00	Pedestrian	1	NA	FALSE	FALSE	1	FRIENDSHIP ST.	PRINCE ST	2024-10-10	Two-Way , Not Divided	Dry	Daylight	Clear	Not a Collision Between Two Motor Vehicles in Transport	No	Stop Signs	8	1	Pain Reported	NA	41.81534	-71.41581	FALSE	FALSE	Friendship St. and Prince Street, Providence, RI, USA	NA	Neither	distance greater than 100m	TRUE	41.815188	-71.415991	2024	October	Upper South Providence
245	2024-10-10	917061	16:58:00	Bicycle	NA	1	FALSE	FALSE	1	South St	Chestnut St	2024-10-10	Two-Way , Not Divided	Dry	Daylight	Clear	Not a Collision Between Two Motor Vehicles in Transport	No	No Controls	2	1	Pain Reported	NA	NA	NA	FALSE	FALSE	South Street and Chestnut Street, Providence, RI, USA	NA	Geocoded	raw coords null but geocoded coords found	TRUE	41.817071	-71.4085723	2024	October	Downtown
246	2024-10-11	917078	12:40:00	Bicycle	NA	1	FALSE	FALSE	1	Douglas Avenue	Liege Street	2024-10-11	Two-Way, Divided, Unprotected (painted>4feet) Medium	Dry	Daylight	Clear	Not a Collision Between Two Motor Vehicles in Transport	Yes	No Controls	4	1	Pain Reported	1	NA	NA	FALSE	FALSE	Douglas Avenue and Liege Street, Providence, RI, USA	NA	Geocoded	raw coords null but geocoded coords found	TRUE	41.8416365	-71.4274667	2024	October	Wanskuck
247	2024-10-11	917114	23:12:00	Pedestrian	1	NA	FALSE	FALSE	1	CHALKSTONE AVE	RIVER AVE	2024-10-11	Two-Way, Divided, Unprotected (painted>4feet) Medium	Dry	Dawn	Clear	Not a Collision Between Two Motor Vehicles in Transport	Yes	Traffic Control Signal	1	1	Pain Reported	NA	41.83258	-71.43854	FALSE	FALSE	Chalkstone Ave and River Ave, Providence, RI, USA	NA	Raw	NA	FALSE	41.83258	-71.43854	2024	October	Elmhurst
248	2024-10-12	917116	02:09:00	Pedestrian	1	NA	FALSE	FALSE	1	Dean Street	Atwells Avenue	2024-10-12	Two-Way , Not Divided	Dry	Dark - Lighted	Clear	Not a Collision Between Two Motor Vehicles in Transport	Yes	Traffic Control Signal	1	1	Non-Incapacitating	NA	NA	NA	FALSE	FALSE	Dean Street and Atwells Avenue, Providence, RI, USA	NA	Geocoded	raw coords null but geocoded coords found	TRUE	41.8234242	-71.4242087	2024	October	Federal Hill
249	2024-10-12	917120	06:21:00	Pedestrian	1	NA	FALSE	FALSE	1	ELMWOOD AVE	BURNETT ST	2024-10-12	Two-Way, Divided, Unprotected (painted>4feet) Medium	Dry	Dark - Unknown Lighting	Clear	Not a Collision Between Two Motor Vehicles in Transport	No	Pavement Markings	3	1	Incapacitating	NA	41.80281	-71.42593	FALSE	FALSE	Elmwood Ave and Burnett Street, Providence, RI, USA	NA	Raw	NA	FALSE	41.80281	-71.42593	2024	October	West End
250	2024-10-15	917200	07:51:00	Bicycle	NA	1	FALSE	FALSE	1	Camp St	DOYLE AVE	2024-10-15	Two-Way , Not Divided	Dry	Daylight	Clear	Not a Collision Between Two Motor Vehicles in Transport	No	Stop Signs	2	1	Pain Reported	NA	41.83879	-71.4042	FALSE	FALSE	Camp Street and Doyle Ave, Providence, RI, USA	NA	Raw	NA	FALSE	41.83879	-71.4042	2024	October	Mount Hope
251	2024-10-16	917284	16:44:00	Pedestrian	1	NA	FALSE	FALSE	1	BROAD ST	SERVICE ROAD 7	2024-10-16	Two-Way , Not Divided	Dry	Daylight	Clear	Not a Collision Between Two Motor Vehicles in Transport	No	Traffic Control Signal	4	1	Pain Reported	NA	41.81734	-71.417	FALSE	FALSE	Broad Street and Service Road 7, Providence, RI, USA	NA	Raw	NA	FALSE	41.81734	-71.417	2024	October	Upper South Providence
252	2024-10-17	917304	07:05:00	Pedestrian	1	NA	FALSE	FALSE	1	BROAD ST	PEARL ST	2024-10-17	Two-Way , Not Divided	Dry	Daylight	Clear	Not a Collision Between Two Motor Vehicles in Transport	No	Traffic Control Signal	3	1	Pain Reported	NA	41.81471	-71.42098	FALSE	FALSE	Broad Street and Pearl Street, Providence, RI, USA	NA	Raw	NA	FALSE	41.81471	-71.42098	2024	October	West End
253	2024-10-17	917305	13:15:00	Pedestrian	1	NA	FALSE	FALSE	1	KENNEDY PLZ	DORRANCE ST	2024-10-17	Two-Way , Not Divided	Dry	Daylight	Clear	Not a Collision Between Two Motor Vehicles in Transport	No	Traffic Control Signal	4	1	Pain Reported	NA	41.82419	-71.41227	FALSE	FALSE	Kennedy Plz and Dorrance Street, Providence, RI, USA	NA	Raw	NA	FALSE	41.82419	-71.41227	2024	October	Downtown
254	2024-10-18	917337	07:30:00	Pedestrian	1	NA	FALSE	FALSE	1	Hartford Ave	HARTFORD AVE	2024-10-18	Two-Way , Not Divided	Dry	Daylight	Clear	Not a Collision Between Two Motor Vehicles in Transport	No	No Controls	3	1	Pain Reported	NA	41.81961	-71.466	FALSE	FALSE	Hartford Ave and Hartford Ave, Providence, RI, USA	NA	Raw	distance greater than 100m	TRUE	41.81961	-71.466	2024	October	Hartford
255	2024-10-18	917364	20:13:00	Bicycle	NA	1	FALSE	FALSE	1	1215 NORTH MAIN ST	SMITHFIELD AVE	2024-10-18	Two-Way, Divided, Positive Median Barrier	Dry	Dark - Lighted	Clear	Angle (Front - to - Side) Right Angle (Includes Broadside)	No	Traffic Control Signal	2	1	Pain Reported	NA	41.84391	-71.40687	TRUE	FALSE	1215 North Main Street, Providence, RI, USA	NA	Geocoded	distance greater than 100m	TRUE	41.8532263	-71.4007141	2024	October	Hope
256	2024-10-19	917380	16:01:00	Pedestrian	1	NA	TRUE	FALSE	1	ATWELLS AVE	PARNELL ST	2024-10-19	Two-Way, Divided, Unprotected (painted>4feet) Medium	Dry	Daylight	Clear	Not a Collision Between Two Motor Vehicles in Transport	No	No Controls	7	1	Pain Reported	NA	41.82531	-71.45364	FALSE	FALSE	Atwells Ave and Parnell Street, Providence, RI, USA	NA	Raw	NA	FALSE	41.82531	-71.45364	2024	October	Olneyville
257	2024-10-19	917384	15:25:00	Pedestrian	1	NA	FALSE	FALSE	1	BROAD ST	ELMA ST	2024-10-19	Two-Way , Not Divided	Dry	Daylight	Clear	Not a Collision Between Two Motor Vehicles in Transport	No	No Controls	3	1	Pain Reported	NA	41.79684	-71.41297	FALSE	FALSE	Broad Street and Elma Street, Providence, RI, USA	NA	Raw	NA	FALSE	41.79684	-71.41297	2024	October	Elmwood
258	2024-10-20	917403	11:43:00	Pedestrian	1	NA	FALSE	FALSE	1	WHITEHALL ST	UNION AVE	2024-10-20	Two-Way , Not Divided	Dry	Daylight	Clear	Not a Collision Between Two Motor Vehicles in Transport	No	No Controls	2	1	Pain Reported	NA	41.80802	-71.44401	FALSE	FALSE	Whitehall Street and Union Ave, Providence, RI, USA	NA	Raw	NA	FALSE	41.80802	-71.44401	2024	October	Silver Lake
259	2024-10-22	917497	15:09:00	Pedestrian	1	NA	FALSE	FALSE	1	BLACKSTONE ST	PLAIN ST	2024-10-22	Two-Way , Not Divided	Dry	Daylight	Clear	Not a Collision Between Two Motor Vehicles in Transport	No	Pavement Markings	5	1	Pain Reported	NA	41.80957	-71.41096	FALSE	FALSE	Blackstone Street and Plain Street, Providence, RI, USA	NA	Raw	NA	FALSE	41.80957	-71.41096	2024	October	Upper South Providence
260	2024-10-22	917509	20:09:00	Bicycle	NA	1	FALSE	FALSE	1	POTTERS AVE	ELMWOOD AVE	2024-10-22	Two-Way , Not Divided	Dry	Dark - Lighted	Clear	Not a Collision Between Two Motor Vehicles in Transport	No	Pavement Markings	2	1	Pain Reported	NA	41.80151	-71.42635	FALSE	FALSE	Potters Ave and Elmwood Ave, Providence, RI, USA	NA	Raw	NA	FALSE	41.80151	-71.42635	2024	October	West End
261	2024-10-25	917604	09:27:00	Bicycle	NA	1	FALSE	FALSE	1	DUXBURY ST.	KILLINGLY ST	2024-10-25	Two-Way , Not Divided	Dry	Daylight	Clear	Not a Collision Between Two Motor Vehicles in Transport	No	No Controls	4	1	Pain Reported	NA	41.813720000000004	-71.46091	FALSE	FALSE	Duxbury St. and Killingly Street, Providence, RI, USA	NA	Raw	NA	FALSE	41.813720000000004	-71.46091	2024	October	Hartford
262	2024-10-25	917616	13:17:00	Pedestrian	1	NA	FALSE	FALSE	1	Weybosset St.	CUSTOM HOUSE ST	2024-10-25	One-Way Trafficway	Dry	Daylight	Clear	Not a Collision Between Two Motor Vehicles in Transport	Yes	No Controls	1	1	Pain Reported	NA	41.82426	-71.4097	FALSE	FALSE	Weybosset St. and Custom House Street, Providence, RI, USA	NA	Raw	NA	FALSE	41.82426	-71.4097	2024	October	Downtown
263	2024-10-26	917646	19:35:00	Pedestrian	1	NA	FALSE	FALSE	1	HARTFORD AVE	HARTFORD AVE	2024-10-26	Unknown	Dry	Dark - Lighted	Clear	Not a Collision Between Two Motor Vehicles in Transport	Yes	No Controls	1	1	Pain Reported	NA	41.81858	-71.45874	FALSE	FALSE	Hartford Ave and Hartford Ave, Providence, RI, USA	NA	Raw	distance greater than 100m	TRUE	41.81858	-71.45874	2024	October	Hartford
264	2024-10-26	917651	22:51:00	Pedestrian	1	NA	FALSE	FALSE	1	BROAD ST	ALDRICH ST	2024-10-27	Two-Way, Divided, Unprotected (painted>4feet) Medium	Dry	Dark - Lighted	Clear	Not a Collision Between Two Motor Vehicles in Transport	No	Pavement Markings	4	1	Non-Incapacitating	NA	41.79336	-71.40865	FALSE	FALSE	Broad Street and Aldrich Street, Providence, RI, USA	NA	Raw	NA	FALSE	41.79336	-71.40865	2024	October	South Elmwood
265	2024-10-27	917661	13:02:00	Bicycle	NA	1	FALSE	FALSE	1	DEXTER ST	WALDO ST	2024-10-27	Two-Way , Not Divided	Dry	Daylight	Clear	Other	Yes	No Controls	1	1	Pain Reported	NA	41.80445	-71.43	FALSE	FALSE	Dexter Street and Waldo Street, Providence, RI, USA	NA	Raw	NA	FALSE	41.80445	-71.43	2024	October	West End
266	2024-10-27	917666	16:31:00	Bicycle	NA	1	FALSE	FALSE	1	SMITH ST	SMITH ST	2024-10-27	Two-Way , Not Divided	Dry	Daylight	Clear	Not a Collision Between Two Motor Vehicles in Transport	No	No Controls	2	1	Pain Reported	NA	41.83266	-71.4192	FALSE	FALSE	Smith Street and Smith Street, Providence, RI, USA	NA	Raw	distance greater than 100m	TRUE	41.83266	-71.4192	2024	October	Smith Hill
267	2024-10-28	917705	17:10:00	Pedestrian	1	NA	FALSE	FALSE	1	HARTFORD AVE	OLNEYVILLE SQ	2024-10-28	Two-Way , Not Divided	Dry	Daylight	Clear	Not a Collision Between Two Motor Vehicles in Transport	No	Person	4	0	No Injury	NA	41.81668	-71.44385	FALSE	FALSE	Hartford Ave and Olneyville Sq, Providence, RI, USA	NA	Raw	NA	FALSE	41.81668	-71.44385	2024	October	Olneyville
268	2024-10-29	917713	13:25:00	Bicycle	NA	1	FALSE	FALSE	1	65 Sorrento St	ALTHEA ST	2024-10-29	Two-Way, Divided, Unprotected (painted>4feet) Medium	Dry	Daylight	Clear	Not a Collision Between Two Motor Vehicles in Transport	No	Stop Signs	3	1	Pain Reported	NA	41.80857	-71.43675	TRUE	FALSE	65 Sorrento Street, Providence, RI, USA	NA	Raw	NA	FALSE	41.80857	-71.43675	2024	October	West End
269	2024-10-29	917734	19:31:00	Bicycle	NA	1	FALSE	FALSE	1	ELLENFIELD ST	ALLENS AVE	2024-10-29	Two-Way , Not Divided	Dry	Dark - Lighted	Clear	Not a Collision Between Two Motor Vehicles in Transport	No	No Controls	2	1	Incapacitating	NA	41.79435	-71.39779	FALSE	FALSE	Ellenfield Street and Allens Ave, Providence, RI, USA	NA	Raw	NA	FALSE	41.79435	-71.39779	2024	October	Washington Park
270	2024-10-30	917741	07:51:00	Pedestrian	1	NA	TRUE	FALSE	1	CHALKSTONE AVE.	GARFIELD AVE	2024-10-30	Two-Way , Not Divided	Dry	Daylight	Clear	Not a Collision Between Two Motor Vehicles in Transport	No	No Controls	6	1	Pain Reported	NA	41.83383	-71.43241	FALSE	FALSE	Chalkstone Ave. and Garfield Ave, Providence, RI, USA	NA	Raw	NA	FALSE	41.83383	-71.43241	2024	October	Valley
271	2024-10-30	917767	17:57:00	Pedestrian	2	NA	FALSE	FALSE	1	WICKENDEN ST.	TRAVERSE ST	2024-10-30	Two-Way , Not Divided	Dry	Dark - Lighted	Clear	Not a Collision Between Two Motor Vehicles in Transport	No	No Controls	3	2	Pain Reported	NA	41.81929	-71.39973	FALSE	FALSE	Wickenden St. and Traverse Street, Providence, RI, USA	NA	Raw	NA	FALSE	41.81929	-71.39973	2024	October	Fox Point
272	2024-11-03	917881	20:49:00	Pedestrian	1	NA	FALSE	FALSE	1	N MAIN ST	STEEPLE ST	2024-11-03	Unknown	Dry	Unknown	Clear	Not a Collision Between Two Motor Vehicles in Transport	Yes	No Controls	1	0	No Injury	NA	41.82761	-71.40913	FALSE	FALSE	N Main Street and Steeple Street, Providence, RI, USA	NA	Raw	NA	FALSE	41.82761	-71.40913	2024	November	Downtown
273	2024-11-04	917911	13:47:00	Pedestrian	1	NA	FALSE	FALSE	1	ANGELL STREET	BROWN ST	2024-11-04	One-Way Trafficway	Dry	Daylight	Cloudy	Not a Collision Between Two Motor Vehicles in Transport	No	Stop Signs	2	1	Pain Reported	NA	41.82785	-71.40327	FALSE	FALSE	Angell Street and Brown Street, Providence, RI, USA	NA	Raw	NA	FALSE	41.82785	-71.40327	2024	November	College Hill
274	2024-11-05	917949	14:38:00	Bicycle	NA	1	FALSE	FALSE	1	broad street	BROAD ST	2024-11-05	Two-Way, Divided, Unprotected (painted>4feet) Medium	Dry	Daylight	Clear	Angle (Front - to - Side) Opposite Direction	No	No Controls	2	1	Pain Reported	NA	41.79942	-71.41617	FALSE	FALSE	Broad Street and Broad Street, Providence, RI, USA	NA	Raw	distance greater than 100m	TRUE	41.79942	-71.41617	2024	November	Elmwood
275	2024-11-05	917954	15:22:00	Bicycle	NA	1	FALSE	FALSE	1	SMITHFIELD AVE	N MAIN ST	2024-11-05	Two-Way, Divided, Unprotected (painted>4feet) Medium	Dry	Daylight	Clear	Angle (Front - to - Side) Opposite Direction	No	Traffic Control Signal	3	1	Pain Reported	NA	41.85336	-71.40114	FALSE	FALSE	Smithfield Ave and N Main Street, Providence, RI, USA	NA	Raw	NA	FALSE	41.85336	-71.40114	2024	November	Hope
276	2024-11-07	918043	20:06:00	Pedestrian	1	NA	FALSE	FALSE	1	cranston street	HANOVER ST	2024-11-07	Two-Way, Divided, Unprotected (painted>4feet) Medium	Dry	Dark - Lighted	Clear	Not a Collision Between Two Motor Vehicles in Transport	No	No Controls	2	1	Pain Reported	NA	41.80954	-71.43351	FALSE	FALSE	Cranston Street and Hanover Street, Providence, RI, USA	NA	Raw	NA	FALSE	41.80954	-71.43351	2024	November	West End