row_number	crash_date	crash_report_id	crash_time	collision_type	count_pedestrian	count_bicycle	scooter	wheel_chair	number_of_vehicles	street_or_highway	nearest_intersection	report_date	type_of_roadway	road_surface_condition	light_condition	weather_condition	manner_of_impact	hit_and_run	traffic_control	person_count	injury_count	most_serious_injury	number_of_lanes	lat_raw	lon_raw	has_st_number	is_intersection_null	address_sent_to_geocoder	api_coord_conf	best_coordinate_set	reason_for_qa	manually_qaed_record	final_lat	final_lon	year	month	pvd_nhood
94	2025-03-23	922568	17:37:00	Pedestrian	1	NA	FALSE	FALSE	1	smith st	GENTIAN AVE	2025-03-23	Two-Way , Not Divided	Dry	Daylight	Clear	Other	Yes	No Controls	1	1	Pain Reported	NA	41.84602	-71.45171	FALSE	FALSE	Smith Street and Gentian Ave, Providence, RI, USA	NA	Raw	NA	FALSE	41.84602	-71.45171	2025	March	Mount Pleasant
98	2025-03-27	922690	15:06:00	Bicycle	NA	1	FALSE	FALSE	1	MITCHELL ST	NIAGARA ST	2025-03-27	Two-Way , Not Divided	Dry	Daylight	Clear	Not a Collision Between Two Motor Vehicles in Transport	No	Pavement Markings	2	1	Pain Reported	NA	41.80165	-71.41844	FALSE	FALSE	Mitchell Street and Niagara Street, Providence, RI, USA	NA	Geocoded	distance greater than 100m	TRUE	41.8011804	-71.42003389999999	2025	March	Elmwood
99	2025-03-31	922796	19:58:00	Other	NA	1	FALSE	FALSE	1	BUCKLIN ST	RUTLAND ST	2025-03-31	Two-Way , Not Divided	Dry	Dark - Lighted	Clear	Angle (Front - to - Side) Opposite Direction	No	Stop Signs	4	1	Non-Incapacitating	NA	41.79856	-71.42759	FALSE	FALSE	Bucklin Street and Rutland Street, Providence, RI, USA	NA	Raw	NA	FALSE	41.79856	-71.42759	2025	March	West End
100	2025-04-01	922822	15:12:00	Pedestrian	1	NA	FALSE	FALSE	1	BRANCH AVE	OPPER ST	2025-04-01	Two-Way , Not Divided	Dry	Daylight	Clear	Not a Collision Between Two Motor Vehicles in Transport	No	Pavement Markings	3	1	Pain Reported	NA	41.85173	-71.42337	FALSE	FALSE	Branch Ave and Opper Street, Providence, RI, USA	NA	Raw	NA	FALSE	41.85173	-71.42337	2025	April	Charles
101	2025-04-04	923005	16:20:00	Other	NA	1	FALSE	FALSE	1	ELMWOOD AVE	ELMWOOD AVE	2025-04-07	Two-Way , Not Divided	Dry	Daylight	Clear	Angle (Front - to - Side) Same Direction	No	Unknown	12	0	Unknown	NA	41.80999	-71.42398	FALSE	FALSE	Elmwood Ave and Elmwood Ave, Providence, RI, USA	NA	Raw	distance greater than 100m	TRUE	41.80999	-71.42398	2025	April	West End
102	2025-04-04	923971	15:16:00	Pedestrian	1	NA	TRUE	FALSE	1	ADELAIDE AVE/ ELMWOOD AVE	ADELAIDE AVE	2025-05-05	Two-Way , Not Divided	Dry	Daylight	Clear	Other	Yes	No Controls	2	1	Pain Reported	NA	41.79586	-71.4251	FALSE	FALSE	Adelaide Ave/ Elmwood Ave and Adelaide Ave, Providence, RI, USA	NA	Raw	NA	FALSE	41.79586	-71.4251	2025	April	Elmwood
104	2025-04-05	922960	17:05:00	Pedestrian	1	NA	FALSE	FALSE	1	RESERVOIR AVE	ADELAIDE AVE	2025-04-05	Two-Way , Not Divided	Wet	Daylight	Rain	Not a Collision Between Two Motor Vehicles in Transport	Yes	No Controls	1	1	Non-Incapacitating	NA	41.79553	-71.42623	FALSE	FALSE	Reservoir Ave and Adelaide Ave, Providence, RI, USA	NA	Raw	NA	FALSE	41.79553	-71.42623	2025	April	West End
105	2025-04-06	923015	12:00:00	Pedestrian	1	NA	FALSE	FALSE	1	FRANCIS ST	AMERICAN EXPRESS PLZ	2025-04-07	Two-Way , Not Divided	Wet	Daylight	Cloudy	Unknown	No	Unknown	3	0	No Injury	NA	41.8272	-71.41544	FALSE	FALSE	Francis Street and American Express Plz, Providence, RI, USA	NA	Raw	distance greater than 100m	TRUE	41.8272	-71.41544	2025	April	Downtown
106	2025-04-07	923024	20:29:00	Pedestrian	1	NA	FALSE	FALSE	1	ANGELL ST	BROOK ST	2025-04-07	Two-Way , Not Divided	Wet	Dark - Not Lighted	Rain	Other	No	Traffic Control Signal	4	1	Pain Reported	NA	41.82821	-71.39947	FALSE	FALSE	Angell Street and Brook Street, Providence, RI, USA	NA	Raw	NA	FALSE	41.82821	-71.39947	2025	April	College Hill
108	2025-04-09	923320	18:00:00	Pedestrian	1	NA	FALSE	FALSE	1	BRANCH AVE	W RIVER ST	2025-04-16	Two-Way , Not Divided	Dry	Dark - Unknown Lighting	Clear	Unknown	Yes	Unknown	1	1	Pain Reported	NA	41.84686	-71.41262	FALSE	FALSE	Branch Ave and W River Street, Providence, RI, USA	NA	Raw	NA	FALSE	41.84686	-71.41262	2025	April	Mount Hope
109	2025-04-10	923100	08:02:00	Pedestrian	1	NA	FALSE	FALSE	1	TERRACE AVE	PROGRESS AVE	2025-04-10	Two-Way, Not Divided With a Continuous Left Turn Lane	Dry	Daylight	Clear	Not a Collision Between Two Motor Vehicles in Transport	No	Other	3	1	Pain Reported	NA	41.80789	-71.45168	FALSE	FALSE	Terrace Ave and Progress Ave, Providence, RI, USA	NA	Raw	NA	FALSE	41.80789	-71.45168	2025	April	Silver Lake
110	2025-04-10	923114	14:23:00	Other	NA	1	FALSE	FALSE	1	BRANCH AVE	WILD ST	2025-04-10	Two-Way , Not Divided	Dry	Daylight	Clear	Other	Yes	No Controls	1	1	Pain Reported	NA	41.85505	-71.43792	FALSE	FALSE	Branch Ave and Wild Street, Providence, RI, USA	NA	Raw	NA	FALSE	41.85505	-71.43792	2025	April	Wanskuck
114	2025-04-14	923242	07:42:00	Bicycle	NA	1	FALSE	FALSE	1	PLAINFIELD ST	RT 6 EXIT	2025-04-14	Two-Way , Not Divided	Dry	Daylight	Clear	Not a Collision Between Two Motor Vehicles in Transport	No	No Controls	2	1	Pain Reported	NA	41.81478	-71.44659	FALSE	FALSE	Plainfield Street and Rt 6 Exit, Providence, RI, USA	NA	Raw	distance greater than 100m	TRUE	41.81478	-71.44659	2025	April	Silver Lake
115	2025-04-14	923262	14:58:00	Pedestrian	1	NA	FALSE	FALSE	1	CHALKSTONE AVE	OAKLAND AVE	2025-04-14	Two-Way , Not Divided	Dry	Daylight	Clear	Not a Collision Between Two Motor Vehicles in Transport	No	Pavement Markings	4	1	Pain Reported	NA	41.83419	-71.43024	FALSE	FALSE	Chalkstone Ave and Oakland Ave, Providence, RI, USA	NA	Raw	NA	FALSE	41.83419	-71.43024	2025	April	Elmhurst
117	2025-04-15	923283	14:32:00	Pedestrian	1	NA	TRUE	FALSE	1	EDDY ST	TORONTO AVE	2025-04-15	Two-Way , Not Divided	Wet	Daylight	Cloudy	Angle (Front - to - Side) Right Angle (Includes Broadside)	No	No Controls	3	1	Pain Reported	2	41.79152	-71.40348	FALSE	FALSE	Eddy Street and Toronto Ave, Providence, RI, USA	NA	Raw	NA	FALSE	41.79152	-71.40348	2025	April	Washington Park
118	2025-04-15	923293	17:48:00	Bicycle	NA	NA	FALSE	FALSE	2	GLENBRIDGE AVE	MATTIE ST	2025-04-15	Two-Way , Not Divided	Dry	Daylight	Cloudy	Angle (Front - to - Side) Right Angle (Includes Broadside)	Yes	No Controls	2	0	Unknown	NA	41.8216	-71.4608	FALSE	FALSE	Glenbridge Ave and Mattie Street, Providence, RI, USA	NA	Raw	NA	FALSE	41.8216	-71.4608	2025	April	Hartford
119	2025-04-15	923332	13:43:00	Pedestrian	1	NA	FALSE	FALSE	1	AMSTERDAM ST	HANNAH ST	2025-04-17	Two-Way , Not Divided	Dry	Daylight	Clear	Sideswipe, Same Direction	Yes	Unknown	4	1	Pain Reported	NA	41.82437	-71.44874	FALSE	FALSE	Amsterdam Street and Hannah Street, Providence, RI, USA	NA	Raw	NA	FALSE	41.82437	-71.44874	2025	April	Olneyville
120	2025-04-16	923309	10:20:00	Pedestrian	1	NA	FALSE	FALSE	1	SMITH STREET	ACADEMY AVENUE	2025-04-16	Two-Way , Not Divided	Dry	Daylight	Cloudy	Not a Collision Between Two Motor Vehicles in Transport	No	No Controls	2	1	Pain Reported	NA	41.82269	-71.46671	FALSE	FALSE	Smith Street and Academy Avenue, Providence, RI, USA	NA	Geocoded	distance greater than 100m	TRUE	41.842608	-71.4451576	2025	April	Mount Pleasant
121	2025-04-18	923362	18:09:00	Pedestrian	1	NA	FALSE	FALSE	1	ATWELLS AVE	NEWTON ST	2025-04-18	Two-Way , Not Divided	Dry	Daylight	Clear	Not a Collision Between Two Motor Vehicles in Transport	No	No Controls	5	1	Pain Reported	NA	41.82327	-71.42229	FALSE	FALSE	Atwells Ave and Newton Street, Providence, RI, USA	NA	Raw	NA	FALSE	41.82327	-71.42229	2025	April	Federal Hill
122	2025-04-19	923384	13:30:00	Pedestrian	1	NA	FALSE	FALSE	2	N MAIN ST	DOYLE AVE	2025-04-19	Two-Way, Divided, Positive Median Barrier	Dry	Daylight	Cloudy	Not a Collision Between Two Motor Vehicles in Transport	No	Traffic Control Signal	6	1	Pain Reported	NA	41.8385	-71.4092	FALSE	FALSE	N Main Street and Doyle Ave, Providence, RI, USA	NA	Raw	NA	FALSE	41.8385	-71.4092	2025	April	Mount Hope
124	2025-04-19	923396	17:47:00	Bicycle	NA	1	FALSE	FALSE	1	VALLEY ST	DEAN ST	2025-04-19	Two-Way , Not Divided	Dry	Daylight	Clear	Not a Collision Between Two Motor Vehicles in Transport	No	Pavement Markings	5	0	No Injury	NA	41.83139	-71.42848	FALSE	FALSE	Valley Street and Dean Street, Providence, RI, USA	NA	Raw	distance greater than 100m	TRUE	41.83139	-71.42848	2025	April	Valley
125	2025-04-20	923426	14:54:00	Pedestrian	1	NA	FALSE	FALSE	1	W FOUNTAIN ST	DEAN ST	2025-04-20	Two-Way , Not Divided	Dry	Daylight	Clear	Not a Collision Between Two Motor Vehicles in Transport	No	No Controls	2	1	Pain Reported	NA	41.81943	-71.42098	FALSE	FALSE	W Fountain Street and Dean Street, Providence, RI, USA	NA	Raw	NA	FALSE	41.81943	-71.42098	2025	April	Federal Hill
126	2025-04-20	923432	17:21:00	Other	NA	1	FALSE	FALSE	1	PROVIDENCE ST	LOCKWOOD ST	2025-04-20	Two-Way , Not Divided	Dry	Daylight	Clear	Other	No	No Controls	3	1	Pain Reported	NA	41.81294	-71.41599	FALSE	FALSE	Providence Street and Lockwood Street, Providence, RI, USA	NA	Raw	NA	FALSE	41.81294	-71.41599	2025	April	Upper South Providence
127	2025-04-20	923442	20:39:00	Pedestrian	1	NA	FALSE	FALSE	1	CHALKSTONE AVE	BERLIN ST	2025-04-20	Two-Way , Not Divided	Dry	Dark - Lighted	Clear	Not a Collision Between Two Motor Vehicles in Transport	Yes	Pavement Markings	1	1	Pain Reported	NA	41.83229	-71.44199	FALSE	FALSE	Chalkstone Ave and Berlin Street, Providence, RI, USA	NA	Raw	NA	FALSE	41.83229	-71.44199	2025	April	Valley
131	2025-04-22	924034	19:30:00	Pedestrian	1	NA	FALSE	FALSE	1	DABOLL ST	DEXTER ST	2025-05-07	Two-Way , Not Divided	Dry	Dusk	Clear	Other	No	No Controls	2	1	Pain Reported	NA	41.80404	-71.43011	FALSE	FALSE	Daboll Street and Dexter Street, Providence, RI, USA	NA	Raw	NA	FALSE	41.80404	-71.43011	2025	April	West End
132	2025-04-23	923613	10:35:00	Other	NA	1	FALSE	FALSE	1	CHAPMAN ST	VIRGINIA AVE	2025-04-23	Two-Way , Not Divided	Dry	Daylight	Clear	Not a Collision Between Two Motor Vehicles in Transport	No	Stop Signs	2	1	Pain Reported	NA	41.79267	-71.40049	FALSE	FALSE	Chapman Street and Virginia Ave, Providence, RI, USA	NA	Raw	NA	FALSE	41.79267	-71.40049	2025	April	Washington Park
133	2025-04-24	923545	08:20:00	Bicycle	NA	1	FALSE	FALSE	1	60 VALLEY ST	SCHOOL ST	2025-04-24	Two-Way, Divided, Unprotected (painted>4feet) Medium	Dry	Daylight	Clear	Not a Collision Between Two Motor Vehicles in Transport	No	No Controls	2	1	Non-Incapacitating	NA	41.81896	-71.44059	TRUE	FALSE	60 Valley Street, Providence, RI, USA	NA	Raw	distance greater than 100m	TRUE	41.81896	-71.44059	2025	April	Olneyville
134	2025-04-24	923551	12:13:00	Pedestrian	1	NA	FALSE	FALSE	1	SHIPYARD ST	ERNEST ST	2025-04-24	Two-Way , Not Divided	Dry	Daylight	Clear	Unknown	No	No Controls	3	1	Pain Reported	NA	41.79151	-71.39129	FALSE	FALSE	Shipyard Street and Ernest Street, Providence, RI, USA	NA	Geocoded	distance greater than 100m	TRUE	41.7946722	-71.393991	2025	April	Washington Park
135	2025-04-24	923568	20:28:00	Pedestrian	1	NA	FALSE	FALSE	3	UNION AVE	WAVERLY ST	2025-04-24	Two-Way , Not Divided	Dry	Dark - Lighted	Clear	Angle (Front - to - Side) Opposite Direction	No	No Controls	4	2	Pain Reported	NA	41.8095	-71.43755	FALSE	FALSE	Union Ave and Waverly Street, Providence, RI, USA	NA	Raw	NA	FALSE	41.8095	-71.43755	2025	April	West End
138	2025-04-25	923584	09:47:00	Pedestrian	1	NA	FALSE	FALSE	1	AUTUMN ST	EDDY ST	2025-04-25	Two-Way , Not Divided	Dry	Daylight	Clear	Not a Collision Between Two Motor Vehicles in Transport	No	No Controls	2	1	Pain Reported	NA	41.80098	-71.4061	FALSE	FALSE	Autumn Street and Eddy Street, Providence, RI, USA	NA	Raw	NA	FALSE	41.80098	-71.4061	2025	April	Lower South Providence
139	2025-04-25	923600	22:11:00	Bicycle	NA	1	FALSE	FALSE	1	PINE ST	CHESTNUT ST	2025-04-25	One-Way Trafficway	Dry	Dark - Lighted	Cloudy	Not a Collision Between Two Motor Vehicles in Transport	No	No Controls	3	1	Non-Incapacitating	NA	41.81944	-71.41294	FALSE	FALSE	Pine Street and Chestnut Street, Providence, RI, USA	NA	Raw	distance greater than 100m	TRUE	41.81944	-71.41294	2025	April	Downtown
141	2025-04-27	923652	13:23:00	Pedestrian	1	NA	FALSE	FALSE	1	1 BODELL AVE	ETNA ST	2025-04-27	Two-Way , Not Divided	Dry	Daylight	Clear	Not a Collision Between Two Motor Vehicles in Transport	No	No Controls	3	1	Pain Reported	NA	41.81661	-71.45223	TRUE	FALSE	1 Bodell Ave, Providence, RI, USA	NA	Raw	NA	FALSE	41.81661	-71.45223	2025	April	Hartford
143	2025-04-27	923659	19:11:00	Bicycle	NA	1	FALSE	FALSE	1	BLACKSTONE BLVD	LAUREL AVE	2025-04-27	Two-Way, Divided, Positive Median Barrier	Dry	Dawn	Clear	Not a Collision Between Two Motor Vehicles in Transport	Yes	Other	1	1	Pain Reported	NA	41.83811	-71.3854	FALSE	FALSE	Blackstone Blvd and Laurel Ave, Providence, RI, USA	NA	Raw	NA	FALSE	41.83811	-71.3854	2025	April	Blackstone
144	2025-04-30	923753	08:54:00	Bicycle	NA	1	FALSE	FALSE	1	BROADWAY	ATWELLS AVE	2025-04-30	Two-Way, Divided, Unprotected (painted>4feet) Medium	Dry	Daylight	Clear	Unknown	Yes	Pavement Markings	3	1	Non-Incapacitating	NA	41.8225	-71.41819	FALSE	FALSE	Broadway and Atwells Ave, Providence, RI, USA	NA	Raw	NA	FALSE	41.8225	-71.41819	2025	April	Downtown
145	2025-04-30	923771	16:50:00	Pedestrian	1	NA	FALSE	FALSE	2	NARRAGANSETT AVE	ROGER WILLIAMS AVE	2025-04-30	Two-Way , Not Divided	Dry	Daylight	Clear	Sideswipe, Same Direction	No	No Controls	3	3	Pain Reported	NA	41.78883	-71.42363	FALSE	FALSE	Narragansett Ave and Roger Williams Ave, Providence, RI, USA	NA	Raw	NA	FALSE	41.78883	-71.42363	2025	April	Reservoir
146	2025-04-30	923773	19:01:00	Pedestrian	1	NA	FALSE	FALSE	1	PUBLIC ST	EDDY ST	2025-04-30	Two-Way , Not Divided	Dry	Daylight	Clear	Not a Collision Between Two Motor Vehicles in Transport	No	Traffic Control Signal	3	1	Pain Reported	NA	41.80731	-71.40725	FALSE	FALSE	Public Street and Eddy Street, Providence, RI, USA	NA	Raw	NA	FALSE	41.80731	-71.40725	2025	April	Upper South Providence
147	2025-04-30	923796	16:12:00	Pedestrian	1	NA	FALSE	FALSE	1	WASHINGTON ST	EMPIRE ST	2025-05-01	Two-Way, Divided, Unprotected (painted>4feet) Medium	Dry	Daylight	Clear	Not a Collision Between Two Motor Vehicles in Transport	No	Traffic Control Signal	3	0	No Injury	NA	41.82182	-71.41645	FALSE	FALSE	Washington Street and Empire Street, Providence, RI, USA	NA	Raw	NA	FALSE	41.82182	-71.41645	2025	April	Downtown
148	2025-05-01	923785	00:09:00	Pedestrian	1	NA	FALSE	FALSE	1	DOUGLAS AVE	CHALKSTONE AVE	2025-05-01	Two-Way , Not Divided	Dry	Dark - Lighted	Clear	Not a Collision Between Two Motor Vehicles in Transport	Yes	No Controls	2	1	Pain Reported	NA	41.83636	-71.42038	FALSE	FALSE	Douglas Ave and Chalkstone Ave, Providence, RI, USA	NA	Raw	NA	FALSE	41.83636	-71.42038	2025	May	Smith Hill
149	2025-05-01	923787	07:46:00	Other	NA	1	FALSE	FALSE	1	ROCHAMBEAU AVE	BLACKSTONE BLVD	2025-05-01	Two-Way, Divided, Positive Median Barrier	Dry	Dawn	Clear	Not a Collision Between Two Motor Vehicles in Transport	No	No Controls	2	1	Pain Reported	NA	41.84556	-71.38674	FALSE	FALSE	Rochambeau Ave and Blackstone Blvd, Providence, RI, USA	NA	Raw	NA	FALSE	41.84556	-71.38674	2025	May	Blackstone
150	2025-05-02	923833	10:59:00	Other	NA	1	FALSE	FALSE	1	ZONE ST	CHALKSTONE AVE	2025-05-02	Two-Way , Not Divided	Dry	Daylight	Clear	Not a Collision Between Two Motor Vehicles in Transport	No	No Controls	3	1	Pain Reported	NA	41.83475	-71.42755	FALSE	FALSE	Zone Street and Chalkstone Ave, Providence, RI, USA	NA	Raw	NA	FALSE	41.83475	-71.42755	2025	May	Smith Hill
152	2025-05-04	923912	15:54:00	Other	NA	1	FALSE	FALSE	1	S WATER ST	POINT ST	2025-05-04	Two-Way , Not Divided	Dry	Daylight	Clear	Angle (Front - to - Side) Right Angle (Includes Broadside)	No	No Controls	3	0	No Injury	NA	41.81864	-71.4017	FALSE	FALSE	S Water Street and Point Street, Providence, RI, USA	NA	Raw	NA	FALSE	41.81864	-71.4017	2025	May	Fox Point
153	2025-05-04	923920	16:26:00	Bicycle	NA	1	FALSE	FALSE	1	WARRINGTON ST	EMERSON ST	2025-05-04	Two-Way , Not Divided	Dry	Daylight	Clear	Not a Collision Between Two Motor Vehicles in Transport	No	No Controls	3	1	Pain Reported	NA	41.79667	-71.41277	FALSE	FALSE	Warrington Street and Emerson Street, Providence, RI, USA	NA	Geocoded	distance greater than 100m	TRUE	41.7960247	-71.4150086	2025	May	Elmwood
156	2025-05-08	924078	09:20:00	Other	NA	1	FALSE	FALSE	1	BLACKSTONE BLVD	BLACKSTONE BLVD	2025-05-08	Two-Way , Not Divided	Dry	Daylight	Clear	Not a Collision Between Two Motor Vehicles in Transport	No	No Controls	2	1	Pain Reported	NA	41.84622	-71.38677	FALSE	FALSE	Blackstone Blvd and Blackstone Blvd, Providence, RI, USA	NA	Raw	distance greater than 100m	TRUE	41.84622	-71.38677	2025	May	Blackstone
158	2025-05-09	924134	15:01:00	Pedestrian	1	NA	FALSE	FALSE	1	DORRANCE ST	WASHINGTON ST	2025-05-09	Two-Way , Not Divided	Wet	Daylight	Rain	Not a Collision Between Two Motor Vehicles in Transport	No	No Controls	3	1	Pain Reported	NA	41.82451	-71.41286	FALSE	FALSE	Dorrance Street and Washington Street, Providence, RI, USA	NA	Raw	NA	FALSE	41.82451	-71.41286	2025	May	Downtown
160	2025-05-10	924140	00:08:00	Pedestrian	1	NA	FALSE	FALSE	1	ATWELLS AVE	BROADWAY	2025-05-10	Two-Way, Divided, Positive Median Barrier	Wet	Dark - Lighted	Rain	Rear End(Front-to-Rear)	No	Traffic Control Signal	3	1	Non-Incapacitating	NA	41.82251	-71.41856	FALSE	FALSE	Atwells Ave and Broadway, Providence, RI, USA	NA	Raw	NA	FALSE	41.82251	-71.41856	2025	May	Downtown
161	2025-05-10	924219	15:00:00	Other	NA	1	FALSE	FALSE	1	WASHINGTON ST	EMPIRE ST	2025-05-12	Unknown	Dry	Daylight	Clear	Sideswipe, Same Direction	Yes	Unknown	1	1	Pain Reported	NA	NA	NA	FALSE	FALSE	Washington Street and Empire Street, Providence, RI, USA	NA	Geocoded	raw coords null but geocoded coords found	TRUE	41.8218699	-71.4164272	2025	May	Downtown
162	2025-05-11	924168	05:02:00	Pedestrian	1	NA	FALSE	FALSE	1	350 POINT STREET	NA	2025-05-11	Two-Way, Divided, Unprotected (painted>4feet) Medium	Dry	Daylight	Cloudy	Not a Collision Between Two Motor Vehicles in Transport	Yes	No Controls	2	1	Incapacitating	NA	41.81668	-71.40954	TRUE	TRUE	350 Point Street, Providence, RI, USA	NA	Geocoded	distance greater than 100m	TRUE	41.8139618	-71.4166794	2025	May	Upper South Providence
163	2025-05-12	924224	14:30:00	Pedestrian	1	NA	FALSE	FALSE	1	Broad st	THURBERS AVE	2025-05-12	Two-Way , Not Divided	Dry	Daylight	Clear	Not a Collision Between Two Motor Vehicles in Transport	No	Traffic Control Signal	3	1	Pain Reported	NA	41.7982	-71.41467	FALSE	FALSE	Broad Street and Thurbers Ave, Providence, RI, USA	NA	Raw	NA	FALSE	41.7982	-71.41467	2025	May	Elmwood
164	2025-05-15	926305	02:30:00	Pedestrian	1	NA	FALSE	FALSE	1	W FRIENDSHIP ST	BROAD ST	2025-07-24	Two-Way , Not Divided	Dry	Dark - Unknown Lighting	Clear	Other	Yes	Unknown	1	1	Incapacitating	NA	41.80977	-71.42101	FALSE	FALSE	W Friendship Street and Broad Street, Providence, RI, USA	NA	Raw	NA	FALSE	41.80977	-71.42101	2025	May	Elmwood
165	2025-05-16	924359	14:05:00	Pedestrian	1	NA	FALSE	FALSE	1	DRYDEN LN	BRANCH AVE	2025-05-16	Two-Way , Not Divided	Dry	Daylight	Clear	Not a Collision Between Two Motor Vehicles in Transport	No	Pavement Markings	3	1	Non-Incapacitating	NA	41.84294	-71.40847	FALSE	FALSE	Dryden Ln and Branch Ave, Providence, RI, USA	NA	Raw	NA	FALSE	41.84294	-71.40847	2025	May	Mount Hope
166	2025-05-17	924380	02:00:00	Pedestrian	1	NA	FALSE	FALSE	1	BROAD ST	BROAD ST	2025-05-17	Two-Way , Not Divided	Dry	Dark - Lighted	Clear	Not a Collision Between Two Motor Vehicles in Transport	No	Unknown	3	0	No Injury	NA	41.79187	-71.4068	FALSE	FALSE	Broad Street and Broad Street, Providence, RI, USA	NA	Raw	distance greater than 100m	TRUE	41.79187	-71.4068	2025	May	Washington Park
168	2025-05-19	924425	08:40:00	Bicycle	NA	1	FALSE	FALSE	1	BUTLER AVE	S ANGELL ST	2025-05-19	Two-Way , Not Divided	Dry	Daylight	Clear	Angle (Front - to - Side) Right Angle (Includes Broadside)	Yes	No Controls	1	0	No Injury	2	41.82947	-71.38504	FALSE	FALSE	Butler Ave and S Angell Street, Providence, RI, USA	NA	Raw	NA	FALSE	41.82947	-71.38504	2025	May	Wayland
173	2025-05-23	924560	21:20:00	Pedestrian	1	NA	FALSE	FALSE	1	THAYER ST	FONES ALY	2025-05-23	Two-Way , Not Divided	Wet	Dark - Lighted	Cloudy	Not a Collision Between Two Motor Vehicles in Transport	No	No Controls	5	1	Pain Reported	NA	41.82768	-71.40059	FALSE	FALSE	Thayer Street and Fones Aly, Providence, RI, USA	NA	Raw	NA	FALSE	41.82768	-71.40059	2025	May	College Hill
174	2025-05-23	924561	20:52:00	Pedestrian	1	NA	FALSE	FALSE	1	DOUGLAS AVE	ADMIRAL ST	2025-05-23	Two-Way , Not Divided	Wet	Dark - Lighted	Rain	Not a Collision Between Two Motor Vehicles in Transport	No	Traffic Control Signal	2	1	Pain Reported	NA	41.84607	-71.42902	FALSE	FALSE	Douglas Ave and Admiral Street, Providence, RI, USA	NA	Raw	NA	FALSE	41.84607	-71.42902	2025	May	Wanskuck
175	2025-05-23	924562	21:29:00	Pedestrian	1	NA	FALSE	FALSE	1	EXCHANGE TER	EXCHANGE ST	2025-05-24	Two-Way , Not Divided	Wet	Dark - Lighted	Rain	Not a Collision Between Two Motor Vehicles in Transport	No	Traffic Control Signal	2	1	Non-Incapacitating	NA	41.82611	-71.4116	FALSE	FALSE	Exchange Ter and Exchange Street, Providence, RI, USA	NA	Raw	NA	FALSE	41.82611	-71.4116	2025	May	Downtown
176	2025-05-24	924571	13:34:00	Other	NA	NA	TRUE	FALSE	2	33 King St.	NA	2025-05-24	One-Way Trafficway	Dry	Daylight	Clear	Sidwswipe, Opposite Direction	No	No Controls	2	1	Pain Reported	NA	NA	NA	TRUE	TRUE	33 King St., Providence, RI, USA	NA	Neither	raw coords null but geocoded coords found	TRUE	41.82336	-71.4531	2025	May	Olneyville
177	2025-05-27	924666	20:29:00	Pedestrian	1	NA	FALSE	FALSE	2	MANTON AVE	PELHAM ST	2025-05-27	Two-Way , Not Divided	Dry	Dark - Lighted	Clear	Not a Collision Between Two Motor Vehicles in Transport	Yes	Pavement Markings	3	1	Pain Reported	NA	41.82069	-71.44752	FALSE	FALSE	Manton Ave and Pelham Street, Providence, RI, USA	NA	Raw	NA	FALSE	41.82069	-71.44752	2025	May	Olneyville
178	2025-05-27	924667	20:10:00	Other	NA	NA	TRUE	FALSE	1	LEXINGTON AVE	HAMILTON ST	2025-05-27	Two-Way , Not Divided	Dry	Dusk	Clear	Not a Collision Between Two Motor Vehicles in Transport	No	Other	3	1	Incapacitating	NA	41.79845	-71.42159	FALSE	FALSE	Lexington Ave and Hamilton Street, Providence, RI, USA	NA	Raw	NA	FALSE	41.79845	-71.42159	2025	May	Elmwood
179	2025-05-28	924682	16:58:00	Other	NA	1	FALSE	FALSE	1	N MAIN ST	SMITH ST	2025-05-28	Two-Way , Not Divided	Dry	Daylight	Clear	Sideswipe, Same Direction	No	No Controls	3	1	Pain Reported	NA	41.83086	-71.4104	FALSE	FALSE	N Main Street and Smith Street, Providence, RI, USA	NA	Raw	NA	FALSE	41.83086	-71.4104	2025	May	College Hill
180	2025-05-28	924686	20:35:00	Pedestrian	1	NA	TRUE	FALSE	1	HAYWARD ST	LINDEN ST	2025-05-28	Two-Way , Not Divided	Dry	Dark - Lighted	Clear	Not a Collision Between Two Motor Vehicles in Transport	No	No Controls	2	1	Non-Incapacitating	NA	41.81237	-71.42165	FALSE	FALSE	Hayward Street and Linden Street, Providence, RI, USA	NA	Raw	NA	FALSE	41.81237	-71.42165	2025	May	Elmwood
183	2025-05-29	924722	15:55:00	Pedestrian	1	NA	FALSE	FALSE	1	PLAINFIELD ST	EDNA ST	2025-05-29	Two-Way , Not Divided	Wet	Daylight	Cloudy	Not a Collision Between Two Motor Vehicles in Transport	No	Traffic Control Signal	2	1	Pain Reported	NA	41.81594	-71.44511	FALSE	FALSE	Plainfield Street and Edna Street, Providence, RI, USA	NA	Raw	NA	FALSE	41.81594	-71.44511	2025	May	Olneyville
185	2025-05-31	924785	15:50:00	Pedestrian	1	NA	FALSE	FALSE	1	CHALKSTONE AVE	DOUGLAS AVE	2025-05-31	One-Way Trafficway	Wet	Daylight	Rain	Not a Collision Between Two Motor Vehicles in Transport	No	Pavement Markings	5	1	Pain Reported	NA	41.83631	-71.42024	FALSE	FALSE	Chalkstone Ave and Douglas Ave, Providence, RI, USA	NA	Raw	NA	FALSE	41.83631	-71.42024	2025	May	Smith Hill
186	2025-05-31	924792	22:38:00	Pedestrian	1	NA	FALSE	FALSE	1	BANCROFT ST	POCASSET AVE	2025-06-01	Two-Way , Not Divided	Dry	Dark - Lighted	Clear	Unknown	Yes	No Controls	2	1	Incapacitating	NA	41.81332	-71.44834	FALSE	FALSE	Bancroft Street and Pocasset Ave, Providence, RI, USA	NA	Raw	NA	FALSE	41.81332	-71.44834	2025	May	Silver Lake