row_number	crash_date	crash_report_id	crash_time	collision_type	count_pedestrian	count_bicycle	scooter	wheel_chair	number_of_vehicles	street_or_highway	nearest_intersection	report_date	type_of_roadway	road_surface_condition	light_condition	weather_condition	manner_of_impact	hit_and_run	traffic_control	person_count	injury_count	most_serious_injury	number_of_lanes	lat_raw	lon_raw	has_st_number	is_intersection_null	address_sent_to_geocoder	api_coord_conf	best_coordinate_set	reason_for_qa	manually_qaed_record	final_lat	final_lon	year	month	pvd_nhood
187	2025-06-01	924813	13:22:00	Pedestrian	1	NA	FALSE	FALSE	1	100 MANTON AVE	NA	2025-06-01	Two-Way , Not Divided	Dry	Daylight	Clear	Not a Collision Between Two Motor Vehicles in Transport	No	No Controls	2	1	Pain Reported	NA	NA	NA	TRUE	TRUE	100 Manton Ave, Providence, RI, USA	NA	Geocoded	raw coords null but geocoded coords found	TRUE	41.8179117	-71.4463316	2025	June	Olneyville
189	2025-06-02	924858	21:07:00	Pedestrian	1	NA	FALSE	FALSE	1	MEMORIAL BLVD	EXIT 22A  (RT )	2025-06-02	Two-Way, Divided, Positive Median Barrier	Dry	Dark - Lighted	Clear	Not a Collision Between Two Motor Vehicles in Transport	Yes	Traffic Control Signal	2	1	Pain Reported	NA	41.82578	-71.41522	FALSE	FALSE	Memorial Blvd and Exit 22a  (Rt ), Providence, RI, USA	NA	Raw	distance greater than 100m	TRUE	41.82578	-71.41522	2025	June	Downtown
190	2025-06-02	925319	13:58:00	Bicycle	NA	1	FALSE	FALSE	1	BROAD ST	SERVICE ROAD 7	2025-06-19	Two-Way , Not Divided	Dry	Daylight	Clear	Not a Collision Between Two Motor Vehicles in Transport	No	Traffic Control Signal	3	0	No Injury	NA	41.81736	-71.41696	FALSE	FALSE	Broad Street and Service Road 7, Providence, RI, USA	NA	Raw	NA	FALSE	41.81736	-71.41696	2025	June	Upper South Providence
191	2025-06-03	924874	14:49:00	Pedestrian	1	NA	FALSE	FALSE	1	CANTON ST	ANDEM ST	2025-06-03	Two-Way , Not Divided	Dry	Daylight	Clear	Other	No	Stop Signs	2	0	No Injury	NA	41.8304	-71.44217	FALSE	FALSE	Canton Street and Andem Street, Providence, RI, USA	NA	Raw	NA	FALSE	41.8304	-71.44217	2025	June	Valley
192	2025-06-04	924886	08:53:00	Pedestrian	1	NA	FALSE	FALSE	1	HOLLYWOOD RD	PARADE ST	2025-06-04	Two-Way , Not Divided	Dry	Daylight	Clear	Not a Collision Between Two Motor Vehicles in Transport	No	Pavement Markings	2	1	Pain Reported	NA	41.81577	-71.43307	FALSE	FALSE	Hollywood Rd and Parade Street, Providence, RI, USA	NA	Raw	NA	FALSE	41.81577	-71.43307	2025	June	West End
193	2025-06-04	924893	08:36:00	Pedestrian	1	NA	FALSE	FALSE	1	Butler Dr	BLACKSTONE BLVD	2025-06-04	Two-Way, Not Divided With a Continuous Left Turn Lane	Dry	Daylight	Clear	Sidwswipe, Opposite Direction	Yes	No Controls	2	1	Pain Reported	NA	41.84616	-71.38673	FALSE	FALSE	Butler Dr and Blackstone Blvd, Providence, RI, USA	NA	Raw	distance greater than 100m	TRUE	41.84616	-71.38673	2025	June	Blackstone
194	2025-06-04	924904	13:22:00	Pedestrian	1	NA	TRUE	FALSE	1	BRANCH AVE	OLMSTEAD WAY	2025-06-04	Two-Way , Not Divided	Dry	Daylight	Clear	Not a Collision Between Two Motor Vehicles in Transport	No	No Controls	2	1	Non-Incapacitating	NA	41.8539	-71.42974	FALSE	FALSE	Branch Ave and Olmstead Way, Providence, RI, USA	NA	Raw	NA	FALSE	41.8539	-71.42974	2025	June	Wanskuck
195	2025-06-05	924939	13:11:00	Other	NA	1	FALSE	FALSE	1	BROAD ST	JILLSON ST	2025-06-05	Two-Way, Divided, Unprotected (painted>4feet) Medium	Dry	Daylight	Clear	Not a Collision Between Two Motor Vehicles in Transport	Yes	Unknown	2	1	Non-Incapacitating	NA	41.79103	-71.40589	FALSE	FALSE	Broad Street and Jillson Street, Providence, RI, USA	NA	Raw	NA	FALSE	41.79103	-71.40589	2025	June	Washington Park
196	2025-06-05	924942	12:38:00	Bicycle	NA	1	FALSE	FALSE	1	TOCKWOTTON ST	S MAIN ST	2025-06-05	Two-Way , Not Divided	Dry	Daylight	Clear	Angle (Front - to - Side) Same Direction	No	Stop Signs	3	1	Pain Reported	NA	41.81692	-71.4001	FALSE	FALSE	Tockwotton Street and S Main Street, Providence, RI, USA	NA	Geocoded	distance greater than 100m	TRUE	41.8174589	-71.39904419999999	2025	June	Fox Point
200	2025-06-06	925286	13:56:00	Pedestrian	1	NA	FALSE	FALSE	1	MORRIS AVE	OLNEY ST	2025-06-18	Two-Way , Not Divided	Dry	Daylight	Clear	Sideswipe, Same Direction	Yes	Unknown	1	1	Pain Reported	NA	41.83593	-71.39803	FALSE	FALSE	Morris Ave and Olney Street, Providence, RI, USA	NA	Raw	NA	FALSE	41.83593	-71.39803	2025	June	Blackstone
201	2025-06-10	925098	18:38:00	Pedestrian	1	NA	FALSE	FALSE	1	Killingly St	KILLINGLY ST	2025-06-10	Two-Way , Not Divided	Dry	Daylight	Rain	Other	No	No Controls	4	1	Pain Reported	NA	41.81408	-71.46186	FALSE	FALSE	Killingly Street and Killingly Street, Providence, RI, USA	NA	Neither	distance greater than 100m	TRUE	41.814607	-71.463767	2025	June	Hartford
202	2025-06-11	925118	14:30:00	Pedestrian	1	NA	FALSE	FALSE	1	BROADWAY	VALLEY ST	2025-06-11	Two-Way , Not Divided	Dry	Daylight	Clear	Not a Collision Between Two Motor Vehicles in Transport	Yes	No Controls	1	1	Pain Reported	NA	41.81683	-71.44101	FALSE	FALSE	Broadway and Valley Street, Providence, RI, USA	NA	Raw	NA	FALSE	41.81683	-71.44101	2025	June	Olneyville
203	2025-06-11	925123	16:10:00	Pedestrian	1	NA	FALSE	FALSE	1	EXCHANGE TERR	EXCHANGE ST	2025-06-11	Two-Way , Not Divided	Dry	Daylight	Clear	Not a Collision Between Two Motor Vehicles in Transport	No	Pavement Markings	5	1	Pain Reported	NA	41.82611	-71.4116	FALSE	FALSE	Exchange Terr and Exchange Street, Providence, RI, USA	NA	Raw	NA	FALSE	41.82611	-71.4116	2025	June	Downtown
205	2025-06-11	925174	17:50:00	Pedestrian	1	NA	TRUE	FALSE	1	EAGLE ST	VALLEY ST	2025-06-13	Unknown	Dry	Daylight	Clear	Head-On (Front - to - Front)	No	Unknown	4	1	Pain Reported	NA	41.82732	-71.43633	FALSE	FALSE	Eagle Street and Valley Street, Providence, RI, USA	NA	Raw	NA	FALSE	41.82732	-71.43633	2025	June	Valley
206	2025-06-12	925149	15:40:00	Pedestrian	1	NA	FALSE	FALSE	1	WEYBOSSET ST	DORRANCE ST	2025-06-12	Two-Way , Not Divided	Dry	Daylight	Clear	Not a Collision Between Two Motor Vehicles in Transport	No	Pavement Markings	3	1	Pain Reported	NA	41.82307	-71.41098	FALSE	FALSE	Weybosset Street and Dorrance Street, Providence, RI, USA	NA	Raw	NA	FALSE	41.82307	-71.41098	2025	June	Downtown
207	2025-06-13	925160	02:43:00	Pedestrian	1	NA	FALSE	FALSE	1	BROAD STREET	HASKINS STREET	2025-06-13	Two-Way, Divided, Unprotected (painted>4feet) Medium	Dry	Dark - Not Lighted	Cloudy	Not a Collision Between Two Motor Vehicles in Transport	No	No Controls	3	1	Non-Incapacitating	NA	41.81573	-71.4186	FALSE	FALSE	Broad Street and Haskins Street, Providence, RI, USA	NA	Geocoded	distance greater than 100m	TRUE	41.8161624	-71.4196691	2025	June	Upper South Providence
209	2025-06-15	925220	21:35:00	Pedestrian	1	NA	FALSE	FALSE	1	VALLEY ST	WOLCOTT ST	2025-06-16	Two-Way , Not Divided	Dry	Dark - Lighted	Clear	Not a Collision Between Two Motor Vehicles in Transport	Yes	No Controls	1	1	Pain Reported	NA	41.8291	-71.43312	FALSE	FALSE	Valley Street and Wolcott Street, Providence, RI, USA	NA	Raw	NA	FALSE	41.8291	-71.43312	2025	June	Valley
212	2025-06-16	925231	09:51:00	Pedestrian	1	NA	TRUE	FALSE	1	COLLEGE ST	MEMORIAL BLVD	2025-06-16	Two-Way , Not Divided	Dry	Daylight	Clear	Not a Collision Between Two Motor Vehicles in Transport	No	Pavement Markings	3	1	Non-Incapacitating	NA	41.8254	-71.40852	FALSE	FALSE	College Street and Memorial Blvd, Providence, RI, USA	NA	Raw	NA	FALSE	41.8254	-71.40852	2025	June	Downtown
213	2025-06-16	925255	22:30:00	Pedestrian	1	NA	FALSE	FALSE	1	CRANSTON ST	HUNTINGTON AVE	2025-06-17	Two-Way , Not Divided	Dry	Dark - Lighted	Clear	Not a Collision Between Two Motor Vehicles in Transport	Yes	Traffic Control Signal	1	1	Pain Reported	NA	41.80376	-71.43922	FALSE	FALSE	Cranston Street and Huntington Ave, Providence, RI, USA	NA	Raw	NA	FALSE	41.80376	-71.43922	2025	June	West End
216	2025-06-18	925276	07:31:00	Other	NA	1	FALSE	FALSE	1	POTTERS AVE	BROAD ST	2025-06-18	Two-Way, Divided, Unprotected (painted>4feet) Medium	Dry	Daylight	Fog, Smog, Smoke	Angle (Front - to - Side) Right Angle (Includes Broadside)	No	Flashing Traffic Control Signal	2	1	Non-Incapacitating	NA	41.80299	-71.41885	FALSE	FALSE	Potters Ave and Broad Street, Providence, RI, USA	NA	Raw	NA	FALSE	41.80299	-71.41885	2025	June	Elmwood
218	2025-06-19	925327	14:42:00	Pedestrian	1	NA	FALSE	FALSE	1	MEDWAY ST	WAYLAND AVE	2025-06-19	Unknown	Dry	Daylight	Clear	Not a Collision Between Two Motor Vehicles in Transport	Yes	No Controls	1	1	Pain Reported	NA	41.82924	-71.38906	FALSE	FALSE	Medway Street and Wayland Ave, Providence, RI, USA	NA	Raw	NA	FALSE	41.82924	-71.38906	2025	June	Wayland
219	2025-06-19	925332	18:22:00	Pedestrian	1	NA	FALSE	FALSE	1	MESSER ST	KENWOOD ST	2025-06-19	Two-Way , Not Divided	Dry	Daylight	Clear	Not a Collision Between Two Motor Vehicles in Transport	Yes	No Controls	2	1	Pain Reported	NA	41.81002	-71.43465	FALSE	FALSE	Messer Street and Kenwood Street, Providence, RI, USA	NA	Raw	NA	FALSE	41.81002	-71.43465	2025	June	West End
220	2025-06-19	925346	11:58:00	Other	NA	1	FALSE	FALSE	1	BROADWAY	KNIGHT ST	2025-06-20	Two-Way , Not Divided	Dry	Daylight	Clear	Other	No	No Controls	2	1	Pain Reported	NA	41.8199	-71.42894	FALSE	FALSE	Broadway and Knight Street, Providence, RI, USA	NA	Raw	NA	FALSE	41.8199	-71.42894	2025	June	Federal Hill
221	2025-06-20	925349	07:04:00	Other	NA	1	FALSE	FALSE	1	HARRIS AVE	ATWELLS AVE	2025-06-20	Two-Way , Not Divided	Dry	Daylight	Clear	Not a Collision Between Two Motor Vehicles in Transport	No	Traffic Control Signal	2	1	Pain Reported	NA	41.82446	-71.4355	FALSE	FALSE	Harris Ave and Atwells Ave, Providence, RI, USA	NA	Raw	NA	FALSE	41.82446	-71.4355	2025	June	Olneyville
222	2025-06-20	925363	18:06:00	Bicycle	NA	1	FALSE	FALSE	1	WESTMINSTER ST	HARKNESS ST	2025-06-20	Two-Way , Not Divided	Dry	Daylight	Clear	Not a Collision Between Two Motor Vehicles in Transport	No	No Controls	2	1	Pain Reported	NA	41.81628	-71.43396	FALSE	FALSE	Westminster Street and Harkness Street, Providence, RI, USA	NA	Raw	NA	FALSE	41.81628	-71.43396	2025	June	West End
223	2025-06-21	925384	02:48:00	Pedestrian	1	NA	FALSE	FALSE	1	SERVICE ROAD 7	SERVICE ROAD 7	2025-06-21	One-Way Trafficway	Dry	Dark - Lighted	Clear	Not a Collision Between Two Motor Vehicles in Transport	Yes	Traffic Control Signal	1	1	Incapacitating	NA	41.81966	-71.41982	FALSE	FALSE	Service Road 7 and Service Road 7, Providence, RI, USA	NA	Raw	distance greater than 100m	TRUE	41.81966	-71.41982	2025	June	Federal Hill
224	2025-06-21	925422	22:14:00	Other	NA	NA	TRUE	FALSE	1	CRANSTON ST	DODGE ST	2025-06-22	Two-Way , Not Divided	Dry	Dark - Lighted	Clear	Sideswipe, Same Direction	No	No Controls	2	0	No Injury	NA	41.81504	-71.42522	FALSE	FALSE	Cranston Street and Dodge Street, Providence, RI, USA	NA	Raw	NA	FALSE	41.81504	-71.42522	2025	June	West End
225	2025-06-21	925436	20:00:00	Other	NA	1	FALSE	FALSE	1	BROADWAY	GREENMAN LN	2025-06-23	Unknown	Dry	Dark - Unknown Lighting	Clear	Sideswipe, Same Direction	Yes	Unknown	1	1	Pain Reported	NA	41.82232	-71.41867	FALSE	FALSE	Broadway and Greenman Ln, Providence, RI, USA	NA	Raw	distance greater than 100m	TRUE	41.82232	-71.41867	2025	June	Downtown
226	2025-06-22	925394	02:08:00	Pedestrian	1	NA	FALSE	FALSE	1	HILLCREST AVE	FREEDOM RD	2025-06-22	Two-Way , Not Divided	Dry	Dark - Lighted	Clear	Not a Collision Between Two Motor Vehicles in Transport	Yes	No Controls	3	1	Non-Incapacitating	NA	41.83152	-71.45897	FALSE	FALSE	Hillcrest Ave and Freedom Rd, Providence, RI, USA	NA	Raw	NA	FALSE	41.83152	-71.45897	2025	June	Manton
227	2025-06-24	925489	14:38:00	Other	NA	1	FALSE	FALSE	1	North Main St	DOYLE AVE	2025-06-24	Two-Way , Not Divided	Dry	Daylight	Clear	Other	No	No Controls	3	1	Pain Reported	NA	41.83817	-71.40927	FALSE	FALSE	North Main Street and Doyle Ave, Providence, RI, USA	NA	Raw	NA	FALSE	41.83817	-71.40927	2025	June	Mount Hope
229	2025-06-25	925515	15:53:00	Pedestrian	1	NA	FALSE	FALSE	1	ASHBURTON ST	RANDALL ST	2025-06-25	One-Way Trafficway	Dry	Daylight	Cloudy	Not a Collision Between Two Motor Vehicles in Transport	No	Pavement Markings	3	1	Incapacitating	NA	41.83611	-71.41234	FALSE	FALSE	Ashburton Street and Randall Street, Providence, RI, USA	NA	Raw	NA	FALSE	41.83611	-71.41234	2025	June	Mount Hope
231	2025-06-25	925558	16:20:00	Bicycle	NA	1	FALSE	FALSE	1	ELMWOOD AVE	ELMWOOD AVE	2025-06-27	Two-Way , Not Divided	Dry	Daylight	Clear	Not a Collision Between Two Motor Vehicles in Transport	No	No Controls	3	1	Pain Reported	NA	41.8112	-71.42317	FALSE	FALSE	Elmwood Ave and Elmwood Ave, Providence, RI, USA	NA	Raw	distance greater than 100m	TRUE	41.8112	-71.42317	2025	June	West End
232	2025-06-27	925551	08:52:00	Pedestrian	1	NA	FALSE	FALSE	1	HOPE ST	CUSHING ST	2025-06-27	Two-Way , Not Divided	Dry	Daylight	Cloudy	Not a Collision Between Two Motor Vehicles in Transport	No	Pavement Markings	2	1	Pain Reported	NA	41.83019	-71.39872	FALSE	FALSE	Hope Street and Cushing Street, Providence, RI, USA	NA	Raw	NA	FALSE	41.83019	-71.39872	2025	June	College Hill
233	2025-06-27	925560	16:00:00	Pedestrian	1	NA	FALSE	FALSE	1	FLOWER ST	WHELAN RD	2025-06-27	Two-Way , Not Divided	Dry	Daylight	Clear	Not a Collision Between Two Motor Vehicles in Transport	No	No Controls	3	2	Pain Reported	NA	41.81854	-71.45689	FALSE	FALSE	Flower Street and Whelan Rd, Providence, RI, USA	NA	Raw	NA	FALSE	41.81854	-71.45689	2025	June	Hartford
234	2025-06-27	925561	17:04:00	Pedestrian	1	NA	FALSE	FALSE	1	ADMIRAL ST	HAWKINS ST	2025-06-27	Two-Way , Not Divided	Dry	Daylight	Clear	Not a Collision Between Two Motor Vehicles in Transport	No	No Controls	3	1	Pain Reported	NA	41.84593	-71.42843	FALSE	FALSE	Admiral Street and Hawkins Street, Providence, RI, USA	NA	Raw	NA	FALSE	41.84593	-71.42843	2025	June	Wanskuck
236	2025-06-28	925571	09:49:00	Bicycle	NA	1	FALSE	FALSE	1	ROANOKE ST	ACADEMY AVE	2025-06-28	Two-Way , Not Divided	Dry	Daylight	Clear	Sidwswipe, Opposite Direction	No	No Controls	4	0	No Injury	NA	41.83168	-71.44442	FALSE	FALSE	Roanoke Street and Academy Ave, Providence, RI, USA	NA	Raw	NA	FALSE	41.83168	-71.44442	2025	June	Mount Pleasant
237	2025-06-28	925572	11:48:00	Other	NA	1	FALSE	FALSE	1	CHARLES ST	BRANCH AVE	2025-06-28	Two-Way, Divided, Unprotected (painted>4feet) Medium	Dry	Daylight	Cloudy	Angle (Front - to - Side) Opposite Direction	No	Traffic Control Signal	2	1	Pain Reported	NA	41.85026	-71.41998	FALSE	FALSE	Charles Street and Branch Ave, Providence, RI, USA	NA	Raw	NA	FALSE	41.85026	-71.41998	2025	June	Charles
238	2025-06-28	925575	14:54:00	Other	NA	1	FALSE	FALSE	1	Broad St	WESLEYAN AVE	2025-06-28	Two-Way , Not Divided	Dry	Daylight	Clear	Not a Collision Between Two Motor Vehicles in Transport	No	No Controls	2	1	Pain Reported	NA	41.80771	-71.4204	FALSE	FALSE	Broad Street and Wesleyan Ave, Providence, RI, USA	NA	Raw	NA	FALSE	41.80771	-71.4204	2025	June	Elmwood
239	2025-06-28	925585	18:26:00	Bicycle	NA	1	FALSE	FALSE	1	SMITH ST	GASPEE ST	2025-06-28	Two-Way , Not Divided	Dry	Daylight	Cloudy	Not a Collision Between Two Motor Vehicles in Transport	No	Pavement Markings	3	1	Pain Reported	NA	41.83154	-71.41296	FALSE	FALSE	Smith Street and Gaspee Street, Providence, RI, USA	NA	Raw	NA	FALSE	41.83154	-71.41296	2025	June	Downtown
240	2025-06-28	925592	23:43:00	Pedestrian	1	NA	FALSE	FALSE	1	CRANSTON ST	BELLEVUE AVE	2025-06-29	Two-Way , Not Divided	Dry	Dark - Lighted	Clear	Not a Collision Between Two Motor Vehicles in Transport	Yes	No Controls	2	1	Pain Reported	NA	41.80901	-71.43396	FALSE	FALSE	Cranston Street and Bellevue Ave, Providence, RI, USA	NA	Raw	NA	FALSE	41.80901	-71.43396	2025	June	West End
241	2025-06-29	925595	09:41:00	Pedestrian	1	NA	FALSE	FALSE	1	BROADWAY	KNIGHT ST	2025-06-29	Two-Way, Divided, Unprotected (painted>4feet) Medium	Dry	Daylight	Clear	Not a Collision Between Two Motor Vehicles in Transport	Yes	Traffic Control Signal	3	1	Non-Incapacitating	NA	41.8198	-71.42933	FALSE	FALSE	Broadway and Knight Street, Providence, RI, USA	NA	Raw	NA	FALSE	41.8198	-71.42933	2025	June	Federal Hill
243	2025-07-02	925682	10:18:00	Pedestrian	1	NA	FALSE	FALSE	1	BROAD ST	SERVICE ROAD 7	2025-07-02	Two-Way , Not Divided	Dry	Daylight	Cloudy	Not a Collision Between Two Motor Vehicles in Transport	No	Traffic Control Signal	3	1	Incapacitating	NA	41.81736	-71.41696	FALSE	FALSE	Broad Street and Service Road 7, Providence, RI, USA	NA	Raw	NA	FALSE	41.81736	-71.41696	2025	July	Upper South Providence
244	2025-07-03	925726	18:03:00	Pedestrian	1	NA	FALSE	FALSE	1	CHARLES ST	SILVER SPRING ST	2025-07-03	Two-Way , Not Divided	Dry	Daylight	Clear	Other	No	Traffic Control Signal	3	0	No Injury	NA	41.84481	-71.4187	FALSE	FALSE	Charles Street and Silver Spring Street, Providence, RI, USA	NA	Raw	NA	FALSE	41.84481	-71.4187	2025	July	Charles
246	2025-07-04	925746	20:53:00	Bicycle	NA	1	FALSE	FALSE	1	HUNTINGTON AVE	CRANSTON ST	2025-07-04	Two-Way, Divided, Positive Median Barrier	Dry	Dark - Lighted	Clear	Not a Collision Between Two Motor Vehicles in Transport	No	Traffic Control Signal	8	1	Pain Reported	NA	41.80372	-71.43924	FALSE	FALSE	Huntington Ave and Cranston Street, Providence, RI, USA	NA	Raw	NA	FALSE	41.80372	-71.43924	2025	July	West End
247	2025-07-04	925906	13:33:00	Pedestrian	1	NA	FALSE	FALSE	1	CHALKSTONE AVE	ACADEMY AVE	2025-07-10	Two-Way, Divided, Unprotected (painted>4feet) Medium	Dry	Daylight	Clear	Not a Collision Between Two Motor Vehicles in Transport	No	Traffic Control Signal	3	0	No Injury	NA	41.83245	-71.44458	FALSE	FALSE	Chalkstone Ave and Academy Ave, Providence, RI, USA	NA	Raw	NA	FALSE	41.83245	-71.44458	2025	July	Mount Pleasant
248	2025-07-05	925765	17:25:00	Other	NA	1	FALSE	FALSE	1	HAWTHORNE AVE	HAWTHORNE AVE	2025-07-05	Two-Way , Not Divided	Dry	Daylight	Clear	Unknown	Yes	No Controls	1	1	Pain Reported	NA	41.79276	-71.40809	FALSE	FALSE	Hawthorne Ave and Hawthorne Ave, Providence, RI, USA	NA	Raw	distance greater than 100m	TRUE	41.79276	-71.40809	2025	July	South Elmwood
249	2025-07-05	925766	21:27:00	Bicycle	NA	1	FALSE	FALSE	1	BROAD ST	BROAD ST	2025-07-05	Two-Way, Divided, Unprotected (painted>4feet) Medium	Dry	Dark - Lighted	Clear	Angle (Front - to - Side) Right Angle (Includes Broadside)	Yes	No Controls	1	1	Pain Reported	NA	41.79217	-71.40717	FALSE	FALSE	Broad Street and Broad Street, Providence, RI, USA	NA	Raw	distance greater than 100m	TRUE	41.79217	-71.40717	2025	July	Washington Park
250	2025-07-05	925770	12:45:00	Pedestrian	1	NA	TRUE	FALSE	1	BUTTON HOLE DR	GLENBRIDGE AVE	2025-07-06	Two-Way , Not Divided	Dry	Daylight	Clear	Sideswipe, Same Direction	Yes	No Controls	1	1	Pain Reported	NA	41.82307	-71.46046	FALSE	FALSE	Button Hole Dr and Glenbridge Ave, Providence, RI, USA	NA	Raw	NA	FALSE	41.82307	-71.46046	2025	July	Hartford
252	2025-07-08	926328	10:44:00	Pedestrian	1	NA	FALSE	FALSE	1	WILSON ST	FULLER ST	2025-07-25	Unknown	Dry	Daylight	Clear	Sideswipe, Same Direction	Yes	Unknown	1	0	Unknown	NA	41.81129	-71.42405	FALSE	FALSE	Wilson Street and Fuller Street, Providence, RI, USA	NA	Geocoded	distance greater than 100m	TRUE	41.81145739999999	-71.4257314	2025	July	West End
254	2025-07-10	925922	10:38:00	Pedestrian	1	NA	FALSE	FALSE	1	WEYBOSSET ST	PECK ST	2025-07-10	One-Way Trafficway	Wet	Daylight	Rain	Not a Collision Between Two Motor Vehicles in Transport	No	No Controls	3	1	Non-Incapacitating	NA	41.82357	-71.41028	FALSE	FALSE	Weybosset Street and Peck Street, Providence, RI, USA	NA	Raw	NA	FALSE	41.82357	-71.41028	2025	July	Downtown
255	2025-07-10	925932	22:07:00	Pedestrian	1	NA	FALSE	FALSE	1	VIOLA ST	DORCHESTER AVE	2025-07-10	Two-Way , Not Divided	Dry	Dark - Lighted	Cloudy	Not a Collision Between Two Motor Vehicles in Transport	No	No Controls	2	1	Pain Reported	NA	41.81268	-71.45223	FALSE	FALSE	Viola Street and Dorchester Ave, Providence, RI, USA	NA	Raw	NA	FALSE	41.81268	-71.45223	2025	July	Silver Lake
256	2025-07-10	925935	19:04:00	Bicycle	NA	1	FALSE	FALSE	1	JEWETT ST	CALVERLY ST	2025-07-10	Two-Way , Not Divided	Dry	Daylight	Clear	Not a Collision Between Two Motor Vehicles in Transport	No	Stop Signs	5	1	Pain Reported	NA	41.83261	-71.42097	FALSE	FALSE	Jewett Street and Calverly Street, Providence, RI, USA	NA	Raw	NA	FALSE	41.83261	-71.42097	2025	July	Smith Hill
257	2025-07-11	925964	21:13:00	Pedestrian	1	NA	FALSE	FALSE	1	CHALKSTONE AVE	ROSEBANK AVE	2025-07-11	Two-Way, Divided, Unprotected (painted>4feet) Medium	Dry	Dark - Lighted	Clear	Not a Collision Between Two Motor Vehicles in Transport	Yes	No Controls	1	1	Pain Reported	NA	41.83387	-71.43316	FALSE	FALSE	Chalkstone Ave and Rosebank Ave, Providence, RI, USA	NA	Raw	NA	FALSE	41.83387	-71.43316	2025	July	Valley
258	2025-07-11	925965	21:22:00	Bicycle	NA	1	FALSE	FALSE	1	N MAIN ST	1ST ST	2025-07-11	Two-Way, Divided, Positive Median Barrier	Dry	Dark - Lighted	Clear	Not a Collision Between Two Motor Vehicles in Transport	No	Stop Signs	2	1	Non-Incapacitating	NA	41.84997	-71.40303	FALSE	FALSE	N Main Street and 1st Street, Providence, RI, USA	NA	Raw	NA	FALSE	41.84997	-71.40303	2025	July	Hope
260	2025-07-13	926004	10:47:00	Pedestrian	1	NA	FALSE	FALSE	1	CHARLES ST	SILVER SPRING ST	2025-07-13	Unknown	Dry	Daylight	Clear	Not a Collision Between Two Motor Vehicles in Transport	Yes	No Controls	2	1	Pain Reported	NA	41.84481	-71.4187	FALSE	FALSE	Charles Street and Silver Spring Street, Providence, RI, USA	NA	Raw	NA	FALSE	41.84481	-71.4187	2025	July	Charles
262	2025-07-13	926023	22:41:00	Other	NA	1	TRUE	FALSE	1	PARK ST	BROWNELL ST	2025-07-14	Two-Way, Divided, Unprotected (painted>4feet) Medium	Dry	Dark - Lighted	Clear	Not a Collision Between Two Motor Vehicles in Transport	No	No Controls	3	1	Non-Incapacitating	NA	41.83023	-71.41735	FALSE	FALSE	Park Street and Brownell Street, Providence, RI, USA	NA	Raw	distance greater than 100m	TRUE	41.83023	-71.41735	2025	July	Smith Hill
265	2025-07-14	926046	17:17:00	Pedestrian	1	NA	FALSE	FALSE	1	WATERMAN ST	THAYER ST	2025-07-14	Two-Way , Not Divided	Dry	Daylight	Clear	Not a Collision Between Two Motor Vehicles in Transport	No	Traffic Control Signal	2	1	Pain Reported	NA	41.82728	-71.40054	FALSE	FALSE	Waterman Street and Thayer Street, Providence, RI, USA	NA	Raw	NA	FALSE	41.82728	-71.40054	2025	July	College Hill
269	2025-07-15	926131	08:15:00	Pedestrian	1	NA	FALSE	FALSE	1	N MAIN ST	NORTH CT	2025-07-18	One-Way Trafficway	Dry	Daylight	Clear	Other	Yes	Unknown	2	1	Pain Reported	NA	41.82916	-71.40982	FALSE	FALSE	N Main Street and North Ct, Providence, RI, USA	NA	Raw	NA	FALSE	41.82916	-71.40982	2025	July	College Hill
272	2025-07-17	926117	15:49:00	Bicycle	NA	1	FALSE	FALSE	1	Chad Brown St	CAMDEN AVE	2025-07-17	Two-Way , Not Divided	Dry	Daylight	Clear	Angle (Front - to - Side) Right Angle (Includes Broadside)	No	No Controls	2	1	Pain Reported	NA	41.83888	-71.42671	FALSE	FALSE	Chad Brown Street and Camden Ave, Providence, RI, USA	NA	Raw	NA	FALSE	41.83888	-71.42671	2025	July	Smith Hill
273	2025-07-17	926127	23:15:00	Pedestrian	1	NA	FALSE	FALSE	1	WESTMINSTER ST	PARADE ST	2025-07-17	Two-Way, Divided, Unprotected (painted>4feet) Medium	Dry	Dark - Lighted	Clear	Not a Collision Between Two Motor Vehicles in Transport	No	No Controls	2	1	Pain Reported	NA	41.81634	-71.43354	FALSE	FALSE	Westminster Street and Parade Street, Providence, RI, USA	NA	Raw	NA	FALSE	41.81634	-71.43354	2025	July	West End
275	2025-07-19	926153	03:59:00	Pedestrian	1	NA	FALSE	FALSE	1	SPICER ST	BERNARD ST	2025-07-19	Two-Way, Not Divided With a Continuous Left Turn Lane	Dry	Dark - Lighted	Clear	Not a Collision Between Two Motor Vehicles in Transport	Yes	No Controls	6	1	Pain Reported	NA	41.79118	-71.40602	FALSE	FALSE	Spicer Street and Bernard Street, Providence, RI, USA	NA	Geocoded	distance greater than 100m	TRUE	41.7905368	-71.407823	2025	July	Washington Park
276	2025-07-19	926168	12:53:00	Pedestrian	1	NA	FALSE	FALSE	1	BROAD ST	CAHIR ST	2025-07-19	Two-Way , Not Divided	Dry	Daylight	Clear	Not a Collision Between Two Motor Vehicles in Transport	No	Traffic Control Signal	2	0	No Injury	NA	41.81692	-71.41795	FALSE	FALSE	Broad Street and Cahir Street, Providence, RI, USA	NA	Raw	NA	FALSE	41.81692	-71.41795	2025	July	Upper South Providence