row_number	crash_date	crash_report_id	crash_time	collision_type	count_pedestrian	count_bicycle	scooter	wheel_chair	number_of_vehicles	street_or_highway	nearest_intersection	report_date	type_of_roadway	road_surface_condition	light_condition	weather_condition	manner_of_impact	hit_and_run	traffic_control	person_count	injury_count	most_serious_injury	number_of_lanes	lat_raw	lon_raw	has_st_number	is_intersection_null	address_sent_to_geocoder	api_coord_conf	best_coordinate_set	reason_for_qa	manually_qaed_record	final_lat	final_lon	year	month	pvd_nhood
277	2025-07-19	926171	16:31:00	Pedestrian	1	NA	TRUE	FALSE	1	ADELAIDE AVE	HAMILTON ST	2025-07-19	Two-Way , Not Divided	Dry	Daylight	Clear	Not a Collision Between Two Motor Vehicles in Transport	No	Stop Signs	3	1	Pain Reported	NA	41.79739	-71.42014	FALSE	FALSE	Adelaide Ave and Hamilton Street, Providence, RI, USA	NA	Raw	NA	FALSE	41.79739	-71.42014	2025	July	Elmwood
279	2025-07-20	926196	18:47:00	Bicycle	NA	1	FALSE	FALSE	1	ERNEST ST	ALLENS AVE	2025-07-20	Two-Way, Divided, Unprotected (painted>4feet) Medium	Dry	Dusk	Cloudy	Not a Collision Between Two Motor Vehicles in Transport	Yes	No Controls	1	1	Pain Reported	NA	41.79481	-71.39793	FALSE	FALSE	Ernest Street and Allens Ave, Providence, RI, USA	NA	Raw	NA	FALSE	41.79481	-71.39793	2025	July	Washington Park
281	2025-07-21	926233	16:22:00	Bicycle	NA	1	FALSE	FALSE	1	Aldrich St	BROAD ST	2025-07-21	Two-Way , Not Divided	Dry	Daylight	Clear	Not a Collision Between Two Motor Vehicles in Transport	No	No Controls	3	1	Pain Reported	NA	41.79417	-71.40789	FALSE	FALSE	Aldrich Street and Broad Street, Providence, RI, USA	NA	Raw	distance greater than 100m	TRUE	41.79417	-71.40789	2025	July	Washington Park
282	2025-07-22	926270	20:33:00	Pedestrian	1	NA	FALSE	FALSE	1	CHALKSTONE AVE	OAKLAND AVE	2025-07-22	Two-Way , Not Divided	Dry	Dark - Lighted	Clear	Not a Collision Between Two Motor Vehicles in Transport	No	Traffic Control Signal	2	1	Non-Incapacitating	NA	41.83419	-71.43024	FALSE	FALSE	Chalkstone Ave and Oakland Ave, Providence, RI, USA	NA	Raw	NA	FALSE	41.83419	-71.43024	2025	July	Elmhurst
285	2025-07-24	926306	07:09:00	Bicycle	NA	1	FALSE	FALSE	1	STEWART ST	FRIENDSHIP ST	2025-07-24	Two-Way , Not Divided	Dry	Daylight	Clear	Not a Collision Between Two Motor Vehicles in Transport	No	Stop Signs	2	1	Non-Incapacitating	NA	41.81511	-71.41599	FALSE	FALSE	Stewart Street and Friendship Street, Providence, RI, USA	NA	Raw	NA	FALSE	41.81511	-71.41599	2025	July	Upper South Providence
290	2025-07-26	926370	13:07:00	Pedestrian	1	NA	TRUE	FALSE	1	MANTON AVE	CHAFFEE ST	2025-07-26	Two-Way , Not Divided	Dry	Daylight	Clear	Not a Collision Between Two Motor Vehicles in Transport	No	Pavement Markings	3	1	Pain Reported	NA	41.81867	-71.44557	FALSE	FALSE	Manton Ave and Chaffee Street, Providence, RI, USA	NA	Raw	NA	FALSE	41.81867	-71.44557	2025	July	Olneyville
292	2025-07-29	926455	22:12:00	Pedestrian	1	NA	FALSE	FALSE	1	CARPENTER ST	VINTON ST	2025-07-29	Two-Way , Not Divided	Dry	Dark - Lighted	Clear	Not a Collision Between Two Motor Vehicles in Transport	No	No Controls	2	1	Non-Incapacitating	NA	41.81858	-71.42673	FALSE	FALSE	Carpenter Street and Vinton Street, Providence, RI, USA	NA	Raw	NA	FALSE	41.81858	-71.42673	2025	July	Federal Hill
293	2025-07-30	926483	23:19:00	Pedestrian	1	NA	FALSE	FALSE	1	BROAD ST	FOSTER ST	2025-07-30	Two-Way, Divided, Unprotected (painted>4feet) Medium	Dry	Dark - Lighted	Clear	Not a Collision Between Two Motor Vehicles in Transport	Yes	No Controls	1	1	Pain Reported	NA	41.81865	-71.41561	FALSE	FALSE	Broad Street and Foster Street, Providence, RI, USA	NA	Raw	NA	FALSE	41.81865	-71.41561	2025	July	Downtown
295	2025-08-01	926533	16:00:00	Bicycle	NA	1	TRUE	FALSE	1	BLACKSTONE BLVD	UPTON AVE	2025-08-01	One-Way Trafficway	Dry	Daylight	Clear	Not a Collision Between Two Motor Vehicles in Transport	No	No Controls	2	0	No Injury	NA	41.83924	-71.38567	FALSE	FALSE	Blackstone Blvd and Upton Ave, Providence, RI, USA	NA	Raw	NA	FALSE	41.83924	-71.38567	2025	August	Blackstone
297	2025-08-02	926566	21:00:00	Pedestrian	1	NA	FALSE	FALSE	1	BROAD ST	BROAD ST	2025-08-03	Two-Way , Not Divided	Dry	Dark - Lighted	Clear	Not a Collision Between Two Motor Vehicles in Transport	Yes	No Controls	1	1	Non-Incapacitating	NA	41.81369	-71.42159	FALSE	FALSE	Broad Street and Broad Street, Providence, RI, USA	NA	Raw	distance greater than 100m	TRUE	41.81369	-71.42159	2025	August	West End
298	2025-08-02	926567	20:27:00	Pedestrian	1	NA	FALSE	FALSE	1	BROAD ST	BROAD ST	2025-08-03	Two-Way , Not Divided	Dry	Dark - Lighted	Clear	Not a Collision Between Two Motor Vehicles in Transport	Yes	No Controls	1	1	Pain Reported	NA	41.81418	-71.42128	FALSE	FALSE	Broad Street and Broad Street, Providence, RI, USA	NA	Raw	distance greater than 100m	TRUE	41.81418	-71.42128	2025	August	West End
300	2025-08-03	926587	16:01:00	Pedestrian	1	NA	TRUE	FALSE	1	N MAIN ST	10TH ST	2025-08-03	Two-Way , Not Divided	Dry	Daylight	Clear	Angle (Front - to - Side) Right Angle (Includes Broadside)	No	No Controls	3	1	Pain Reported	NA	41.85545	-71.40003	FALSE	FALSE	N Main Street and 10th Street, Providence, RI, USA	NA	Raw	NA	FALSE	41.85545	-71.40003	2025	August	Hope
301	2025-08-04	926601	01:42:00	Other	NA	NA	TRUE	FALSE	2	WESTMINSTER ST	BRIDGHAM ST	2025-08-04	Two-Way , Not Divided	Dry	Dark - Lighted	Clear	Not a Collision Between Two Motor Vehicles in Transport	Yes	Unknown	1	1	Incapacitating	NA	41.8169	-71.42848	FALSE	FALSE	Westminster Street and Bridgham Street, Providence, RI, USA	NA	Raw	NA	FALSE	41.8169	-71.42848	2025	August	West End
306	2025-08-06	926704	15:38:00	Pedestrian	1	NA	TRUE	FALSE	1	PUBLIC ST	BROAD ST	2025-08-06	Two-Way, Divided, Unprotected (painted>4feet) Medium	Dry	Daylight	Clear	Not a Collision Between Two Motor Vehicles in Transport	No	Traffic Control Signal	2	1	Pain Reported	NA	41.80442	-71.41935	FALSE	FALSE	Public Street and Broad Street, Providence, RI, USA	NA	Raw	NA	FALSE	41.80442	-71.41935	2025	August	Elmwood
308	2025-08-08	926757	12:14:00	Pedestrian	1	NA	FALSE	FALSE	1	PLAIN ST	LOCKWOOD ST	2025-08-08	Two-Way , Not Divided	Dry	Daylight	Clear	Not a Collision Between Two Motor Vehicles in Transport	Yes	No Controls	4	1	Pain Reported	NA	41.81163	-71.41171	FALSE	FALSE	Plain Street and Lockwood Street, Providence, RI, USA	NA	Raw	NA	FALSE	41.81163	-71.41171	2025	August	Upper South Providence
309	2025-08-08	926770	19:20:00	Pedestrian	1	NA	FALSE	FALSE	1	LINDEN AVE	ELMWOOD AVE	2025-08-08	Two-Way , Not Divided	Dry	Daylight	Clear	Other	No	No Controls	6	1	Pain Reported	NA	41.78614	-71.41946	FALSE	FALSE	Linden Ave and Elmwood Ave, Providence, RI, USA	NA	Raw	NA	FALSE	41.78614	-71.41946	2025	August	South Elmwood
310	2025-08-09	926797	20:40:00	Other	NA	1	FALSE	FALSE	1	Cranston St	GILMORE ST	2025-08-09	Two-Way , Not Divided	Dry	Dark - Lighted	Clear	Rear End(Front-to-Rear)	No	No Controls	2	1	Pain Reported	NA	41.81375	-71.42733	FALSE	FALSE	Cranston Street and Gilmore Street, Providence, RI, USA	NA	Raw	NA	FALSE	41.81375	-71.42733	2025	August	West End
312	2025-08-10	926812	01:56:00	Pedestrian	2	NA	FALSE	FALSE	1	WESTMINSTER ST	EMPIRE ST	2025-08-10	Two-Way, Divided, Unprotected (painted>4feet) Medium	Dry	Dark - Lighted	Clear	Not a Collision Between Two Motor Vehicles in Transport	No	Other	3	2	Pain Reported	NA	41.82097	-71.41532	FALSE	FALSE	Westminster Street and Empire Street, Providence, RI, USA	NA	Raw	NA	FALSE	41.82097	-71.41532	2025	August	Downtown
313	2025-08-12	926884	18:04:00	Pedestrian	1	NA	FALSE	FALSE	1	BRIDGHAM ST	JUNCTION ST	2025-08-12	Two-Way , Not Divided	Dry	Daylight	Clear	Not a Collision Between Two Motor Vehicles in Transport	No	Pavement Markings	3	1	Pain Reported	NA	41.81277	-71.42388	FALSE	FALSE	Bridgham Street and Junction Street, Providence, RI, USA	NA	Raw	NA	FALSE	41.81277	-71.42388	2025	August	West End
315	2025-08-13	928472	09:36:00	Pedestrian	1	NA	FALSE	FALSE	1	PLAINFIELD ST	HARTFORD AVE	2025-09-26	One-Way Trafficway	Dry	Daylight	Clear	Not a Collision Between Two Motor Vehicles in Transport	No	Traffic Control Signal	3	1	Pain Reported	NA	41.81667	-71.44389	FALSE	FALSE	Plainfield Street and Hartford Ave, Providence, RI, USA	NA	Raw	NA	FALSE	41.81667	-71.44389	2025	August	Olneyville
316	2025-08-14	926939	21:10:00	Other	NA	1	TRUE	FALSE	1	HAWTHORNE AVE	BROAD ST	2025-08-14	Two-Way , Not Divided	Dry	Dark - Lighted	Clear	Angle (Front - to - Side) Right Angle (Includes Broadside)	No	No Controls	2	1	Pain Reported	NA	41.79292	-71.40814	FALSE	FALSE	Hawthorne Ave and Broad Street, Providence, RI, USA	NA	Raw	NA	FALSE	41.79292	-71.40814	2025	August	South Elmwood
318	2025-08-15	926965	18:16:00	Other	NA	1	FALSE	FALSE	1	SILVER LAKE AVE	PLAINFIELD ST	2025-08-15	Two-Way , Not Divided	Dry	Daylight	Clear	Angle (Front - to - Side) Right Angle (Includes Broadside)	No	No Controls	4	1	Pain Reported	NA	41.80587	-71.46492	FALSE	FALSE	Silver Lake Ave and Plainfield Street, Providence, RI, USA	NA	Raw	NA	FALSE	41.80587	-71.46492	2025	August	Silver Lake
319	2025-08-15	926969	21:20:00	Bicycle	NA	1	FALSE	FALSE	1	North Main Street	Chace Avenue	2025-08-15	Unknown	Dry	Dark - Lighted	Clear	Not a Collision Between Two Motor Vehicles in Transport	Yes	No Controls	2	0	No Injury	NA	NA	NA	FALSE	FALSE	North Main Street and Chace Avenue, Providence, RI, USA	NA	Geocoded	raw coords null but geocoded coords found	TRUE	41.8556964	-71.3999039	2025	August	Hope
323	2025-08-19	927065	18:34:00	Pedestrian	1	NA	FALSE	FALSE	1	CHAD BROWN ST	JUNE ST	2025-08-19	Two-Way , Not Divided	Dry	Daylight	Clear	Not a Collision Between Two Motor Vehicles in Transport	No	No Controls	3	1	Non-Incapacitating	NA	41.84137	-71.42256	FALSE	FALSE	Chad Brown Street and June Street, Providence, RI, USA	NA	Raw	NA	FALSE	41.84137	-71.42256	2025	August	Wanskuck
325	2025-08-20	927096	15:40:00	Pedestrian	1	NA	TRUE	FALSE	1	ATWELLS AVE	MANTON AVE	2025-08-20	Two-Way , Not Divided	Dry	Daylight	Clear	Other	Yes	No Controls	1	1	Pain Reported	NA	41.82536	-71.45441	FALSE	FALSE	Atwells Ave and Manton Ave, Providence, RI, USA	NA	Raw	NA	FALSE	41.82536	-71.45441	2025	August	Olneyville
328	2025-08-21	927114	10:35:00	Other	NA	1	FALSE	FALSE	1	FOUNTAIN ST	EMPIRE ST	2025-08-21	Two-Way, Divided, Unprotected (painted>4feet) Medium	Dry	Daylight	Clear	Not a Collision Between Two Motor Vehicles in Transport	No	Traffic Control Signal	2	1	Pain Reported	NA	41.82234	-71.41712	FALSE	FALSE	Fountain Street and Empire Street, Providence, RI, USA	NA	Raw	NA	FALSE	41.82234	-71.41712	2025	August	Downtown
331	2025-08-22	927145	11:59:00	Bicycle	NA	1	FALSE	FALSE	1	PAVILION AVE	EDDY ST	2025-08-22	Two-Way, Divided, Unprotected (painted>4feet) Medium	Dry	Daylight	Clear	Angle (Front - to - Side) Right Angle (Includes Broadside)	No	Traffic Control Signal	3	1	Non-Incapacitating	NA	41.79767	-71.40522	FALSE	FALSE	Pavilion Ave and Eddy Street, Providence, RI, USA	NA	Raw	NA	FALSE	41.79767	-71.40522	2025	August	Lower South Providence
333	2025-08-26	927265	08:35:00	Pedestrian	1	NA	FALSE	FALSE	1	ORMS ST	SMITH ST	2025-08-26	Two-Way , Not Divided	Dry	Daylight	Clear	Not a Collision Between Two Motor Vehicles in Transport	No	Traffic Control Signal	2	1	Non-Incapacitating	NA	41.83376	-71.42199	FALSE	FALSE	Orms Street and Smith Street, Providence, RI, USA	NA	Raw	NA	FALSE	41.83376	-71.42199	2025	August	Smith Hill
335	2025-08-26	927281	22:00:00	Pedestrian	1	NA	FALSE	FALSE	1	COLLEGE ST	COLLEGE ST	2025-08-26	One-Way Trafficway	Dry	Dark - Lighted	Clear	Not a Collision Between Two Motor Vehicles in Transport	No	Traffic Control Signal	3	1	Non-Incapacitating	NA	41.82564	-71.40784	FALSE	FALSE	College Street and College Street, Providence, RI, USA	NA	Raw	distance greater than 100m	TRUE	41.82564	-71.40784	2025	August	Downtown
337	2025-08-27	927293	10:52:00	Bicycle	NA	1	FALSE	FALSE	1	PINE ST	EAST FRANKLIN ST	2025-08-27	One-Way Trafficway	Dry	Daylight	Clear	Not a Collision Between Two Motor Vehicles in Transport	No	Stop Signs	3	1	Pain Reported	NA	41.81724	-71.41505	FALSE	FALSE	Pine Street and East Franklin Street, Providence, RI, USA	NA	Raw	NA	FALSE	41.81724	-71.41505	2025	August	Downtown
338	2025-08-27	927303	14:18:00	Pedestrian	1	NA	FALSE	FALSE	1	NORTH MAIN ST	FROST ST	2025-08-27	Two-Way, Divided, Positive Median Barrier	Dry	Daylight	Clear	Not a Collision Between Two Motor Vehicles in Transport	No	Pavement Markings	3	1	Incapacitating	NA	41.85064	-71.40279	FALSE	FALSE	North Main Street and Frost Street, Providence, RI, USA	NA	Raw	NA	FALSE	41.85064	-71.40279	2025	August	Hope
339	2025-08-30	927390	12:15:00	Other	NA	1	FALSE	FALSE	1	HUNTINGTON AVE	DEXTER ST	2025-08-30	Two-Way , Not Divided	Dry	Daylight	Clear	Not a Collision Between Two Motor Vehicles in Transport	No	Stop Signs	3	1	Pain Reported	NA	41.80092	-71.43152	FALSE	FALSE	Huntington Ave and Dexter Street, Providence, RI, USA	NA	Raw	NA	FALSE	41.80092	-71.43152	2025	August	West End
340	2025-08-31	927413	00:46:00	Other	NA	NA	TRUE	FALSE	1	MEMORIAL BLVD	WESTMINSTER ST	2025-08-31	Two-Way, Divided, Positive Median Barrier	Dry	Dark - Lighted	Clear	Not a Collision Between Two Motor Vehicles in Transport	No	Traffic Control Signal	3	1	Pain Reported	NA	41.82548	-71.40904	FALSE	FALSE	Memorial Blvd and Westminster Street, Providence, RI, USA	NA	Raw	NA	FALSE	41.82548	-71.40904	2025	August	Downtown
341	2025-08-31	927415	02:58:00	Pedestrian	1	NA	FALSE	FALSE	1	BROADWAY	VINTON ST	2025-08-31	Two-Way , Not Divided	Dry	Daylight	Clear	Angle (Front - to - Side) Opposite Direction	Yes	No Controls	1	1	Pain Reported	NA	41.82007	-71.42819	FALSE	FALSE	Broadway and Vinton Street, Providence, RI, USA	NA	Raw	NA	FALSE	41.82007	-71.42819	2025	August	Federal Hill
343	2025-08-31	927439	18:10:00	Pedestrian	1	NA	FALSE	FALSE	1	INDIA ST	S MAIN ST	2025-08-31	Two-Way , Not Divided	Dry	Daylight	Clear	Other	No	Person	2	0	No Injury	NA	41.81634	-71.398929999999993	FALSE	FALSE	India Street and S Main Street, Providence, RI, USA	NA	Raw	NA	FALSE	41.81634	-71.398929999999993	2025	August	Fox Point
344	2025-08-31	927440	20:41:00	Bicycle	NA	1	FALSE	FALSE	1	UNION AVE	ATWOOD ST	2025-08-31	Two-Way, Divided, Unprotected (painted>4feet) Medium	Dry	Dark - Lighted	Clear	Other	No	No Controls	2	1	Pain Reported	NA	41.80815	-71.44248	FALSE	FALSE	Union Ave and Atwood Street, Providence, RI, USA	NA	Raw	NA	FALSE	41.80815	-71.44248	2025	August	Silver Lake
346	2025-09-02	927497	10:48:00	Pedestrian	1	NA	FALSE	FALSE	1	EMPIRE ST	WASHINGTON ST	2025-09-02	Two-Way , Not Divided	Dry	Daylight	Clear	Not a Collision Between Two Motor Vehicles in Transport	No	No Controls	3	0	No Injury	NA	41.82142	-71.41592	FALSE	FALSE	Empire Street and Washington Street, Providence, RI, USA	NA	Raw	NA	FALSE	41.82142	-71.41592	2025	September	Downtown
347	2025-09-02	927504	13:21:00	Pedestrian	1	NA	FALSE	FALSE	1	ROCHAMBEAU AVE	BLACKSTONE BLVD	2025-09-02	Two-Way, Divided, Unprotected (painted>4feet) Medium	Dry	Daylight	Clear	Head-On (Front - to - Front)	No	Stop Signs	2	2	Incapacitating	NA	41.84552	-71.38699	FALSE	FALSE	Rochambeau Ave and Blackstone Blvd, Providence, RI, USA	NA	Raw	NA	FALSE	41.84552	-71.38699	2025	September	Blackstone
348	2025-09-03	927579	08:23:00	Other	NA	1	FALSE	FALSE	1	SMITH ST	ACADEMY AVE	2025-09-03	Two-Way , Not Divided	Dry	Daylight	Clear	Not a Collision Between Two Motor Vehicles in Transport	No	No Controls	3	0	No Injury	NA	41.84281	-71.4457	FALSE	FALSE	Smith Street and Academy Ave, Providence, RI, USA	NA	Raw	NA	FALSE	41.84281	-71.4457	2025	September	Mount Pleasant
349	2025-09-03	927586	16:16:00	Other	NA	NA	TRUE	FALSE	2	Friendship St	DORRANCE ST	2025-09-03	One-Way Trafficway	Dry	Daylight	Clear	Angle (Front - to - Side) Right Angle (Includes Broadside)	No	Traffic Control Signal	3	1	Non-Incapacitating	NA	41.82197	-71.40949	FALSE	FALSE	Friendship Street and Dorrance Street, Providence, RI, USA	NA	Raw	NA	FALSE	41.82197	-71.40949	2025	September	Downtown
350	2025-09-03	927588	15:28:00	Pedestrian	1	NA	FALSE	FALSE	1	FLORENCE ST	AMHERST ST	2025-09-03	Two-Way , Not Divided	Dry	Daylight	Clear	Not a Collision Between Two Motor Vehicles in Transport	No	Pavement Markings	4	1	Pain Reported	NA	41.82327	-71.4457	FALSE	FALSE	Florence Street and Amherst Street, Providence, RI, USA	NA	Raw	NA	FALSE	41.82327	-71.4457	2025	September	Olneyville
352	2025-09-05	927637	22:51:00	Pedestrian	1	NA	FALSE	FALSE	1	LAUREL HILL AVE	PLAINFIELD ST	2025-09-05	One-Way Trafficway	Dry	Dark - Lighted	Clear	Not a Collision Between Two Motor Vehicles in Transport	No	No Controls	3	1	Pain Reported	NA	41.81314	-71.45538	FALSE	FALSE	Laurel Hill Ave and Plainfield Street, Providence, RI, USA	NA	Raw	NA	FALSE	41.81314	-71.45538	2025	September	Silver Lake
353	2025-09-05	927700	22:12:00	Pedestrian	1	NA	FALSE	FALSE	1	VALLEY ST	GENNARO PL	2025-09-05	Two-Way, Divided, Unprotected (painted>4feet) Medium	Dry	Dark - Lighted	Clear	Not a Collision Between Two Motor Vehicles in Transport	Yes	No Controls	1	1	Pain Reported	NA	41.82178	-71.4401	FALSE	FALSE	Valley Street and Gennaro Pl, Providence, RI, USA	NA	Raw	NA	FALSE	41.82178	-71.4401	2025	September	Olneyville
354	2025-09-05	927701	23:14:00	Pedestrian	1	NA	FALSE	FALSE	1	PLAINFIELD ST	RALPH ST	2025-09-05	Two-Way, Divided, Unprotected (painted>4feet) Medium	Dry	Dark - Lighted	Clear	Not a Collision Between Two Motor Vehicles in Transport	Yes	No Controls	1	1	Pain Reported	NA	41.81344	-71.45364	FALSE	FALSE	Plainfield Street and Ralph Street, Providence, RI, USA	NA	Raw	NA	FALSE	41.81344	-71.45364	2025	September	Silver Lake
356	2025-09-05	927726	14:30:00	Pedestrian	1	NA	TRUE	FALSE	1	Broad St	Lockwood st	2025-09-06	Two-Way , Not Divided	Dry	Daylight	Clear	Not a Collision Between Two Motor Vehicles in Transport	No	No Controls	2	2	Pain Reported	2	NA	NA	FALSE	FALSE	Broad Street and Lockwood Street, Providence, RI, USA	NA	Geocoded	raw coords null but geocoded coords found	TRUE	41.8153888	-71.4206052	2025	September	West End
357	2025-09-06	927710	11:46:00	Pedestrian	1	NA	FALSE	FALSE	1	EMPIRE ST	BROADWAY	2025-09-06	Two-Way , Not Divided	Dry	Daylight	Clear	Not a Collision Between Two Motor Vehicles in Transport	No	Traffic Control Signal	3	1	Pain Reported	NA	41.82298	-71.41741	FALSE	FALSE	Empire Street and Broadway, Providence, RI, USA	NA	Raw	NA	FALSE	41.82298	-71.41741	2025	September	Downtown
358	2025-09-08	927793	23:32:00	Other	NA	1	FALSE	FALSE	1	DEAN ST	PROMENADE ST	2025-09-09	Two-Way, Divided, Positive Median Barrier	Dry	Dark - Lighted	Clear	Not a Collision Between Two Motor Vehicles in Transport	No	Traffic Control Signal	3	1	Pain Reported	NA	41.82923	-71.42672	FALSE	FALSE	Dean Street and Promenade Street, Providence, RI, USA	NA	Raw	NA	FALSE	41.82923	-71.42672	2025	September	Valley
361	2025-09-08	927904	16:25:00	Pedestrian	1	NA	FALSE	FALSE	1	S MAIN ST	NA	2025-09-11	One-Way Trafficway	Dry	Daylight	Clear	Unknown	No	Unknown	1	1	Pain Reported	NA	41.81905	-71.40097	FALSE	TRUE	S Main Street, Providence, RI, USA	NA	Raw	distance greater than 100m	TRUE	41.81905	-71.40097	2025	September	Fox Point
363	2025-09-09	927834	17:29:00	Bicycle	NA	1	FALSE	FALSE	1	BROAD ST	BROAD ST	2025-09-09	Unknown	Dry	Daylight	Clear	Not a Collision Between Two Motor Vehicles in Transport	No	No Controls	2	1	Pain Reported	NA	41.80966	-71.42098	FALSE	FALSE	Broad Street and Broad Street, Providence, RI, USA	NA	Raw	distance greater than 100m	TRUE	41.80966	-71.42098	2025	September	Elmwood
364	2025-09-09	927836	17:29:00	Pedestrian	1	NA	FALSE	FALSE	1	CANAL ST	SMITH ST	2025-09-09	One-Way Trafficway	Dry	Daylight	Clear	Not a Collision Between Two Motor Vehicles in Transport	Yes	Pavement Markings	1	0	No Injury	NA	41.83142	-71.41134	FALSE	FALSE	Canal Street and Smith Street, Providence, RI, USA	NA	Raw	NA	FALSE	41.83142	-71.41134	2025	September	Downtown
366	2025-09-10	927970	14:38:00	Pedestrian	1	NA	FALSE	FALSE	1	Smith St	ACADEMY AVE	2025-09-13	Two-Way, Divided, Unprotected (painted>4feet) Medium	Dry	Daylight	Clear	Not a Collision Between Two Motor Vehicles in Transport	No	No Controls	3	0	Unknown	NA	41.84296	-71.44605	FALSE	FALSE	Smith Street and Academy Ave, Providence, RI, USA	NA	Raw	NA	FALSE	41.84296	-71.44605	2025	September	Mount Pleasant
367	2025-09-11	927921	18:30:00	Bicycle	NA	1	FALSE	FALSE	1	CHARLES ST	CHARLES ST	2025-09-11	Two-Way , Not Divided	Dry	Daylight	Clear	Not a Collision Between Two Motor Vehicles in Transport	No	Pavement Markings	3	1	Pain Reported	NA	41.85623	-71.42092	FALSE	FALSE	Charles Street and Charles Street, Providence, RI, USA	NA	Raw	distance greater than 100m	TRUE	41.85623	-71.42092	2025	September	Charles
368	2025-09-12	927948	16:42:00	Other	NA	NA	TRUE	FALSE	2	MESSER ST	FORD ST	2025-09-12	Two-Way , Not Divided	Dry	Daylight	Clear	Angle (Front - to - Side) Right Angle (Includes Broadside)	No	Pavement Markings	4	1	Pain Reported	NA	41.81067	-71.43532	FALSE	FALSE	Messer Street and Ford Street, Providence, RI, USA	NA	Raw	NA	FALSE	41.81067	-71.43532	2025	September	West End
369	2025-09-12	927966	11:56:00	Other	NA	NA	TRUE	FALSE	2	Knight Street	WASHINGTON ST	2025-09-13	Two-Way, Divided, Positive Median Barrier	Dry	Daylight	Clear	Unknown	No	No Controls	3	1	Pain Reported	NA	41.8179	-71.42706	FALSE	FALSE	Knight Street and Washington Street, Providence, RI, USA	NA	Raw	NA	FALSE	41.8179	-71.42706	2025	September	Federal Hill
372	2025-09-13	927965	11:45:00	Pedestrian	1	NA	FALSE	FALSE	1	ALEPPO ST	MANTON AVE	2025-09-13	Two-Way , Not Divided	Dry	Daylight	Clear	Not a Collision Between Two Motor Vehicles in Transport	No	Stop Signs	3	1	Pain Reported	NA	41.81934	-71.44622	FALSE	FALSE	Aleppo Street and Manton Ave, Providence, RI, USA	NA	Raw	NA	FALSE	41.81934	-71.44622	2025	September	Olneyville
373	2025-09-13	927982	20:18:00	Pedestrian	1	NA	FALSE	FALSE	1	DOUGLAS AVE	ADMIRAL ST	2025-09-13	Two-Way , Not Divided	Dry	Dark - Lighted	Clear	Not a Collision Between Two Motor Vehicles in Transport	No	No Controls	2	1	Pain Reported	NA	41.84613	-71.42909	FALSE	FALSE	Douglas Ave and Admiral Street, Providence, RI, USA	NA	Raw	NA	FALSE	41.84613	-71.42909	2025	September	Wanskuck
374	2025-09-14	927983	00:30:00	Pedestrian	1	NA	FALSE	FALSE	1	PINEHURST AVE	CHAD BROWN ST	2025-09-14	Two-Way , Not Divided	Dry	Dark - Lighted	Clear	Not a Collision Between Two Motor Vehicles in Transport	No	No Controls	3	1	Non-Incapacitating	NA	41.83952	-71.4322	FALSE	FALSE	Pinehurst Ave and Chad Brown Street, Providence, RI, USA	NA	Raw	NA	FALSE	41.83952	-71.4322	2025	September	Elmhurst
375	2025-09-15	928045	14:26:00	Pedestrian	1	NA	FALSE	FALSE	1	STEWART ST	BROAD ST	2025-09-15	Two-Way , Not Divided	Dry	Daylight	Clear	Not a Collision Between Two Motor Vehicles in Transport	No	Traffic Control Signal	3	1	Pain Reported	NA	41.8169	-71.41794	FALSE	FALSE	Stewart Street and Broad Street, Providence, RI, USA	NA	Raw	NA	FALSE	41.8169	-71.41794	2025	September	Upper South Providence
377	2025-09-16	928159	16:08:00	Bicycle	NA	1	FALSE	FALSE	1	DOYLE AVE	HOPE ST	2025-09-16	Two-Way , Not Divided	Dry	Daylight	Clear	Not a Collision Between Two Motor Vehicles in Transport	No	Traffic Control Signal	3	1	Pain Reported	NA	41.83877	-71.4001	FALSE	FALSE	Doyle Ave and Hope Street, Providence, RI, USA	NA	Raw	NA	FALSE	41.83877	-71.4001	2025	September	Mount Hope
378	2025-09-16	928162	19:44:00	Pedestrian	1	NA	FALSE	FALSE	2	JILLSON ST	EDDY ST	2025-09-16	Two-Way , Not Divided	Dry	Dark - Lighted	Clear	Sidwswipe, Opposite Direction	No	No Controls	4	3	Non-Incapacitating	NA	41.79133	-71.40394	FALSE	FALSE	Jillson Street and Eddy Street, Providence, RI, USA	NA	Raw	NA	FALSE	41.79133	-71.40394	2025	September	Washington Park
379	2025-09-17	928189	10:41:00	Pedestrian	1	NA	FALSE	FALSE	1	ELMWOOD AVE	POTTERS AVE	2025-09-17	Two-Way , Not Divided	Dry	Daylight	Clear	Not a Collision Between Two Motor Vehicles in Transport	Yes	Traffic Control Signal	1	1	Pain Reported	3	41.80153	-71.42635	FALSE	FALSE	Elmwood Ave and Potters Ave, Providence, RI, USA	NA	Raw	NA	FALSE	41.80153	-71.42635	2025	September	West End
380	2025-09-17	928209	21:56:00	Pedestrian	1	NA	TRUE	FALSE	1	FRANCIS ST	DORRANCE ST	2025-09-17	Two-Way, Divided, Unprotected (painted>4feet) Medium	Wet	Dark - Lighted	Rain	Not a Collision Between Two Motor Vehicles in Transport	No	Traffic Control Signal	6	1	Pain Reported	NA	41.82483	-71.41419	FALSE	FALSE	Francis Street and Dorrance Street, Providence, RI, USA	NA	Raw	NA	FALSE	41.82483	-71.41419	2025	September	Downtown